entry_id,paper_id,publication_date,year
0,https://openalex.org/W2171347833,2001-01-02,2001
1,https://openalex.org/W2013866881,1972-12-08,1972
2,https://openalex.org/W2742071918,2017-08-02,2017
3,https://openalex.org/W2915934899,2019-01-01,2019
4,https://openalex.org/W2316026750,2016-03-22,2016
5,https://openalex.org/W3175438020,2021-03-25,2021
6,https://openalex.org/W2076775257,2002-01-01,2002
7,https://openalex.org/W2329485124,2015-09-23,2015
8,https://openalex.org/W899466010,1995-07-01,1995
9,https://openalex.org/W2603194473,2017-03-28,2017
10,https://openalex.org/W4403753768,2024-10-25,2024
11,https://openalex.org/W4401862775,2024-08-25,2024
12,https://openalex.org/W2793168168,2018-03-04,2018
13,https://openalex.org/W2979834153,2016-12-02,2016
14,https://openalex.org/W2394922553,1997-05-01,1997
15,https://openalex.org/W2068508310,2011-05-01,2011
16,https://openalex.org/W2001450875,2010-01-21,2010
17,https://openalex.org/W2019358602,1977-11-01,1977
18,https://openalex.org/W2325887297,2016-01-01,2016
19,https://openalex.org/W4401048106,2018-11-30,2018
20,https://openalex.org/W1490187857,1998-10-01,1998
21,https://openalex.org/W2425943490,1998-12-01,1998
22,https://openalex.org/W2031956893,1990-08-01,1990
23,https://openalex.org/W2351089173,2008-01-01,2008
24,https://openalex.org/W2323361082,2002-11-12,2002
25,https://openalex.org/W1459779121,2002-01-01,2002
26,https://openalex.org/W2978741911,2019-01-01,2019
27,https://openalex.org/W2334029858,2013-01-01,2013
28,https://openalex.org/W2062118668,2005-07-01,2005
29,https://openalex.org/W2084875068,2008-02-01,2008
30,https://openalex.org/W2320068467,2010-01-04,2010
31,https://openalex.org/W3174891819,2021-06-29,2021
32,https://openalex.org/W2136364651,2008-05-20,2008
33,https://openalex.org/W4396510530,2024-04-29,2024
34,https://openalex.org/W1974368790,2011-10-01,2011
35,https://openalex.org/W2550059140,2016-09-30,2016
36,https://openalex.org/W2030378875,2011-01-01,2011
37,https://openalex.org/W1546777811,2003-10-08,2003
38,https://openalex.org/W2356362775,2007-01-01,2007
39,https://openalex.org/W4353055391,2023-03-01,2023
40,https://openalex.org/W1971498735,2004-03-05,2004
41,https://openalex.org/W1509045375,1985-05-01,1985
42,https://openalex.org/W2791313856,2016-01-01,2016
43,https://openalex.org/W2565703423,2016-01-01,2016
44,https://openalex.org/W3126006076,2004-08-20,2004
45,https://openalex.org/W2524697856,2014-01-11,2014
46,https://openalex.org/W3201548439,2002-01-01,2002
47,https://openalex.org/W2908207208,2018-12-28,2018
48,https://openalex.org/W4308735993,2022-11-09,2022
49,https://openalex.org/W3097170523,2020-10-29,2020
50,https://openalex.org/W2286828229,2016-02-26,2016
51,https://openalex.org/W1980491499,2011-10-31,2011
52,https://openalex.org/W2947991145,2019-05-22,2019
53,https://openalex.org/W3175113239,2021-05-29,2021
54,https://openalex.org/W2728420507,2017-06-28,2017
55,https://openalex.org/W2292669995,2015-12-06,2015
56,https://openalex.org/W4285223237,2022-01-01,2022
57,https://openalex.org/W4401890587,2024-08-26,2024
58,https://openalex.org/W2170185915,2004-01-01,2004
59,https://openalex.org/W4288972361,2022-01-01,2022
60,https://openalex.org/W2101999971,2004-09-01,2004
61,https://openalex.org/W2401872800,1990-01-01,1990
62,https://openalex.org/W2004126654,1998-04-26,1998
63,https://openalex.org/W1588652812,2007-12-01,2007
64,https://openalex.org/W2014657724,2005-06-15,2005
65,https://openalex.org/W2391367943,2008-01-01,2008
66,https://openalex.org/W1492768223,2014-04-01,2014
67,https://openalex.org/W2789909988,2018-03-16,2018
68,https://openalex.org/W2338401152,2016-04-01,2016
69,https://openalex.org/W3192413641,2021-01-01,2021
70,https://openalex.org/W3006340846,2022-02-26,2022
71,https://openalex.org/W2171487630,2003-01-01,2003
72,https://openalex.org/W2080044089,2011-05-01,2011
73,https://openalex.org/W4237624294,1999-07-01,1999
74,https://openalex.org/W570555593,1984-01-01,1984
75,https://openalex.org/W2467617132,2005-04-01,2005
76,https://openalex.org/W3181596338,2021-07-10,2021
77,https://openalex.org/W2100191225,1992-08-01,1992
78,https://openalex.org/W2143681385,2006-08-22,2006
79,https://openalex.org/W2060621930,1973-07-01,1973
80,https://openalex.org/W4286668860,2022-07-23,2022
81,https://openalex.org/W2164372289,2004-06-01,2004
82,https://openalex.org/W4399477298,2024-06-10,2024
83,https://openalex.org/W608600187,1996-06-01,1996
84,https://openalex.org/W2035195478,2006-01-01,2006
85,https://openalex.org/W3214707091,2021-11-01,2021
86,https://openalex.org/W2026893793,2001-08-01,2001
87,https://openalex.org/W3199093905,2021-09-01,2021
88,https://openalex.org/W2470751319,1982-05-01,1982
89,https://openalex.org/W2012086017,2014-10-08,2014
90,https://openalex.org/W2058404941,1977-09-01,1977
91,https://openalex.org/W4404963740,2024-12-01,2024
92,https://openalex.org/W2081616117,2003-01-20,2003
93,https://openalex.org/W2107080287,2010-01-01,2010
94,https://openalex.org/W4310954030,2022-11-01,2022
95,https://openalex.org/W1980792478,2013-10-21,2013
96,https://openalex.org/W2117900501,2012-01-04,2012
97,https://openalex.org/W1961497476,1986-10-01,1986
98,https://openalex.org/W2047143679,1959-03-15,1959
99,https://openalex.org/W2895651895,2018-10-01,2018
100,https://openalex.org/W2795534239,2022-03-03,2022
101,https://openalex.org/W2089279117,2003-02-21,2003
102,https://openalex.org/W2092811160,1995-01-01,1995
103,https://openalex.org/W4312699875,2022-06-22,2022
104,https://openalex.org/W2070231479,1988-01-01,1988
105,https://openalex.org/W2365300141,2007-01-01,2007
106,https://openalex.org/W1606386682,2009-08-01,2009
107,https://openalex.org/W73255534,2006-05-24,2006
108,https://openalex.org/W4220918363,2022-03-14,2022
109,https://openalex.org/W2156225673,2013-07-15,2013
110,https://openalex.org/W2891373876,2018-07-01,2018
111,https://openalex.org/W2050031510,1992-02-01,1992
112,https://openalex.org/W2885104985,2018-07-01,2018
113,https://openalex.org/W2021349659,1981-01-01,1981
114,https://openalex.org/W2897795388,2005-01-01,2005
115,https://openalex.org/W2058123619,2012-03-22,2012
116,https://openalex.org/W4295914617,1969-12-31,1969
117,https://openalex.org/W3046377525,2020-07-31,2020
118,https://openalex.org/W2114803937,2009-09-14,2009
119,https://openalex.org/W1504541031,2006-09-01,2006
120,https://openalex.org/W1974675549,1988-04-01,1988
121,https://openalex.org/W2011203802,2007-11-13,2007
122,https://openalex.org/W2033123198,2008-08-27,2008
123,https://openalex.org/W3216349085,2021-07-20,2021
124,https://openalex.org/W2949282956,2020-01-07,2020
125,https://openalex.org/W1160605655,1995-04-28,1995
126,https://openalex.org/W2035999026,1987-05-01,1987
127,https://openalex.org/W2803319607,2018-01-22,2018
128,https://openalex.org/W2106973483,2014-08-25,2014
129,https://openalex.org/W2787786614,2018-01-01,2018
130,https://openalex.org/W1967598304,2004-07-27,2004
131,https://openalex.org/W4252661876,2006-01-01,2006
132,https://openalex.org/W2885335151,2018-07-01,2018
133,https://openalex.org/W2368673051,2004-01-01,2004
134,https://openalex.org/W2002367368,1998-01-01,1998
135,https://openalex.org/W2087896514,2014-01-01,2014
136,https://openalex.org/W2536471292,2002-11-13,2002
137,https://openalex.org/W2205684842,2003-01-01,2003
138,https://openalex.org/W1989493875,1980-02-15,1980
139,https://openalex.org/W3215419997,2021-11-01,2021
140,https://openalex.org/W3126806859,2021-02-06,2021
141,https://openalex.org/W213623995,2019-08-24,2019
142,https://openalex.org/W1796823929,2007-07-16,2007
143,https://openalex.org/W2050543992,2012-11-21,2012
144,https://openalex.org/W3204167724,2021-09-30,2021
145,https://openalex.org/W2625389800,2017-06-01,2017
146,https://openalex.org/W2767334509,2017-11-01,2017
147,https://openalex.org/W3023888219,2020-04-28,2020
148,https://openalex.org/W2897676853,2018-10-01,2018
149,https://openalex.org/W4388273567,2023-10-25,2023
150,https://openalex.org/W2050358181,2013-03-07,2013
151,https://openalex.org/W2756697892,2002-12-19,2002
152,https://openalex.org/W2096258063,2013-03-28,2013
153,https://openalex.org/W2049828355,2013-01-01,2013
154,https://openalex.org/W2108130372,2004-06-23,2004
155,https://openalex.org/W2774762888,2017-12-04,2017
156,https://openalex.org/W4412493379,2025-07-17,2025
157,https://openalex.org/W3112446630,2020-12-12,2020
158,https://openalex.org/W1985168361,1983-12-22,1983
159,https://openalex.org/W4312097856,2022-12-22,2022
160,https://openalex.org/W2071742653,2014-01-01,2014
161,https://openalex.org/W2970277047,2019-05-04,2019
162,https://openalex.org/W2000625944,1979-01-01,1979
163,https://openalex.org/W3093534034,2020-01-01,2020
164,https://openalex.org/W2295585505,2014-09-08,2014
165,https://openalex.org/W1978725557,2005-03-01,2005
166,https://openalex.org/W2473403234,2025-07-14,2025
167,https://openalex.org/W2555440268,2015-01-01,2015
168,https://openalex.org/W2519009585,2012-12-01,2012
169,https://openalex.org/W1972631149,2010-08-01,2010
170,https://openalex.org/W2029510086,1970-01-01,1970
171,https://openalex.org/W2181731752,2011-10-01,2011
172,https://openalex.org/W2091458895,2013-12-07,2013
173,https://openalex.org/W2353369436,2011-01-01,2011
174,https://openalex.org/W2353731818,2005-01-01,2005
175,https://openalex.org/W4240061343,2004-01-01,2004
176,https://openalex.org/W3091852380,2020-08-01,2020
177,https://openalex.org/W7045760459,1992-01-01,1992
178,https://openalex.org/W2994251745,2019-11-30,2019
179,https://openalex.org/W2562753939,2015-01-01,2015
180,https://openalex.org/W3186133257,2021-07-24,2021
181,https://openalex.org/W2970639191,2019-08-28,2019
182,https://openalex.org/W3005325413,2020-02-05,2020
183,https://openalex.org/W2100536962,2000-03-01,2000
184,https://openalex.org/W2809653371,2018-06-20,2018
185,https://openalex.org/W2091089372,2014-01-01,2014
186,https://openalex.org/W2912393079,2018-12-20,2018
187,https://openalex.org/W2082812462,2013-08-22,2013
188,https://openalex.org/W2528884007,2009-03-09,2009
189,https://openalex.org/W2913101416,2019-02-05,2019
190,https://openalex.org/W2980006740,2019-10-07,2019
191,https://openalex.org/W2078771170,2013-02-22,2013
192,https://openalex.org/W2154080178,2011-12-09,2011
193,https://openalex.org/W2917301053,2019-02-01,2019
194,https://openalex.org/W2516946209,2016-01-01,2016
195,https://openalex.org/W2069806761,2008-08-04,2008
196,https://openalex.org/W4296874946,2022-01-01,2022
197,https://openalex.org/W2066559889,1956-05-01,1956
198,https://openalex.org/W1970536528,2008-03-12,2008
199,https://openalex.org/W2052539937,2014-01-01,2014
200,https://openalex.org/W2130452454,2010-09-08,2010
201,https://openalex.org/W2014027580,2015-03-30,2015
202,https://openalex.org/W3208737884,2021-11-01,2021
203,https://openalex.org/W2583977619,2017-01-01,2017
204,https://openalex.org/W2051845225,2007-01-01,2007
205,https://openalex.org/W3158191913,2021-05-02,2021
206,https://openalex.org/W3177801163,2021-07-03,2021
207,https://openalex.org/W2908228793,2013-01-01,2013
208,https://openalex.org/W3148383665,2021-03-30,2021
209,https://openalex.org/W3022858681,2020-04-01,2020
210,https://openalex.org/W1621220271,1980-05-01,1980
211,https://openalex.org/W1984523268,2014-08-01,2014
212,https://openalex.org/W2113427248,2006-10-01,2006
213,https://openalex.org/W2993490189,2000-03-21,2000
214,https://openalex.org/W2088673490,1985-03-01,1985
215,https://openalex.org/W4366463267,2023-04-20,2023
216,https://openalex.org/W3033332516,2020-06-05,2020
217,https://openalex.org/W3092354405,2020-10-06,2020
218,https://openalex.org/W1990642123,2010-11-01,2010
219,https://openalex.org/W2782431185,2018-01-04,2018
220,https://openalex.org/W1993511448,2013-12-26,2013
221,https://openalex.org/W4313354152,1978-05-01,1978
222,https://openalex.org/W2174364750,2015-11-30,2015
223,https://openalex.org/W2101170673,2004-05-01,2004
224,https://openalex.org/W1975905332,2003-03-01,2003
225,https://openalex.org/W2935878225,2012-04-19,2012
226,https://openalex.org/W2094093309,2005-12-19,2005
227,https://openalex.org/W2404195710,1979-12-01,1979
228,https://openalex.org/W2132472890,2008-01-01,2008
229,https://openalex.org/W2351659566,2012-01-01,2012
230,https://openalex.org/W2063846991,1939-04-01,1939
231,https://openalex.org/W2093987286,2006-01-01,2006
232,https://openalex.org/W2582315395,2017-01-01,2017
233,https://openalex.org/W2908878407,2019-01-01,2019
234,https://openalex.org/W2123670418,2001-09-03,2001
235,https://openalex.org/W2157952841,2002-01-01,2002
236,https://openalex.org/W2018998367,1963-08-01,1963
237,https://openalex.org/W2149662540,2006-01-01,2006
238,https://openalex.org/W2391165915,2007-01-01,2007
239,https://openalex.org/W4253299505,2003-01-01,2003
240,https://openalex.org/W4229916047,1965-07-01,1965
241,https://openalex.org/W2181367659,2007-01-01,2007
242,https://openalex.org/W2029287311,1991-07-01,1991
243,https://openalex.org/W2414168629,2015-09-01,2015
244,https://openalex.org/W2950402544,2008-08-22,2008
245,https://openalex.org/W2936336033,2019-04-18,2019
246,https://openalex.org/W2159954049,2002-04-01,2002
247,https://openalex.org/W2416133443,1998-05-01,1998
248,https://openalex.org/W1965893732,1990-09-01,1990
249,https://openalex.org/W2237731699,2014-02-25,2014
250,https://openalex.org/W2952602900,2019-06-19,2019
251,https://openalex.org/W4388937696,2023-07-06,2023
252,https://openalex.org/W2014010145,1966-09-01,1966
253,https://openalex.org/W1692796338,2002-01-01,2002
254,https://openalex.org/W4285218789,2022-01-01,2022
255,https://openalex.org/W4241662211,1995-09-20,1995
256,https://openalex.org/W4231718524,2021-06-01,2021
257,https://openalex.org/W4200254624,2021-10-01,2021
258,https://openalex.org/W809908067,2004-12-01,2004
259,https://openalex.org/W2885145541,2018-08-09,2018
260,https://openalex.org/W4286485285,2022-07-22,2022
261,https://openalex.org/W4320083225,2022-01-01,2022
262,https://openalex.org/W2938607640,2019-01-01,2019
263,https://openalex.org/W4377972219,2022-12-09,2022
264,https://openalex.org/W2281533936,2015-06-30,2015
265,https://openalex.org/W3116807388,2021-01-01,2021
266,https://openalex.org/W1990150566,2005-06-01,2005
267,https://openalex.org/W1630537031,2014-03-01,2014
268,https://openalex.org/W2526763622,2010-01-01,2010
269,https://openalex.org/W1966872297,2012-02-21,2012
270,https://openalex.org/W4389627446,2023-12-12,2023
271,https://openalex.org/W2914796154,2018-12-30,2018
272,https://openalex.org/W2168202045,2011-08-17,2011
273,https://openalex.org/W3023113355,2005-08-22,2005
274,https://openalex.org/W2402437913,2016-04-01,2016
275,https://openalex.org/W4232513542,2021-05-18,2021
276,https://openalex.org/W2140530360,2003-08-01,2003
277,https://openalex.org/W2134316053,2010-10-01,2010
278,https://openalex.org/W2113686079,2008-01-01,2008
279,https://openalex.org/W2111983168,2000-03-01,2000
280,https://openalex.org/W4206074876,2022-01-01,2022
281,https://openalex.org/W1989051182,2002-03-15,2002
282,https://openalex.org/W4405323738,2024-12-02,2024
283,https://openalex.org/W3182602285,2020-11-03,2020
284,https://openalex.org/W4409111608,2025-04-01,2025
285,https://openalex.org/W2095200489,1969-11-01,1969
286,https://openalex.org/W2618213140,2017-05-26,2017
287,https://openalex.org/W978140055,2005-01-01,2005
288,https://openalex.org/W2001087885,1983-05-01,1983
289,https://openalex.org/W2128770344,1999-01-01,1999
290,https://openalex.org/W2160041463,1956-06-01,1956
291,https://openalex.org/W2400850190,1992-01-01,1992
292,https://openalex.org/W991509731,1994-01-01,1994
293,https://openalex.org/W2076273669,2013-10-31,2013
294,https://openalex.org/W2793519403,2018-03-01,2018
295,https://openalex.org/W2244356475,1988-10-21,1988
296,https://openalex.org/W2107296781,1979-08-01,1979
297,https://openalex.org/W4313171252,2022-12-13,2022
298,https://openalex.org/W2098347847,2000-08-01,2000
299,https://openalex.org/W2083768554,1998-10-09,1998
300,https://openalex.org/W4410833365,2025-05-28,2025
301,https://openalex.org/W1989579462,2004-09-01,2004
302,https://openalex.org/W2141561503,2004-12-29,2004
303,https://openalex.org/W4403494313,2024-10-17,2024
304,https://openalex.org/W2032163832,2006-06-12,2006
305,https://openalex.org/W2917375599,2019-02-26,2019
306,https://openalex.org/W4214854203,2022-03-01,2022
307,https://openalex.org/W2019876906,2007-05-01,2007
308,https://openalex.org/W2064082217,2011-09-01,2011
309,https://openalex.org/W2068507120,2014-01-01,2014
310,https://openalex.org/W4402379094,2024-09-08,2024
311,https://openalex.org/W3036912230,2020-01-01,2020
312,https://openalex.org/W4403242288,2024-10-09,2024
313,https://openalex.org/W1903717151,1989-02-01,1989
314,https://openalex.org/W4391303494,2024-01-29,2024
315,https://openalex.org/W2535798284,2008-10-01,2008
316,https://openalex.org/W2070239699,2009-04-01,2009
317,https://openalex.org/W2577072812,2015-11-30,2015
318,https://openalex.org/W2003085044,1985-09-01,1985
319,https://openalex.org/W131645628,2012-01-01,2012
320,https://openalex.org/W2379969136,2008-01-01,2008
321,https://openalex.org/W2594438001,2017-03-10,2017
322,https://openalex.org/W1560567595,2007-11-01,2007
323,https://openalex.org/W2061017524,1974-02-16,1974
324,https://openalex.org/W1971979886,2008-08-29,2008
325,https://openalex.org/W2078845296,2007-03-01,2007
326,https://openalex.org/W2089561096,2013-06-10,2013
327,https://openalex.org/W3208465999,2021-09-20,2021
328,https://openalex.org/W1486414742,1990-11-01,1990
329,https://openalex.org/W4384133508,2023-07-12,2023
330,https://openalex.org/W2028802574,2012-05-07,2012
331,https://openalex.org/W4205225185,2022-01-09,2022
332,https://openalex.org/W2090717765,2002-12-28,2002
333,https://openalex.org/W2060468038,1981-03-01,1981
334,https://openalex.org/W1995917012,1949-03-01,1949
335,https://openalex.org/W2971073880,2020-06-01,2020
336,https://openalex.org/W1417957957,1988-01-01,1988
337,https://openalex.org/W4307409115,2022-10-18,2022
338,https://openalex.org/W2011643017,2007-12-20,2007
339,https://openalex.org/W2064996709,2000-01-01,2000
340,https://openalex.org/W1557665610,2006-01-01,2006
341,https://openalex.org/W2148915027,1989-09-01,1989
342,https://openalex.org/W2959206657,2018-12-08,2018
343,https://openalex.org/W4380991471,2023-06-16,2023
344,https://openalex.org/W4407563450,2025-02-13,2025
345,https://openalex.org/W2063859240,2011-03-23,2011
346,https://openalex.org/W2050332499,1967-02-01,1967
347,https://openalex.org/W4255191645,1999-01-01,1999
348,https://openalex.org/W2564010705,2016-10-01,2016
349,https://openalex.org/W4224217813,2022-04-22,2022
350,https://openalex.org/W1975367825,2014-03-11,2014
351,https://openalex.org/W1820236015,2007-01-01,2007
352,https://openalex.org/W4391679981,2024-02-09,2024
353,https://openalex.org/W2578448634,2017-01-01,2017
354,https://openalex.org/W2758878283,2017-01-01,2017
355,https://openalex.org/W4291008891,2022-08-11,2022
356,https://openalex.org/W2068857175,2010-05-06,2010
357,https://openalex.org/W2070585695,2014-01-01,2014
358,https://openalex.org/W2159777969,2005-01-01,2005
359,https://openalex.org/W2898181357,2018-10-25,2018
360,https://openalex.org/W2159560033,2015-01-01,2015
361,https://openalex.org/W2348920469,2016-05-13,2016
362,https://openalex.org/W2064251451,1987-01-01,1987
363,https://openalex.org/W4224938567,2022-04-27,2022
364,https://openalex.org/W2396552128,2013-08-25,2013
365,https://openalex.org/W3184268401,2021-07-23,2021
366,https://openalex.org/W2468170412,2016-06-30,2016
367,https://openalex.org/W2001936671,2000-08-08,2000
368,https://openalex.org/W2156541239,2005-08-18,2005
369,https://openalex.org/W2314607323,2011-01-01,2011
370,https://openalex.org/W4399412652,2024-06-06,2024
371,https://openalex.org/W2093845460,1974-06-01,1974
372,https://openalex.org/W2005025265,2004-01-01,2004
373,https://openalex.org/W2016339031,2007-03-26,2007
374,https://openalex.org/W1902670843,2006-09-01,2006
375,https://openalex.org/W2789603457,2018-04-25,2018
376,https://openalex.org/W3007249673,1982-01-01,1982
377,https://openalex.org/W4402278678,2022-03-01,2022
378,https://openalex.org/W2940843937,2019-04-23,2019
379,https://openalex.org/W2963166896,2018-01-01,2018
380,https://openalex.org/W2076513413,1975-03-01,1975
381,https://openalex.org/W2321679166,2011-01-01,2011
382,https://openalex.org/W3126042854,2020-10-27,2020
383,https://openalex.org/W2978374674,2019-10-01,2019
384,https://openalex.org/W3153989856,2020-01-01,2020
385,https://openalex.org/W3157434688,2021-08-27,2021
386,https://openalex.org/W2466392678,2009-07-01,2009
387,https://openalex.org/W2254316573,2016-02-04,2016
388,https://openalex.org/W2334803043,2003-01-01,2003
389,https://openalex.org/W4243246727,2011-12-16,2011
390,https://openalex.org/W4401953744,2024-08-28,2024
391,https://openalex.org/W1627783114,2015-06-12,2015
392,https://openalex.org/W2066164255,2014-01-01,2014
393,https://openalex.org/W2566248419,2016-12-19,2016
394,https://openalex.org/W2908174161,2018-10-01,2018
395,https://openalex.org/W3113833338,2020-10-16,2020
396,https://openalex.org/W2061428226,2004-01-22,2004
397,https://openalex.org/W611207818,2002-01-01,2002
398,https://openalex.org/W7020378768,1999-01-01,1999
399,https://openalex.org/W2318851179,1981-01-01,1981
400,https://openalex.org/W2147890406,2011-04-01,2011
401,https://openalex.org/W2136329206,2014-01-01,2014
402,https://openalex.org/W2113566557,2002-03-12,2002
403,https://openalex.org/W1943196152,2000-02-01,2000
404,https://openalex.org/W2028033407,2012-09-01,2012
405,https://openalex.org/W2004001743,1989-07-01,1989
406,https://openalex.org/W2154807788,1998-02-01,1998
407,https://openalex.org/W2029066112,2010-11-01,2010
408,https://openalex.org/W2501626221,2013-01-01,2013
409,https://openalex.org/W2044971671,2007-07-31,2007
410,https://openalex.org/W2810843202,2017-09-12,2017
411,https://openalex.org/W1971902633,2014-06-01,2014
412,https://openalex.org/W1992310059,2006-01-01,2006
413,https://openalex.org/W2903688512,2018-09-25,2018
414,https://openalex.org/W2028070486,2015-03-06,2015
415,https://openalex.org/W2044542088,2012-09-27,2012
416,https://openalex.org/W4390943443,2024-01-17,2024
417,https://openalex.org/W3084378362,2020-01-01,2020
418,https://openalex.org/W1981009593,2003-09-01,2003
419,https://openalex.org/W2783019702,2016-03-30,2016
420,https://openalex.org/W2997190702,2020-01-03,2020
421,https://openalex.org/W1999285551,1999-09-25,1999
422,https://openalex.org/W1986449818,2007-10-01,2007
423,https://openalex.org/W4390002285,2023-01-01,2023
424,https://openalex.org/W1989372072,1985-04-01,1985
425,https://openalex.org/W2408844688,1998-07-01,1998
426,https://openalex.org/W2428217996,2017-02-03,2017
427,https://openalex.org/W3003429224,2020-01-30,2020
428,https://openalex.org/W2999405887,2020-01-17,2020
429,https://openalex.org/W4237846245,2019-11-21,2019
430,https://openalex.org/W1542318124,2012-01-18,2012
431,https://openalex.org/W2061415491,2010-02-16,2010
432,https://openalex.org/W4409347087,2025-04-11,2025
433,https://openalex.org/W2046811860,2009-08-18,2009
434,https://openalex.org/W2466243815,1995-04-01,1995
435,https://openalex.org/W2126374640,2014-10-15,2014
436,https://openalex.org/W2136703956,2007-10-04,2007
437,https://openalex.org/W2530987698,2016-06-06,2016
438,https://openalex.org/W2595885526,2012-10-01,2012
439,https://openalex.org/W4200030757,2021-12-20,2021
440,https://openalex.org/W2122931372,2003-10-15,2003
441,https://openalex.org/W2891803919,2018-08-01,2018
442,https://openalex.org/W3025604908,2020-03-01,2020
443,https://openalex.org/W2045082812,1982-01-01,1982
444,https://openalex.org/W3121972076,2021-01-21,2021
445,https://openalex.org/W4308834707,2022-11-11,2022
446,https://openalex.org/W2725693443,2017-07-01,2017
447,https://openalex.org/W2783348747,2018-01-08,2018
448,https://openalex.org/W1983429602,2007-04-28,2007
449,https://openalex.org/W2023507218,2012-01-17,2012
450,https://openalex.org/W2078000981,2009-03-24,2009
451,https://openalex.org/W2104698360,2002-11-11,2002
452,https://openalex.org/W2333109753,2014-10-11,2014
453,https://openalex.org/W2086546074,1997-03-01,1997
454,https://openalex.org/W4391354382,2024-01-30,2024
455,https://openalex.org/W7066484457,2022-07-21,2022
456,https://openalex.org/W66156882,2000-01-01,2000
457,https://openalex.org/W2146621172,2012-05-12,2012
458,https://openalex.org/W2030511495,1997-05-01,1997
459,https://openalex.org/W2599151800,2016-09-01,2016
460,https://openalex.org/W1967223097,2006-09-01,2006
461,https://openalex.org/W4283323347,2022-06-19,2022
462,https://openalex.org/W2000166867,1994-01-01,1994
463,https://openalex.org/W4405153380,2024-12-08,2024
464,https://openalex.org/W3207098420,2021-09-10,2021
465,https://openalex.org/W4299811687,2013-03-27,2013
466,https://openalex.org/W2093625784,2012-09-10,2012
467,https://openalex.org/W1519849653,2010-04-08,2010
468,https://openalex.org/W4403279057,2024-09-01,2024
469,https://openalex.org/W4246281683,2016-01-01,2016
470,https://openalex.org/W2152386996,2009-11-01,2009
471,https://openalex.org/W2029980535,2008-08-07,2008
472,https://openalex.org/W2081413497,1971-01-01,1971
473,https://openalex.org/W3126393513,2021-01-01,2021
474,https://openalex.org/W2062765198,2010-01-01,2010
475,https://openalex.org/W2103190442,1998-03-01,1998
476,https://openalex.org/W1969709329,2006-12-26,2006
477,https://openalex.org/W2261442271,2015-01-01,2015
478,https://openalex.org/W1981680129,1956-01-01,1956
479,https://openalex.org/W2766884506,2017-10-24,2017
480,https://openalex.org/W4220892867,2022-03-01,2022
481,https://openalex.org/W2044832707,1997-05-01,1997
482,https://openalex.org/W2975859535,2017-08-26,2017
483,https://openalex.org/W2127096583,2000-08-01,2000
484,https://openalex.org/W4404533305,2024-11-21,2024
485,https://openalex.org/W2074094407,2004-04-15,2004
486,https://openalex.org/W2926595850,2025-09-09,2025
487,https://openalex.org/W2084878396,1981-12-01,1981
488,https://openalex.org/W4390055976,2023-12-21,2023
489,https://openalex.org/W2033983619,2015-10-17,2015
490,https://openalex.org/W2529727302,2016-10-01,2016
491,https://openalex.org/W4320081870,1970-01-01,1970
492,https://openalex.org/W2557922677,2016-06-01,2016
493,https://openalex.org/W2050105337,1992-02-01,1992
494,https://openalex.org/W2031471005,2012-01-01,2012
495,https://openalex.org/W4387159753,2023-09-30,2023
496,https://openalex.org/W2124743567,2006-12-01,2006
497,https://openalex.org/W2157112332,2014-11-28,2014
498,https://openalex.org/W2066813507,2008-10-23,2008
499,https://openalex.org/W4285724925,2022-07-18,2022
500,https://openalex.org/W2734546066,2017-05-01,2017
501,https://openalex.org/W2124676934,2002-11-07,2002
502,https://openalex.org/W4409285925,2025-04-09,2025
503,https://openalex.org/W1994246769,2007-06-01,2007
504,https://openalex.org/W3159027287,2021-05-05,2021
505,https://openalex.org/W4235967430,2005-01-01,2005
506,https://openalex.org/W2347417505,2012-01-01,2012
507,https://openalex.org/W2805643535,2018-01-01,2018
508,https://openalex.org/W2188584979,2011-01-01,2011
509,https://openalex.org/W4294190217,2022-09-01,2022
510,https://openalex.org/W1965776119,2002-02-28,2002
511,https://openalex.org/W2529191575,2020-12-17,2020
512,https://openalex.org/W4225142319,2022-04-29,2022
513,https://openalex.org/W3038474036,2020-06-29,2020
514,https://openalex.org/W1994711755,2012-11-01,2012
515,https://openalex.org/W1992454424,2006-07-10,2006
516,https://openalex.org/W2405333646,1979-06-01,1979
517,https://openalex.org/W2180399634,2015-11-19,2015
518,https://openalex.org/W4313175211,2022-01-01,2022
519,https://openalex.org/W2170263563,2013-01-01,2013
520,https://openalex.org/W1761857832,2015-08-14,2015
521,https://openalex.org/W1966548634,2010-01-01,2010
522,https://openalex.org/W4321350227,2023-02-20,2023
523,https://openalex.org/W2406187073,1992-07-01,1992
524,https://openalex.org/W2096268993,2015-02-12,2015
525,https://openalex.org/W2018141968,1997-07-21,1997
526,https://openalex.org/W2149037311,2013-07-29,2013
527,https://openalex.org/W2352770356,2009-01-01,2009
528,https://openalex.org/W4393666402,2023-01-01,2023
529,https://openalex.org/W2292842077,1986-01-01,1986
530,https://openalex.org/W2000339562,1990-10-01,1990
531,https://openalex.org/W4404140421,2024-11-06,2024
532,https://openalex.org/W2021454930,2008-04-30,2008
533,https://openalex.org/W4245819768,2006-04-01,2006
534,https://openalex.org/W2034674838,2010-10-01,2010
535,https://openalex.org/W2562408424,2017-01-02,2017
536,https://openalex.org/W2148457861,2007-05-01,2007
537,https://openalex.org/W2021428609,1996-01-01,1996
538,https://openalex.org/W1998041663,1981-05-01,1981
539,https://openalex.org/W1965306466,2012-05-21,2012
540,https://openalex.org/W2007251200,1993-04-01,1993
541,https://openalex.org/W1545428941,2004-09-16,2004
542,https://openalex.org/W1644164792,2008-11-01,2008
543,https://openalex.org/W4391598722,2024-02-07,2024
544,https://openalex.org/W2049755797,1971-01-01,1971
545,https://openalex.org/W1991765515,1982-05-01,1982
546,https://openalex.org/W1995845164,2015-01-01,2015
547,https://openalex.org/W2075622566,2000-01-04,2000
548,https://openalex.org/W2611241975,2017-05-02,2017
549,https://openalex.org/W2066408908,1983-08-01,1983
550,https://openalex.org/W2082600364,2014-12-15,2014
551,https://openalex.org/W3099603374,2022-03-04,2022
552,https://openalex.org/W327744350,2002-01-01,2002
553,https://openalex.org/W4414993413,2025-10-09,2025
554,https://openalex.org/W4312383213,1976-01-01,1976
555,https://openalex.org/W2097429812,2005-12-10,2005
556,https://openalex.org/W3021807044,2020-04-30,2020
557,https://openalex.org/W3217294114,2017-01-01,2017
558,https://openalex.org/W2988011813,2019-01-01,2019
559,https://openalex.org/W2347989867,2007-01-01,2007
560,https://openalex.org/W1489323177,2011-11-09,2011
561,https://openalex.org/W1620156897,2015-01-01,2015
562,https://openalex.org/W2274480583,2015-09-10,2015
563,https://openalex.org/W4410137054,1985-01-01,1985
564,https://openalex.org/W2081311058,2015-04-29,2015
565,https://openalex.org/W2280811131,1995-11-01,1995
566,https://openalex.org/W4376138838,2023-05-11,2023
567,https://openalex.org/W2887808835,2018-11-01,2018
568,https://openalex.org/W2587647969,2016-12-01,2016
569,https://openalex.org/W3093298545,2020-10-19,2020
570,https://openalex.org/W2080799792,2001-01-01,2001
571,https://openalex.org/W4283778048,2022-07-01,2022
572,https://openalex.org/W3138026515,2021-03-10,2021
573,https://openalex.org/W2014745688,2009-01-01,2009
574,https://openalex.org/W1980635043,1984-02-01,1984
575,https://openalex.org/W2586322869,2017-02-07,2017
576,https://openalex.org/W2019949784,1999-07-01,1999
577,https://openalex.org/W4394868596,2022-03-01,2022
578,https://openalex.org/W2062385577,1974-05-01,1974
579,https://openalex.org/W2041662520,2009-01-01,2009
580,https://openalex.org/W2050362332,1978-01-01,1978
581,https://openalex.org/W4402409277,2024-09-10,2024
582,https://openalex.org/W3121315821,2019-05-07,2019
583,https://openalex.org/W3203335979,2021-10-01,2021
584,https://openalex.org/W2033998941,1999-06-01,1999
585,https://openalex.org/W2113952960,2009-10-12,2009
586,https://openalex.org/W4388498178,2023-11-08,2023
587,https://openalex.org/W3087962294,2020-06-01,2020
588,https://openalex.org/W3096090748,2020-10-31,2020
589,https://openalex.org/W1593748280,2002-01-01,2002
590,https://openalex.org/W4393029226,2023-12-30,2023
591,https://openalex.org/W224537298,2005-09-01,2005
592,https://openalex.org/W2474934775,2016-05-01,2016
593,https://openalex.org/W2275286308,2015-08-12,2015
594,https://openalex.org/W2417615202,1989-07-01,1989
595,https://openalex.org/W2263174178,2001-07-01,2001
596,https://openalex.org/W3033470778,2020-04-01,2020
597,https://openalex.org/W2025698938,2012-01-12,2012
598,https://openalex.org/W2581007665,2015-01-01,2015
599,https://openalex.org/W3007611035,2019-06-01,2019
600,https://openalex.org/W137082941,1951-03-01,1951
601,https://openalex.org/W2316577936,1973-01-01,1973
602,https://openalex.org/W3003950459,2020-01-25,2020
603,https://openalex.org/W3115972240,2020-12-23,2020
604,https://openalex.org/W2479460831,1984-01-01,1984
605,https://openalex.org/W2062682928,2013-07-22,2013
606,https://openalex.org/W3170977399,2021-06-07,2021
607,https://openalex.org/W2023214515,1990-07-01,1990
608,https://openalex.org/W2126238843,2005-12-01,2005
609,https://openalex.org/W1995543324,2011-08-11,2011
610,https://openalex.org/W4360840098,2023-03-24,2023
611,https://openalex.org/W2277309839,1992-02-01,1992
612,https://openalex.org/W2040080066,1995-08-18,1995
613,https://openalex.org/W2267932547,2004-02-01,2004
614,https://openalex.org/W3164600687,2021-05-31,2021
615,https://openalex.org/W3016149043,2020-01-01,2020
616,https://openalex.org/W1907243077,2013-01-01,2013
617,https://openalex.org/W2118303306,2005-01-01,2005
618,https://openalex.org/W2008388327,2010-09-01,2010
619,https://openalex.org/W2414521197,1985-09-01,1985
620,https://openalex.org/W2111863045,1978-07-01,1978
621,https://openalex.org/W4220993410,2022-03-23,2022
622,https://openalex.org/W2593462456,2013-01-01,2013
623,https://openalex.org/W1976501903,2002-08-01,2002
624,https://openalex.org/W2080444296,2005-01-01,2005
625,https://openalex.org/W4309376691,2022-11-18,2022
626,https://openalex.org/W2110746581,2002-06-01,2002
627,https://openalex.org/W2078894796,1996-02-01,1996
628,https://openalex.org/W3082313403,2020-10-01,2020
629,https://openalex.org/W2581223825,2016-01-01,2016
630,https://openalex.org/W2147641795,2005-04-01,2005
631,https://openalex.org/W2109150950,1992-03-01,1992
632,https://openalex.org/W3126234150,2020-10-19,2020
633,https://openalex.org/W4239427074,2020-07-27,2020
634,https://openalex.org/W2087295119,1967-07-01,1967
635,https://openalex.org/W2085989093,2012-05-01,2012
636,https://openalex.org/W2131880580,1989-03-01,1989
637,https://openalex.org/W2087668956,1993-12-01,1993
638,https://openalex.org/W4312598981,2022-08-08,2022
639,https://openalex.org/W2012428770,1990-11-01,1990
640,https://openalex.org/W2163267480,1999-10-01,1999
641,https://openalex.org/W2083257138,1990-12-01,1990
642,https://openalex.org/W216410140,2012-01-01,2012
643,https://openalex.org/W3092579663,2020-08-10,2020
644,https://openalex.org/W2969709998,2015-05-06,2015
645,https://openalex.org/W3003640506,2020-01-28,2020
646,https://openalex.org/W3040487373,2020-06-29,2020
647,https://openalex.org/W3095332591,2020-11-03,2020
648,https://openalex.org/W2264233339,2016-02-03,2016
649,https://openalex.org/W4393326636,2023-07-15,2023
650,https://openalex.org/W2523839822,2016-09-01,2016
651,https://openalex.org/W2027422228,1963-11-01,1963
652,https://openalex.org/W2943081444,2018-01-01,2018
653,https://openalex.org/W2138913538,1999-05-19,1999
654,https://openalex.org/W4391377027,2024-05-11,2024
655,https://openalex.org/W2033341753,2012-11-12,2012
656,https://openalex.org/W88163481,2010-01-01,2010
657,https://openalex.org/W4401365506,2024-01-01,2024
658,https://openalex.org/W2171882133,2008-04-21,2008
659,https://openalex.org/W2121633911,1997-01-01,1997
660,https://openalex.org/W12786025,2004-10-12,2004
661,https://openalex.org/W2015184974,2005-01-01,2005
662,https://openalex.org/W2953576126,2019-06-19,2019
663,https://openalex.org/W4289341015,2022-08-01,2022
664,https://openalex.org/W4386052211,2023-08-01,2023
665,https://openalex.org/W3024035617,2012-10-01,2012
666,https://openalex.org/W2088381853,1974-01-01,1974
667,https://openalex.org/W1997660768,1955-01-01,1955
668,https://openalex.org/W4390870984,2024-01-15,2024
669,https://openalex.org/W3154193679,2021-04-13,2021
670,https://openalex.org/W4282919163,2022-06-14,2022
671,https://openalex.org/W2096664630,2013-07-24,2013
672,https://openalex.org/W2117935416,2011-08-01,2011
673,https://openalex.org/W2011501228,2012-08-01,2012
674,https://openalex.org/W2346390590,2015-01-01,2015
675,https://openalex.org/W2810619655,2018-07-02,2018
676,https://openalex.org/W2968967474,2019-08-10,2019
677,https://openalex.org/W2413411899,2007-01-01,2007
678,https://openalex.org/W2057702453,1989-08-10,1989
679,https://openalex.org/W2045275207,2002-12-01,2002
680,https://openalex.org/W1971135064,2009-02-10,2009
681,https://openalex.org/W3124750850,2021-01-17,2021
682,https://openalex.org/W756372061,1991-10-01,1991
683,https://openalex.org/W1589205765,2012-05-23,2012
684,https://openalex.org/W40268261,1974-12-01,1974
685,https://openalex.org/W4247885495,2008-01-01,2008
686,https://openalex.org/W2241267478,1995-04-01,1995
687,https://openalex.org/W2316468345,1957-06-01,1957
688,https://openalex.org/W4247171111,2021-09-09,2021
689,https://openalex.org/W4322618369,2023-03-01,2023
690,https://openalex.org/W72325480,1996-01-01,1996
691,https://openalex.org/W2948401414,2019-06-03,2019
692,https://openalex.org/W2098886901,2008-08-01,2008
693,https://openalex.org/W166200932,2008-01-01,2008
694,https://openalex.org/W2147451250,2007-11-07,2007
695,https://openalex.org/W4382584175,2023-06-27,2023
696,https://openalex.org/W2032298602,1971-08-01,1971
697,https://openalex.org/W2096420618,2014-11-27,2014
698,https://openalex.org/W2098106478,2002-05-01,2002
699,https://openalex.org/W2978585042,2019-09-30,2019
700,https://openalex.org/W3097818497,2020-11-04,2020
701,https://openalex.org/W2046523915,2008-11-19,2008
702,https://openalex.org/W2227749851,1989-04-01,1989
703,https://openalex.org/W60332087,2011-01-29,2011
704,https://openalex.org/W2903015125,2018-06-04,2018
705,https://openalex.org/W2125034838,2013-04-30,2013
706,https://openalex.org/W4404370919,2024-11-14,2024
707,https://openalex.org/W3015009345,2020-02-01,2020
708,https://openalex.org/W2057287430,2010-04-01,2010
709,https://openalex.org/W2078820509,2013-06-03,2013
710,https://openalex.org/W2031177340,1984-01-01,1984
711,https://openalex.org/W2323417757,1971-01-01,1971
712,https://openalex.org/W4243126703,2014-09-01,2014
713,https://openalex.org/W1966498953,2003-12-23,2003
714,https://openalex.org/W3000849862,2019-01-01,2019
715,https://openalex.org/W1495815091,2014-01-01,2014
716,https://openalex.org/W2562856315,1975-08-01,1975
717,https://openalex.org/W2727134489,1993-01-01,1993
718,https://openalex.org/W2800364575,2018-04-23,2018
719,https://openalex.org/W2166653628,2002-09-01,2002
720,https://openalex.org/W2300761194,2016-01-11,2016
721,https://openalex.org/W3168287806,2021-04-15,2021
722,https://openalex.org/W1977595693,1938-05-01,1938
723,https://openalex.org/W2752844472,2017-08-01,2017
724,https://openalex.org/W2135467127,1992-12-01,1992
725,https://openalex.org/W2100020933,2006-01-05,2006
726,https://openalex.org/W3141398641,2020-12-01,2020
727,https://openalex.org/W2311109637,2016-03-17,2016
728,https://openalex.org/W1974214734,1996-09-01,1996
729,https://openalex.org/W4213445279,2022-02-23,2022
730,https://openalex.org/W2996442701,2019-11-01,2019
731,https://openalex.org/W2090123680,1968-01-22,1968
732,https://openalex.org/W2167304638,1964-01-01,1964
733,https://openalex.org/W2334709324,2015-12-29,2015
734,https://openalex.org/W2506042574,2016-08-03,2016
735,https://openalex.org/W2020948596,2014-10-24,2014
736,https://openalex.org/W2559744409,2016-12-01,2016
737,https://openalex.org/W1777216584,2013-02-26,2013
738,https://openalex.org/W2272871144,2015-05-01,2015
739,https://openalex.org/W2162259611,2010-01-22,2010
740,https://openalex.org/W2168069152,1994-10-01,1994
741,https://openalex.org/W4239809343,2010-01-01,2010
742,https://openalex.org/W2015774575,2005-08-01,2005
743,https://openalex.org/W2036087978,2009-10-19,2009
744,https://openalex.org/W2293223037,1995-01-01,1995
745,https://openalex.org/W2097293495,2005-01-01,2005
746,https://openalex.org/W3116615241,2020-12-28,2020
747,https://openalex.org/W2275227060,2010-01-01,2010
748,https://openalex.org/W2025656848,1994-02-01,1994
749,https://openalex.org/W2151959433,1979-08-01,1979
750,https://openalex.org/W2762380176,2017-10-12,2017
751,https://openalex.org/W2022929929,1998-01-01,1998
752,https://openalex.org/W4214701340,2022-03-01,2022
753,https://openalex.org/W4220887306,2022-03-31,2022
754,https://openalex.org/W2899229477,2018-01-01,2018
755,https://openalex.org/W2809556575,2018-06-20,2018
756,https://openalex.org/W2220310999,2015-12-29,2015
757,https://openalex.org/W4390394379,2023-11-21,2023
758,https://openalex.org/W2005223190,2003-01-01,2003
759,https://openalex.org/W4308564991,2022-11-08,2022
760,https://openalex.org/W2560623878,2016-12-07,2016
761,https://openalex.org/W4388702104,2023-01-01,2023
762,https://openalex.org/W2013786838,2014-06-28,2014
763,https://openalex.org/W3000964219,2020-01-21,2020
764,https://openalex.org/W3162447376,2021-05-05,2021
765,https://openalex.org/W2796288187,2018-03-31,2018
766,https://openalex.org/W1979309837,2005-10-10,2005
767,https://openalex.org/W2098729483,2012-08-13,2012
768,https://openalex.org/W4210667738,2022-01-31,2022
769,https://openalex.org/W4413955837,2025-09-01,2025
770,https://openalex.org/W1776107588,2015-08-03,2015
771,https://openalex.org/W3093521902,2020-06-01,2020
772,https://openalex.org/W2063215805,2003-06-01,2003
773,https://openalex.org/W4387916395,2023-01-01,2023
774,https://openalex.org/W2164882601,2014-03-01,2014
775,https://openalex.org/W251030608,2013-10-01,2013
776,https://openalex.org/W4313609000,2023-01-06,2023
777,https://openalex.org/W2086555035,2012-03-22,2012
778,https://openalex.org/W4402118287,2024-09-01,2024
779,https://openalex.org/W2315919991,2015-01-01,2015
780,https://openalex.org/W3204175726,2021-09-30,2021
781,https://openalex.org/W2316558118,2012-12-01,2012
782,https://openalex.org/W2752457187,2017-09-01,2017
783,https://openalex.org/W2072809578,1993-03-01,1993
784,https://openalex.org/W4288059707,2022-06-15,2022
785,https://openalex.org/W1980932385,1984-03-01,1984
786,https://openalex.org/W2108716625,2002-11-11,2002
787,https://openalex.org/W2085930085,2009-09-01,2009
788,https://openalex.org/W4243695691,2020-12-31,2020
789,https://openalex.org/W2574953731,2016-12-01,2016
790,https://openalex.org/W2616718457,2017-05-01,2017
791,https://openalex.org/W2106825621,2007-10-01,2007
792,https://openalex.org/W2072848505,2001-09-27,2001
793,https://openalex.org/W4401536961,2024-08-13,2024
794,https://openalex.org/W2002231797,2008-12-10,2008
795,https://openalex.org/W2351592094,2011-01-01,2011
796,https://openalex.org/W2348037989,2004-01-01,2004
797,https://openalex.org/W4412521461,2025-07-19,2025
798,https://openalex.org/W2056634555,1991-05-01,1991
799,https://openalex.org/W2012993128,2013-01-22,2013
800,https://openalex.org/W2021175551,1988-12-01,1988
801,https://openalex.org/W2331860815,2014-04-23,2014
802,https://openalex.org/W2614155042,2017-06-05,2017
803,https://openalex.org/W2085670490,2012-11-27,2012
804,https://openalex.org/W2054019508,2008-01-09,2008
805,https://openalex.org/W1580359061,1969-05-01,1969
806,https://openalex.org/W2029832187,1920-05-01,1920
807,https://openalex.org/W2896085999,2018-02-01,2018
808,https://openalex.org/W4391382463,2023-11-28,2023
809,https://openalex.org/W2896204577,2018-08-01,2018
810,https://openalex.org/W2889094156,2018-08-30,2018
811,https://openalex.org/W2160851292,2000-07-19,2000
812,https://openalex.org/W3173998547,1970-01-19,1970
813,https://openalex.org/W2474339953,1996-02-01,1996
814,https://openalex.org/W2599780663,2016-09-01,2016
815,https://openalex.org/W4392647798,2024-03-08,2024
816,https://openalex.org/W2157975475,2011-06-28,2011
817,https://openalex.org/W3196831006,2018-12-04,2018
818,https://openalex.org/W2004732409,1996-01-15,1996
819,https://openalex.org/W2168797892,2013-07-31,2013
820,https://openalex.org/W2161527887,2014-01-01,2014
821,https://openalex.org/W2130157300,1998-04-01,1998
822,https://openalex.org/W2129912898,2005-04-01,2005
823,https://openalex.org/W2096494420,2011-03-01,2011
824,https://openalex.org/W2055807746,2006-06-26,2006
825,https://openalex.org/W2463445394,2015-01-01,2015
826,https://openalex.org/W2156324135,2000-04-01,2000
827,https://openalex.org/W2386263504,2011-01-01,2011
828,https://openalex.org/W3203552391,2021-09-01,2021
829,https://openalex.org/W2316688250,2013-09-01,2013
830,https://openalex.org/W2073199939,2006-01-01,2006
831,https://openalex.org/W2127447518,2002-12-04,2002
832,https://openalex.org/W2121032506,2005-01-01,2005
833,https://openalex.org/W4242577423,2015-09-01,2015
834,https://openalex.org/W2068973611,1992-01-01,1992
835,https://openalex.org/W2318562019,1965-06-24,1965
836,https://openalex.org/W2376663782,2008-01-01,2008
837,https://openalex.org/W2020519182,2011-08-31,2011
838,https://openalex.org/W2410244536,2014-06-01,2014
839,https://openalex.org/W1979933540,1983-05-05,1983
840,https://openalex.org/W2980727506,2019-10-16,2019
841,https://openalex.org/W4224444563,2022-04-25,2022
842,https://openalex.org/W1885685411,2015-10-09,2015
843,https://openalex.org/W1980980723,2001-12-01,2001
844,https://openalex.org/W2036148187,2012-07-01,2012
845,https://openalex.org/W1992369068,1968-08-25,1968
846,https://openalex.org/W2564245727,2016-12-23,2016
847,https://openalex.org/W2611689752,2017-05-01,2017
848,https://openalex.org/W2003022955,1982-06-01,1982
849,https://openalex.org/W3181094031,1999-01-01,1999
850,https://openalex.org/W4252214774,2002-11-14,2002
851,https://openalex.org/W1989877710,2012-09-29,2012
852,https://openalex.org/W2074479141,2012-04-01,2012
853,https://openalex.org/W4402127379,2024-09-02,2024
854,https://openalex.org/W3094945137,2020-11-04,2020
855,https://openalex.org/W2048954194,1983-07-01,1983
856,https://openalex.org/W4388623206,2023-08-28,2023
857,https://openalex.org/W2281417782,2016-02-09,2016
858,https://openalex.org/W2073671623,1924-08-09,1924
859,https://openalex.org/W3015844018,2020-06-01,2020
860,https://openalex.org/W2333226188,2014-12-25,2014
861,https://openalex.org/W2783695235,2018-01-08,2018
862,https://openalex.org/W2325998734,1917-09-01,1917
863,https://openalex.org/W4246716758,2011-02-01,2011
864,https://openalex.org/W3214286595,2021-11-12,2021
865,https://openalex.org/W2120151487,2013-01-01,2013
866,https://openalex.org/W2080465593,1990-01-15,1990
867,https://openalex.org/W2091805064,2012-11-19,2012
868,https://openalex.org/W2946788703,2013-01-01,2013
869,https://openalex.org/W4313015567,2022-01-01,2022
870,https://openalex.org/W4406662489,2025-01-21,2025
871,https://openalex.org/W4224324067,2022-03-01,2022
872,https://openalex.org/W2056415398,1967-05-15,1967
873,https://openalex.org/W4237316326,2019-01-01,2019
874,https://openalex.org/W4406780974,2025-01-24,2025
875,https://openalex.org/W2054362300,2009-04-21,2009
876,https://openalex.org/W2111452991,2014-09-05,2014
877,https://openalex.org/W4306250290,2022-10-14,2022
878,https://openalex.org/W2364627535,2006-01-01,2006
879,https://openalex.org/W2731573851,2017-06-23,2017
880,https://openalex.org/W2375287293,2010-01-20,2010
881,https://openalex.org/W4362670948,2023-04-06,2023
882,https://openalex.org/W4399673951,2024-06-14,2024
883,https://openalex.org/W2066200935,1980-11-01,1980
884,https://openalex.org/W4253535645,1998-01-01,1998
885,https://openalex.org/W2032068856,2003-07-28,2003
886,https://openalex.org/W2039390891,1994-05-17,1994
887,https://openalex.org/W3208400952,2021-11-01,2021
888,https://openalex.org/W2009305419,1992-02-01,1992
889,https://openalex.org/W2144455581,2008-05-01,2008
890,https://openalex.org/W4367556003,2023-04-30,2023
891,https://openalex.org/W2345728192,2015-11-24,2015
892,https://openalex.org/W2021155975,1984-05-01,1984
893,https://openalex.org/W1926283328,1998-09-01,1998
894,https://openalex.org/W1675793647,1987-07-22,1987
895,https://openalex.org/W2289881013,2016-03-02,2016
896,https://openalex.org/W4391629789,2020-02-01,2020
897,https://openalex.org/W1978717199,1969-11-15,1969
898,https://openalex.org/W2760847697,2017-07-01,2017
899,https://openalex.org/W2960652275,2019-07-01,2019
900,https://openalex.org/W2765860702,2017-10-31,2017
901,https://openalex.org/W2095022624,2004-05-17,2004
902,https://openalex.org/W217146530,1999-05-18,1999
903,https://openalex.org/W3168034206,2021-06-08,2021
904,https://openalex.org/W1975082094,2009-11-20,2009
905,https://openalex.org/W1971870189,1977-06-01,1977
906,https://openalex.org/W2748473102,2017-08-17,2017
907,https://openalex.org/W2979702629,2019-10-07,2019
908,https://openalex.org/W2768399532,2017-11-01,2017
909,https://openalex.org/W2507848736,2016-09-05,2016
910,https://openalex.org/W2157575978,2009-07-13,2009
911,https://openalex.org/W4312710080,2022-01-01,2022
912,https://openalex.org/W4293713909,2022-08-31,2022
913,https://openalex.org/W4246089150,1991-12-01,1991
914,https://openalex.org/W2403888091,1993-09-01,1993
915,https://openalex.org/W2335737529,1943-06-01,1943
916,https://openalex.org/W1983164246,1978-01-01,1978
917,https://openalex.org/W2030646313,1995-05-01,1995
918,https://openalex.org/W3096397809,2020-11-07,2020
919,https://openalex.org/W2072880128,2002-06-24,2002
920,https://openalex.org/W4401015706,2024-07-26,2024
921,https://openalex.org/W4390938323,2024-01-17,2024
922,https://openalex.org/W2075013554,2003-12-01,2003
923,https://openalex.org/W2395670395,2009-01-01,2009
924,https://openalex.org/W2065169715,2013-09-04,2013
925,https://openalex.org/W2122471134,2002-02-01,2002
926,https://openalex.org/W2614636469,2017-01-01,2017
927,https://openalex.org/W2152626243,2008-02-07,2008
928,https://openalex.org/W2897921270,2018-10-12,2018
929,https://openalex.org/W2190109691,2015-11-30,2015
930,https://openalex.org/W3030066629,2020-05-27,2020
931,https://openalex.org/W2246923533,1980-05-01,1980
932,https://openalex.org/W1565364906,2005-04-20,2005
933,https://openalex.org/W2965657644,1970-01-01,1970
934,https://openalex.org/W2058391488,1990-06-01,1990
935,https://openalex.org/W2088817507,2011-09-09,2011
936,https://openalex.org/W1984164851,2010-09-01,2010
937,https://openalex.org/W2559161838,2015-01-01,2015
938,https://openalex.org/W1486785735,2000-01-01,2000
939,https://openalex.org/W2126056026,1992-01-01,1992
940,https://openalex.org/W1995542985,2015-04-01,2015
941,https://openalex.org/W72983140,1976-04-10,1976
942,https://openalex.org/W2072883941,2008-03-21,2008
943,https://openalex.org/W2884419985,2018-01-01,2018
944,https://openalex.org/W2803224781,2018-01-02,2018
945,https://openalex.org/W2016641557,2005-10-06,2005
946,https://openalex.org/W2038365577,2013-08-04,2013
947,https://openalex.org/W1990919308,2013-09-12,2013
948,https://openalex.org/W4395682666,2024-04-01,2024
949,https://openalex.org/W2470766902,2015-01-01,2015
950,https://openalex.org/W2042431886,2002-07-01,2002
951,https://openalex.org/W3126262568,2021-01-01,2021
952,https://openalex.org/W2323152574,2011-01-01,2011
953,https://openalex.org/W1993448075,1992-07-01,1992
954,https://openalex.org/W2074071649,2013-10-22,2013
955,https://openalex.org/W4389268026,2023-12-02,2023
956,https://openalex.org/W2295152976,2015-10-01,2015
957,https://openalex.org/W1503796692,1992-03-01,1992
958,https://openalex.org/W2975684534,2019-09-23,2019
959,https://openalex.org/W2038294928,2003-11-14,2003
960,https://openalex.org/W2018492933,2005-07-08,2005
961,https://openalex.org/W2104329513,2006-05-01,2006
962,https://openalex.org/W3159826854,2021-05-04,2021
963,https://openalex.org/W1973796405,2006-02-01,2006
964,https://openalex.org/W2156520876,2008-01-01,2008
965,https://openalex.org/W3155175797,2021-01-01,2021
966,https://openalex.org/W2777234152,2017-12-19,2017
967,https://openalex.org/W2076601007,2014-10-16,2014
968,https://openalex.org/W2188588919,2013-01-01,2013
969,https://openalex.org/W2057228713,1984-01-01,1984
970,https://openalex.org/W2904531916,2018-05-01,2018
971,https://openalex.org/W2100112689,2014-05-03,2014
972,https://openalex.org/W3157549888,2021-04-26,2021
973,https://openalex.org/W2027509539,2011-09-29,2011
974,https://openalex.org/W1656230860,2008-09-30,2008
975,https://openalex.org/W3100339492,2020-01-01,2020
976,https://openalex.org/W2594187833,2015-11-25,2015
977,https://openalex.org/W2004929894,1995-01-01,1995
978,https://openalex.org/W2735439414,2017-07-11,2017
979,https://openalex.org/W4386245708,2023-08-28,2023
980,https://openalex.org/W2019145244,1973-10-01,1973
981,https://openalex.org/W2765406756,2017-04-24,2017
982,https://openalex.org/W2320390975,1975-01-01,1975
983,https://openalex.org/W2187821446,2013-01-01,2013
984,https://openalex.org/W2171325885,2012-07-06,2012
985,https://openalex.org/W2076096663,2012-01-01,2012
986,https://openalex.org/W2152828192,2012-01-01,2012
987,https://openalex.org/W2769995469,2017-11-13,2017
988,https://openalex.org/W1592151608,1964-06-01,1964
989,https://openalex.org/W4230770257,1990-02-01,1990
990,https://openalex.org/W3043505426,2020-07-01,2020
991,https://openalex.org/W2049657985,2009-07-01,2009
992,https://openalex.org/W2551725866,2016-01-02,2016
993,https://openalex.org/W2149734608,1994-10-01,1994
994,https://openalex.org/W2061183351,2011-01-01,2011
995,https://openalex.org/W2895668625,2018-06-24,2018
996,https://openalex.org/W2083223959,1988-03-01,1988
997,https://openalex.org/W2027850096,1988-09-01,1988
998,https://openalex.org/W4225412179,1985-10-01,1985
999,https://openalex.org/W2787226340,2018-02-01,2018
1000,https://openalex.org/W3030875081,2020-01-01,2020
1001,https://openalex.org/W3177860134,2021-01-01,2021
1002,https://openalex.org/W1983020368,2013-02-22,2013
1003,https://openalex.org/W2808490117,2018-01-01,2018
1004,https://openalex.org/W2131406775,1978-12-01,1978
1005,https://openalex.org/W4327748000,2023-03-17,2023
1006,https://openalex.org/W4408050648,2025-02-28,2025
1007,https://openalex.org/W2057344527,1994-06-01,1994
1008,https://openalex.org/W4232940732,2014-09-01,2014
1009,https://openalex.org/W4410553547,2025-05-21,2025
1010,https://openalex.org/W3005972917,2019-11-01,2019
1011,https://openalex.org/W2103743822,1971-01-01,1971
1012,https://openalex.org/W127741557,2004-08-23,2004
1013,https://openalex.org/W4407426343,2025-02-13,2025
1014,https://openalex.org/W2763434749,2017-01-01,2017
1015,https://openalex.org/W2743697155,2017-08-11,2017
1016,https://openalex.org/W2140800446,2015-03-16,2015
1017,https://openalex.org/W4391956145,2024-02-01,2024
1018,https://openalex.org/W2071069158,2011-06-15,2011
1019,https://openalex.org/W2004065935,2006-01-01,2006
1020,https://openalex.org/W2895472774,2018-01-01,2018
1021,https://openalex.org/W4254055799,2011-11-01,2011
1022,https://openalex.org/W62690452,2006-10-01,2006
1023,https://openalex.org/W4320725369,2023-02-14,2023
1024,https://openalex.org/W2117084371,2002-01-01,2002
1025,https://openalex.org/W3117577668,2020-09-20,2020
1026,https://openalex.org/W2576024856,2017-01-11,2017
1027,https://openalex.org/W2992676250,2015-02-15,2015
1028,https://openalex.org/W2913597302,2013-08-01,2013
1029,https://openalex.org/W2980446188,2019-09-01,2019
1030,https://openalex.org/W2091137699,2011-03-29,2011
1031,https://openalex.org/W2076239188,2014-11-01,2014
1032,https://openalex.org/W2067546977,1998-09-01,1998
1033,https://openalex.org/W2271002005,2006-04-01,2006
1034,https://openalex.org/W2419056724,1991-07-01,1991
1035,https://openalex.org/W2041508579,2004-09-01,2004
1036,https://openalex.org/W1549042168,2006-01-01,2006
1037,https://openalex.org/W2890768984,2018-09-12,2018
1038,https://openalex.org/W2783732705,2017-11-01,2017
1039,https://openalex.org/W3198665186,2021-09-08,2021
1040,https://openalex.org/W2771930428,2017-07-01,2017
1041,https://openalex.org/W2989841196,2019-11-02,2019
1042,https://openalex.org/W2065731612,1934-02-01,1934
1043,https://openalex.org/W2056135467,1973-11-15,1973
1044,https://openalex.org/W2184239955,1990-12-01,1990
1045,https://openalex.org/W2057019034,1993-09-01,1993
1046,https://openalex.org/W2141486177,2009-01-01,2009
1047,https://openalex.org/W2789559944,2018-02-13,2018
1048,https://openalex.org/W1967437354,2008-06-01,2008
1049,https://openalex.org/W2094867905,2010-02-02,2010
1050,https://openalex.org/W4386223619,2023-08-25,2023
1051,https://openalex.org/W3176910529,2021-06-17,2021
1052,https://openalex.org/W3186814086,2021-07-16,2021
1053,https://openalex.org/W2042711451,2011-01-01,2011
1054,https://openalex.org/W3109088405,2020-12-02,2020
1055,https://openalex.org/W4230694680,1995-01-01,1995
1056,https://openalex.org/W3093184896,2021-05-25,2021
1057,https://openalex.org/W2070220201,2012-12-09,2012
1058,https://openalex.org/W2093038631,1980-01-01,1980
1059,https://openalex.org/W3157443224,2021-01-01,2021
1060,https://openalex.org/W2611012377,2017-05-03,2017
1061,https://openalex.org/W6948187050,2022-03-18,2022
1062,https://openalex.org/W4389855402,2023-12-17,2023
1063,https://openalex.org/W2608907896,2016-01-01,2016
1064,https://openalex.org/W2061212384,1995-12-19,1995
1065,https://openalex.org/W4281787085,2022-06-08,2022
1066,https://openalex.org/W2043970779,2014-11-25,2014
1067,https://openalex.org/W4313528173,2023-01-01,2023
1068,https://openalex.org/W3114761758,2020-12-22,2020
1069,https://openalex.org/W1941510137,2003-12-01,2003
1070,https://openalex.org/W2166082390,2011-04-23,2011
1071,https://openalex.org/W1987120487,2012-07-17,2012
1072,https://openalex.org/W2982647636,2019-10-30,2019
1073,https://openalex.org/W2990325448,2019-10-01,2019
1074,https://openalex.org/W2185556700,2013-03-01,2013
1075,https://openalex.org/W2071957466,2004-04-01,2004
1076,https://openalex.org/W2396745914,2008-06-01,2008
1077,https://openalex.org/W3034125557,2020-06-02,2020
1078,https://openalex.org/W2247786422,2007-06-20,2007
1079,https://openalex.org/W2906876448,2018-10-08,2018
1080,https://openalex.org/W4407940450,2025-02-25,2025
1081,https://openalex.org/W4389776644,2023-12-15,2023
1082,https://openalex.org/W3146496142,2017-06-15,2017
1083,https://openalex.org/W4408160454,2025-01-01,2025
1084,https://openalex.org/W2145548588,2006-01-01,2006
1085,https://openalex.org/W2396862357,2016-05-27,2016
1086,https://openalex.org/W2318095272,2016-01-08,2016
1087,https://openalex.org/W2928889687,2019-04-04,2019
1088,https://openalex.org/W2001384898,2012-07-01,2012
1089,https://openalex.org/W2801158763,2004-07-05,2004
1090,https://openalex.org/W3106994093,2020-11-24,2020
1091,https://openalex.org/W1528664287,2001-01-01,2001
1092,https://openalex.org/W1963763716,2014-05-15,2014
1093,https://openalex.org/W4392715789,2024-03-12,2024
1094,https://openalex.org/W4360612659,2023-03-23,2023
1095,https://openalex.org/W1998889476,1987-05-01,1987
1096,https://openalex.org/W2122850530,2006-12-13,2006
1097,https://openalex.org/W2418797430,2016-06-01,2016
1098,https://openalex.org/W1563688046,1980-03-01,1980
1099,https://openalex.org/W2019013341,1960-01-01,1960
1100,https://openalex.org/W2024713929,1971-04-16,1971
1101,https://openalex.org/W1979588085,2007-12-01,2007
1102,https://openalex.org/W2776627679,2018-01-01,2018
1103,https://openalex.org/W2564974582,2017-04-26,2017
1104,https://openalex.org/W2117124164,2004-01-01,2004
1105,https://openalex.org/W3126813359,2021-02-01,2021
1106,https://openalex.org/W1983764086,2013-03-14,2013
1107,https://openalex.org/W3126845175,2020-11-01,2020
1108,https://openalex.org/W2256193160,2015-05-05,2015
1109,https://openalex.org/W2317497692,2013-07-01,2013
1110,https://openalex.org/W1988451936,1967-04-01,1967
1111,https://openalex.org/W2335820689,2016-01-01,2016
1112,https://openalex.org/W6920418426,2024-07-17,2024
1113,https://openalex.org/W2058402434,2006-01-01,2006
1114,https://openalex.org/W2111770965,2007-03-19,2007
1115,https://openalex.org/W2074172497,2009-06-03,2009
1116,https://openalex.org/W2115774694,2005-02-10,2005
1117,https://openalex.org/W2902986535,2017-05-03,2017
1118,https://openalex.org/W3163902139,2021-05-21,2021
1119,https://openalex.org/W4307630236,2022-10-27,2022
1120,https://openalex.org/W1997070135,2014-01-01,2014
1121,https://openalex.org/W214605257,2003-09-18,2003
1122,https://openalex.org/W4303699706,2022-10-04,2022
1123,https://openalex.org/W2047457130,2005-09-17,2005
1124,https://openalex.org/W4415151638,2025-10-14,2025
1125,https://openalex.org/W2110988342,1998-12-01,1998
1126,https://openalex.org/W2008842970,2008-06-09,2008
1127,https://openalex.org/W34875768,1962-12-09,1962
1128,https://openalex.org/W2010708839,2002-01-01,2002
1129,https://openalex.org/W2022331794,2004-03-01,2004
1130,https://openalex.org/W1924054847,2013-06-07,2013
1131,https://openalex.org/W2889114766,2018-08-13,2018
1132,https://openalex.org/W2787920463,2018-02-21,2018
1133,https://openalex.org/W2084651404,2008-01-23,2008
1134,https://openalex.org/W2910285766,2019-05-01,2019
1135,https://openalex.org/W2140763539,2009-08-01,2009
1136,https://openalex.org/W4403792446,2024-06-13,2024
1137,https://openalex.org/W4408685541,2025-03-01,2025
1138,https://openalex.org/W2041586920,2013-03-01,2013
1139,https://openalex.org/W2016082239,1981-11-01,1981
1140,https://openalex.org/W1581971168,2015-01-01,2015
1141,https://openalex.org/W2119039041,2009-07-01,2009
1142,https://openalex.org/W3113163577,1994-01-01,1994
1143,https://openalex.org/W3122287513,2021-01-01,2021
1144,https://openalex.org/W2170484087,2005-04-28,2005
1145,https://openalex.org/W2997316533,2019-10-01,2019
1146,https://openalex.org/W2055326658,2007-01-01,2007
1147,https://openalex.org/W602244805,1991-09-01,1991
1148,https://openalex.org/W2112823479,2009-08-01,2009
1149,https://openalex.org/W4321507542,2023-02-22,2023
1150,https://openalex.org/W4399922783,2024-06-22,2024
1151,https://openalex.org/W4400422204,2024-07-08,2024
1152,https://openalex.org/W2964162141,2016-06-01,2016
1153,https://openalex.org/W2429993088,1976-09-01,1976
1154,https://openalex.org/W197669614,2001-03-27,2001
1155,https://openalex.org/W2099729340,2006-05-01,2006
1156,https://openalex.org/W2000343382,2012-10-01,2012
1157,https://openalex.org/W4413437853,2025-08-21,2025
1158,https://openalex.org/W2890299060,1979-08-01,1979
1159,https://openalex.org/W2788798807,2018-02-21,2018
1160,https://openalex.org/W2149714453,2003-01-01,2003
1161,https://openalex.org/W4224224423,2022-04-20,2022
1162,https://openalex.org/W2401014973,2005-01-01,2005
1163,https://openalex.org/W2424940004,1988-07-01,1988
1164,https://openalex.org/W2042681578,2010-10-01,2010
1165,https://openalex.org/W2053664939,2006-10-01,2006
1166,https://openalex.org/W2356441919,2007-01-01,2007
1167,https://openalex.org/W1986828496,2013-12-25,2013
1168,https://openalex.org/W2090515313,2014-06-01,2014
1169,https://openalex.org/W1773135912,2022-03-19,2022
1170,https://openalex.org/W2754428036,2016-12-23,2016
1171,https://openalex.org/W2969873009,2019-01-01,2019
1172,https://openalex.org/W3125300769,2021-01-01,2021
1173,https://openalex.org/W2036017869,1995-10-01,1995
1174,https://openalex.org/W2162636148,1988-12-01,1988
1175,https://openalex.org/W2989485689,2019-10-02,2019
1176,https://openalex.org/W2075733089,1990-01-01,1990
1177,https://openalex.org/W2802817296,2018-04-20,2018
1178,https://openalex.org/W2580874720,2017-01-25,2017
1179,https://openalex.org/W2971669395,2019-09-03,2019
1180,https://openalex.org/W2282107791,2016-02-17,2016
1181,https://openalex.org/W1966337076,2012-01-02,2012
1182,https://openalex.org/W2085039729,2013-06-26,2013
1183,https://openalex.org/W2016479403,1975-06-01,1975
1184,https://openalex.org/W2059703119,2010-06-01,2010
1185,https://openalex.org/W4385458600,2023-08-01,2023
1186,https://openalex.org/W2015686920,1972-01-01,1972
1187,https://openalex.org/W2615463825,2017-05-16,2017
1188,https://openalex.org/W2080959793,1994-08-01,1994
1189,https://openalex.org/W1972551461,2009-01-01,2009
1190,https://openalex.org/W2043595751,1992-09-01,1992
1191,https://openalex.org/W2989198822,2019-09-20,2019
1192,https://openalex.org/W2907422164,2018-12-31,2018
1193,https://openalex.org/W2019454654,2006-10-01,2006
1194,https://openalex.org/W2897270927,2018-10-08,2018
1195,https://openalex.org/W2372212646,2004-01-01,2004
1196,https://openalex.org/W2465792012,2016-05-01,2016
1197,https://openalex.org/W2797824367,2018-03-08,2018
1198,https://openalex.org/W1980527128,2011-04-04,2011
1199,https://openalex.org/W2008651267,1984-06-01,1984
1200,https://openalex.org/W4220939975,2022-03-15,2022
1201,https://openalex.org/W4408121912,2025-03-02,2025
1202,https://openalex.org/W4205445306,2021-08-19,2021
1203,https://openalex.org/W4284894849,2022-06-27,2022
1204,https://openalex.org/W2783989143,2017-12-01,2017
1205,https://openalex.org/W2616168490,2017-07-06,2017
1206,https://openalex.org/W2033135609,2011-04-15,2011
1207,https://openalex.org/W3135281757,2021-03-10,2021
1208,https://openalex.org/W2037265315,2013-10-29,2013
1209,https://openalex.org/W4232497512,1972-01-01,1972
1210,https://openalex.org/W1594398528,1994-09-23,1994
1211,https://openalex.org/W4246101704,2015-07-01,2015
1212,https://openalex.org/W2161952227,2013-08-01,2013
1213,https://openalex.org/W3173785393,2021-01-01,2021
1214,https://openalex.org/W2602453402,2006-01-01,2006
1215,https://openalex.org/W2601707290,1996-03-08,1996
1216,https://openalex.org/W3204791413,2021-09-30,2021
1217,https://openalex.org/W2763871264,2017-09-30,2017
1218,https://openalex.org/W2099293394,2010-01-29,2010
1219,https://openalex.org/W2045027442,1986-08-01,1986
1220,https://openalex.org/W4399427719,2024-06-01,2024
1221,https://openalex.org/W2083287231,1998-01-01,1998
1222,https://openalex.org/W2024865515,2011-10-01,2011
1223,https://openalex.org/W2468934511,2016-07-11,2016
1224,https://openalex.org/W3144294485,2007-01-01,2007
1225,https://openalex.org/W4233914214,2001-04-01,2001
1226,https://openalex.org/W2065956980,1981-11-01,1981
1227,https://openalex.org/W1969607911,2008-05-08,2008
1228,https://openalex.org/W3144874725,2011-06-01,2011
1229,https://openalex.org/W2569960397,2017-01-01,2017
1230,https://openalex.org/W232491678,1979-03-01,1979
1231,https://openalex.org/W4318474684,2023-01-28,2023
1232,https://openalex.org/W4368228241,2023-05-03,2023
1233,https://openalex.org/W6999359755,2016-09-27,2016
1234,https://openalex.org/W2008348076,2013-05-30,2013
1235,https://openalex.org/W2989971081,2019-02-18,2019
1236,https://openalex.org/W2099280920,2000-09-01,2000
1237,https://openalex.org/W4304617846,2022-10-11,2022
1238,https://openalex.org/W2066209982,2013-05-28,2013
1239,https://openalex.org/W1967391758,1990-05-01,1990
1240,https://openalex.org/W269921288,2011-01-01,2011
1241,https://openalex.org/W1976148103,2005-02-01,2005
1242,https://openalex.org/W4255531910,1960-09-01,1960
1243,https://openalex.org/W2349164940,2011-01-01,2011
1244,https://openalex.org/W2770754678,2017-11-29,2017
1245,https://openalex.org/W2953276938,2000-01-01,2000
1246,https://openalex.org/W3135298098,2020-10-14,2020
1247,https://openalex.org/W4309440907,2022-11-01,2022
1248,https://openalex.org/W1999738724,2001-10-01,2001
1249,https://openalex.org/W2026065868,1991-04-01,1991
1250,https://openalex.org/W2047684091,2002-11-01,2002
1251,https://openalex.org/W4210426804,2021-06-01,2021
1252,https://openalex.org/W3169985084,2021-06-15,2021
1253,https://openalex.org/W3182984323,2021-07-12,2021
1254,https://openalex.org/W4402222080,2024-09-04,2024
1255,https://openalex.org/W2951508044,2019-06-10,2019
1256,https://openalex.org/W2133461799,2004-01-01,2004
1257,https://openalex.org/W2034208127,2011-01-01,2011
1258,https://openalex.org/W2043688408,2002-01-01,2002
1259,https://openalex.org/W2152208727,1945-04-01,1945
1260,https://openalex.org/W2133573517,2007-08-17,2007
1261,https://openalex.org/W2530732103,2016-10-11,2016
1262,https://openalex.org/W2912309250,2019-02-10,2019
1263,https://openalex.org/W4283261427,2022-06-21,2022
1264,https://openalex.org/W2141695141,2010-09-09,2010
1265,https://openalex.org/W2990800587,2019-11-27,2019
1266,https://openalex.org/W2577587975,2022-12-02,2022
1267,https://openalex.org/W2610742082,2017-05-04,2017
1268,https://openalex.org/W2748464544,2017-08-25,2017
1269,https://openalex.org/W1986781524,1997-01-01,1997
1270,https://openalex.org/W2955208203,2019-06-28,2019
1271,https://openalex.org/W2107699903,2003-08-03,2003
1272,https://openalex.org/W2949562317,2009-11-20,2009
1273,https://openalex.org/W2073749247,2001-01-01,2001
1274,https://openalex.org/W2044581970,2010-10-29,2010
1275,https://openalex.org/W2787528102,2018-02-05,2018
1276,https://openalex.org/W4323046878,2023-03-02,2023
1277,https://openalex.org/W2010655433,2003-11-01,2003
1278,https://openalex.org/W4389379061,2023-12-06,2023
1279,https://openalex.org/W2070848461,2005-03-01,2005
1280,https://openalex.org/W2499168604,2016-01-01,2016
1281,https://openalex.org/W2140670949,1994-10-01,1994
1282,https://openalex.org/W2064785463,2000-03-01,2000
1283,https://openalex.org/W3033744551,2020-01-01,2020
1284,https://openalex.org/W2922869808,2019-03-22,2019
1285,https://openalex.org/W2092604093,2010-05-01,2010
1286,https://openalex.org/W2172827512,1986-06-01,1986
1287,https://openalex.org/W2167803209,2002-11-13,2002
1288,https://openalex.org/W4323981296,2023-03-13,2023
1289,https://openalex.org/W4292230142,2022-08-16,2022
1290,https://openalex.org/W4391573485,2024-02-06,2024
1291,https://openalex.org/W2944204429,2018-11-01,2018
1292,https://openalex.org/W1519037623,2010-05-08,2010
1293,https://openalex.org/W2487874444,2016-06-18,2016
1294,https://openalex.org/W2057623780,1991-01-01,1991
1295,https://openalex.org/W2180987432,2008-02-13,2008
1296,https://openalex.org/W1944897020,2015-05-14,2015
1297,https://openalex.org/W2034415869,2006-07-10,2006
1298,https://openalex.org/W2811269840,2018-07-04,2018
1299,https://openalex.org/W4205996302,2021-12-01,2021
1300,https://openalex.org/W2154100015,2012-09-10,2012
1301,https://openalex.org/W3040109137,2020-07-02,2020
1302,https://openalex.org/W1991709427,1980-04-01,1980
1303,https://openalex.org/W3081110709,2020-08-23,2020
1304,https://openalex.org/W2902168700,2017-06-01,2017
1305,https://openalex.org/W4323654412,2023-02-01,2023
1306,https://openalex.org/W2016537741,2013-06-26,2013
1307,https://openalex.org/W1668929251,2015-08-01,2015
1308,https://openalex.org/W2109451654,2006-07-01,2006
1309,https://openalex.org/W3129602268,2021-02-10,2021
1310,https://openalex.org/W2132730568,2015-03-29,2015
1311,https://openalex.org/W2551962062,2016-11-15,2016
1312,https://openalex.org/W2071601689,1983-08-01,1983
1313,https://openalex.org/W2953296097,2022-03-11,2022
1314,https://openalex.org/W2413960806,2016-01-01,2016
1315,https://openalex.org/W2089003197,1985-06-22,1985
1316,https://openalex.org/W4407828514,2024-12-29,2024
1317,https://openalex.org/W2417630349,1991-10-01,1991
1318,https://openalex.org/W4391032141,2024-01-19,2024
1319,https://openalex.org/W4225809222,2021-11-20,2021
1320,https://openalex.org/W3173440946,2021-06-24,2021
1321,https://openalex.org/W3117255817,2020-12-24,2020
1322,https://openalex.org/W3194399993,2021-08-16,2021
1323,https://openalex.org/W2282646114,2015-12-28,2015
1324,https://openalex.org/W2067561350,2004-01-01,2004
1325,https://openalex.org/W2056558230,2006-01-01,2006
1326,https://openalex.org/W2561336855,2016-01-01,2016
1327,https://openalex.org/W2257012353,2015-09-01,2015
1328,https://openalex.org/W3126345945,2019-02-08,2019
1329,https://openalex.org/W4249972369,1960-02-01,1960
1330,https://openalex.org/W2072940406,2013-04-01,2013
1331,https://openalex.org/W2508487856,2016-01-01,2016
1332,https://openalex.org/W2068266245,2001-01-01,2001
1333,https://openalex.org/W4234965326,2012-10-17,2012
1334,https://openalex.org/W3161617875,2020-12-18,2020
1335,https://openalex.org/W1998134247,2009-07-06,2009
1336,https://openalex.org/W2066077978,2009-10-22,2009
1337,https://openalex.org/W2467214597,1984-11-01,1984
1338,https://openalex.org/W2381382747,2016-05-11,2016
1339,https://openalex.org/W2155160465,2002-12-09,2002
1340,https://openalex.org/W4387435886,2023-09-21,2023
1341,https://openalex.org/W2003302376,2007-01-01,2007
1342,https://openalex.org/W4391781865,2024-02-13,2024
1343,https://openalex.org/W2010066001,2014-01-01,2014
1344,https://openalex.org/W2049645401,1998-03-01,1998
1345,https://openalex.org/W2168686247,2003-01-07,2003
1346,https://openalex.org/W3034535463,2020-03-01,2020
1347,https://openalex.org/W1984189002,2012-04-01,2012
1348,https://openalex.org/W3180430202,2021-07-16,2021
1349,https://openalex.org/W3010541109,2020-03-09,2020
1350,https://openalex.org/W1558568349,2014-10-18,2014
1351,https://openalex.org/W3018847579,2020-04-13,2020
1352,https://openalex.org/W7075309397,2017-01-01,2017
1353,https://openalex.org/W320815591,2008-12-01,2008
1354,https://openalex.org/W3008541446,2020-02-27,2020
1355,https://openalex.org/W2170206705,2013-01-01,2013
1356,https://openalex.org/W4252260167,2010-01-01,2010
1357,https://openalex.org/W2101670387,2013-07-22,2013
1358,https://openalex.org/W2077432170,1979-08-01,1979
1359,https://openalex.org/W2029372057,1990-04-01,1990
1360,https://openalex.org/W2042702765,2008-12-20,2008
1361,https://openalex.org/W4403685315,2024-10-23,2024
1362,https://openalex.org/W3094610458,2020-10-27,2020
1363,https://openalex.org/W4319844624,2023-01-01,2023
1364,https://openalex.org/W2123175289,2008-06-01,2008
1365,https://openalex.org/W2985514656,2019-09-01,2019
1366,https://openalex.org/W2605188255,2017-04-07,2017
1367,https://openalex.org/W1956100295,2015-07-01,2015
1368,https://openalex.org/W2402626960,1984-12-01,1984
1369,https://openalex.org/W2036504667,2009-11-04,2009
1370,https://openalex.org/W2076157508,2007-12-01,2007
1371,https://openalex.org/W2034012597,1997-02-28,1997
1372,https://openalex.org/W1520116220,1997-01-01,1997
1373,https://openalex.org/W2211557565,1997-03-01,1997
1374,https://openalex.org/W2042453253,2011-10-28,2011
1375,https://openalex.org/W1987123790,2014-10-24,2014
1376,https://openalex.org/W2809791013,2018-11-09,2018
1377,https://openalex.org/W3175187882,2021-07-02,2021
1378,https://openalex.org/W2792635764,2017-12-28,2017
1379,https://openalex.org/W2006330046,1985-10-20,1985
1380,https://openalex.org/W2460515638,2016-07-02,2016
1381,https://openalex.org/W2942093556,2019-01-01,2019
1382,https://openalex.org/W2064998146,2014-01-01,2014
1383,https://openalex.org/W2013416004,2004-05-26,2004
1384,https://openalex.org/W2085448009,2010-08-18,2010
1385,https://openalex.org/W2114408897,2003-11-01,2003
1386,https://openalex.org/W1964761633,2009-09-01,2009
1387,https://openalex.org/W4281626954,2022-06-10,2022
1388,https://openalex.org/W4398248335,2024-05-23,2024
1389,https://openalex.org/W1994996658,1995-01-01,1995
1390,https://openalex.org/W1964921776,1993-01-01,1993
1391,https://openalex.org/W2169792680,1988-08-01,1988
1392,https://openalex.org/W2477260128,2016-01-01,2016
1393,https://openalex.org/W3111485599,2020-12-11,2020
1394,https://openalex.org/W2116616302,2004-01-01,2004
1395,https://openalex.org/W3104578944,2022-03-18,2022
1396,https://openalex.org/W2104868325,2006-11-01,2006
1397,https://openalex.org/W2053374882,2010-01-01,2010
1398,https://openalex.org/W2896019425,2019-01-01,2019
1399,https://openalex.org/W3127895922,2021-02-01,2021
1400,https://openalex.org/W2004901908,2007-12-01,2007
1401,https://openalex.org/W4361214264,2023-03-28,2023
1402,https://openalex.org/W1999754245,1979-02-01,1979
1403,https://openalex.org/W2003922082,1987-08-21,1987
1404,https://openalex.org/W4405247499,2024-12-10,2024
1405,https://openalex.org/W2790662460,2018-01-27,2018
1406,https://openalex.org/W4361758906,2017-09-01,2017
1407,https://openalex.org/W4241028491,2001-01-01,2001
1408,https://openalex.org/W2121996197,2009-03-17,2009
1409,https://openalex.org/W4410564598,2025-05-21,2025
1410,https://openalex.org/W2374118840,2011-01-01,2011
1411,https://openalex.org/W1485501733,2004-01-01,2004
1412,https://openalex.org/W2009432356,1988-06-01,1988
1413,https://openalex.org/W2399307901,1991-01-01,1991
1414,https://openalex.org/W2096480833,2010-08-17,2010
1415,https://openalex.org/W2100652435,2005-08-24,2005
1416,https://openalex.org/W4221121639,2022-03-19,2022
1417,https://openalex.org/W2318641922,1987-03-01,1987
1418,https://openalex.org/W2338785967,1975-04-10,1975
1419,https://openalex.org/W2159029994,2008-06-01,2008
1420,https://openalex.org/W2092204409,2012-12-17,2012
1421,https://openalex.org/W2921337537,2019-01-01,2019
1422,https://openalex.org/W1983365745,2010-01-01,2010
1423,https://openalex.org/W4205202436,2021-04-08,2021
1424,https://openalex.org/W2241365358,2000-01-01,2000
1425,https://openalex.org/W2062632252,2000-02-01,2000
1426,https://openalex.org/W2096924226,2014-02-28,2014
1427,https://openalex.org/W1799230005,1985-09-01,1985
1428,https://openalex.org/W2077397727,1996-10-01,1996
1429,https://openalex.org/W2352230934,2005-01-01,2005
1430,https://openalex.org/W1965777432,1974-03-01,1974
1431,https://openalex.org/W4288706372,2022-07-29,2022
1432,https://openalex.org/W1997808092,1997-01-01,1997
1433,https://openalex.org/W1965329344,1955-09-01,1955
1434,https://openalex.org/W2292564594,2016-01-04,2016
1435,https://openalex.org/W1973324893,1975-05-01,1975
1436,https://openalex.org/W4361029617,2023-03-26,2023
1437,https://openalex.org/W2080904303,1991-11-01,1991
1438,https://openalex.org/W2243613148,2015-10-01,2015
1439,https://openalex.org/W2060502089,1994-01-12,1994
1440,https://openalex.org/W1988211810,1991-01-01,1991
1441,https://openalex.org/W2319742117,1982-01-01,1982
1442,https://openalex.org/W2759253428,2017-09-28,2017
1443,https://openalex.org/W2436640173,2016-03-14,2016
1444,https://openalex.org/W4391433242,2024-02-01,2024
1445,https://openalex.org/W2069731463,2004-02-13,2004
1446,https://openalex.org/W2981025032,2019-09-20,2019
1447,https://openalex.org/W2065934163,2011-01-01,2011
1448,https://openalex.org/W3196172602,2021-01-01,2021
1449,https://openalex.org/W2137596474,2002-03-01,2002
1450,https://openalex.org/W329150212,2011-01-01,2011
1451,https://openalex.org/W2949551701,2012-06-01,2012
1452,https://openalex.org/W2894573181,2018-10-05,2018
1453,https://openalex.org/W1986162845,2013-06-13,2013
1454,https://openalex.org/W2070749508,1992-01-01,1992
1455,https://openalex.org/W2240492564,2015-10-23,2015
1456,https://openalex.org/W2388819691,2009-01-01,2009
1457,https://openalex.org/W2106572614,1973-12-01,1973
1458,https://openalex.org/W2019916799,2004-01-01,2004
1459,https://openalex.org/W2144482162,1984-01-01,1984
1460,https://openalex.org/W2137701517,2011-06-30,2011
1461,https://openalex.org/W4409590187,2025-04-19,2025
1462,https://openalex.org/W4390566440,2004-07-01,2004
1463,https://openalex.org/W2034286750,2006-11-01,2006
1464,https://openalex.org/W2889053007,2018-08-29,2018
1465,https://openalex.org/W3088781245,2022-02-24,2022
1466,https://openalex.org/W2747097032,2017-07-03,2017
1467,https://openalex.org/W38543120,2010-01-01,2010
1468,https://openalex.org/W2038814899,2013-04-01,2013
1469,https://openalex.org/W2987988463,2019-11-05,2019
1470,https://openalex.org/W590881398,1977-11-01,1977
1471,https://openalex.org/W2140317342,1970-04-02,1970
1472,https://openalex.org/W2781933637,2017-12-31,2017
1473,https://openalex.org/W2024448262,1972-01-01,1972
1474,https://openalex.org/W2045010183,2008-03-20,2008
1475,https://openalex.org/W2027321853,2011-07-15,2011
1476,https://openalex.org/W1996502311,2007-03-15,2007
1477,https://openalex.org/W4230010277,2012-11-01,2012
1478,https://openalex.org/W4294647363,2022-09-05,2022
1479,https://openalex.org/W186401979,2012-12-01,2012
1480,https://openalex.org/W2794514516,2018-03-27,2018
1481,https://openalex.org/W2891229592,2018-01-01,2018
1482,https://openalex.org/W2036459813,2007-02-07,2007
1483,https://openalex.org/W3088358715,2020-09-15,2020
1484,https://openalex.org/W1976301676,2008-03-17,2008
1485,https://openalex.org/W2811076589,2018-06-25,2018
1486,https://openalex.org/W3010262422,2020-03-02,2020
1487,https://openalex.org/W1943609296,1977-08-01,1977
1488,https://openalex.org/W4390344069,2023-12-27,2023
1489,https://openalex.org/W2005307245,2009-10-01,2009
1490,https://openalex.org/W1905369436,2002-01-01,2002
1491,https://openalex.org/W1981175634,1995-06-01,1995
1492,https://openalex.org/W4385829283,2023-08-15,2023
1493,https://openalex.org/W2621535634,2005-01-01,2005
1494,https://openalex.org/W2138852428,2001-07-02,2001
1495,https://openalex.org/W4379535317,2023-06-06,2023
1496,https://openalex.org/W4389613527,2023-12-12,2023
1497,https://openalex.org/W46391292,1978-06-01,1978
1498,https://openalex.org/W2275699041,2011-09-27,2011
1499,https://openalex.org/W2380380178,2008-09-01,2008
1500,https://openalex.org/W2889018109,2018-08-27,2018
1501,https://openalex.org/W1966723505,1976-05-02,1976
1502,https://openalex.org/W157879590,2013-09-09,2013
1503,https://openalex.org/W2790335553,2018-01-01,2018
1504,https://openalex.org/W4399530636,2024-03-28,2024
1505,https://openalex.org/W2148713125,2002-11-22,2002
1506,https://openalex.org/W2268045557,2001-04-15,2001
1507,https://openalex.org/W4312162404,2022-12-01,2022
1508,https://openalex.org/W2109947624,1949-01-01,1949
1509,https://openalex.org/W2511102329,2015-01-01,2015
1510,https://openalex.org/W3103868575,2020-01-01,2020
1511,https://openalex.org/W4388971735,2023-11-24,2023
1512,https://openalex.org/W4304184050,2022-10-11,2022
1513,https://openalex.org/W3007744349,2017-12-13,2017
1514,https://openalex.org/W2029786205,1992-09-01,1992
1515,https://openalex.org/W1871256338,2010-01-01,2010
1516,https://openalex.org/W2003897425,2013-01-01,2013
1517,https://openalex.org/W2339719484,2016-04-21,2016
1518,https://openalex.org/W4405236223,2024-12-10,2024
1519,https://openalex.org/W2230368839,2013-01-01,2013
1520,https://openalex.org/W2396449993,1996-10-01,1996
1521,https://openalex.org/W2589878186,2017-06-13,2017
1522,https://openalex.org/W3196523365,2021-09-02,2021
1523,https://openalex.org/W2356006552,2006-01-01,2006
1524,https://openalex.org/W2245107032,2012-01-01,2012
1525,https://openalex.org/W3196293465,2020-07-31,2020
1526,https://openalex.org/W1694608209,2012-11-15,2012
1527,https://openalex.org/W3165821832,2021-05-01,2021
1528,https://openalex.org/W4385352033,2023-06-29,2023
1529,https://openalex.org/W4388405612,2023-10-09,2023
1530,https://openalex.org/W2592869508,2016-12-01,2016
1531,https://openalex.org/W2043130811,2001-01-01,2001
1532,https://openalex.org/W2913644759,2019-02-13,2019
1533,https://openalex.org/W2099890501,1990-07-01,1990
1534,https://openalex.org/W2963359948,2019-07-25,2019
1535,https://openalex.org/W7074711051,2015-07-08,2015
1536,https://openalex.org/W2523531265,2003-11-24,2003
1537,https://openalex.org/W2946312248,2019-05-20,2019
1538,https://openalex.org/W2134290493,2017-11-21,2017
1539,https://openalex.org/W2966960917,2019-08-05,2019
1540,https://openalex.org/W2073223709,2009-01-30,2009
1541,https://openalex.org/W2172592752,2003-11-01,2003
1542,https://openalex.org/W3132347157,2015-01-01,2015
1543,https://openalex.org/W3134292195,2021-03-04,2021
1544,https://openalex.org/W2153549134,2014-07-28,2014
1545,https://openalex.org/W2083709898,1990-09-10,1990
1546,https://openalex.org/W2090182775,2007-06-15,2007
1547,https://openalex.org/W4295886823,2022-09-11,2022
1548,https://openalex.org/W1539035729,2015-01-01,2015
1549,https://openalex.org/W1986719766,1974-08-27,1974
1550,https://openalex.org/W3000298575,2020-01-01,2020
1551,https://openalex.org/W1592740318,2008-01-01,2008
1552,https://openalex.org/W2096611133,2013-02-08,2013
1553,https://openalex.org/W3199559895,2021-09-12,2021
1554,https://openalex.org/W2970840311,2019-06-01,2019
1555,https://openalex.org/W4400748444,2024-07-17,2024
1556,https://openalex.org/W2299512415,2011-10-31,2011
1557,https://openalex.org/W2041520155,2001-03-01,2001
1558,https://openalex.org/W2483060964,2013-05-04,2013
1559,https://openalex.org/W4391693720,2024-02-09,2024
1560,https://openalex.org/W2050103860,1946-05-11,1946
1561,https://openalex.org/W1994725207,2013-12-04,2013
1562,https://openalex.org/W2053350407,2009-11-25,2009
1563,https://openalex.org/W2525071142,2016-07-01,2016
1564,https://openalex.org/W2066796672,1996-08-01,1996
1565,https://openalex.org/W2974972014,2019-05-31,2019
1566,https://openalex.org/W2736414683,2017-07-21,2017
1567,https://openalex.org/W4404914558,2024-01-01,2024
1568,https://openalex.org/W2785396224,2018-01-01,2018
1569,https://openalex.org/W1998246473,2012-11-02,2012
1570,https://openalex.org/W4379986763,2023-05-25,2023
1571,https://openalex.org/W2048040776,2012-01-26,2012
1572,https://openalex.org/W2002011973,1994-01-01,1994
1573,https://openalex.org/W4283080806,2022-06-17,2022
1574,https://openalex.org/W1527404380,2002-12-24,2002
1575,https://openalex.org/W2103588312,1987-07-01,1987
1576,https://openalex.org/W2022399099,2009-01-01,2009
1577,https://openalex.org/W2921995607,2019-03-11,2019
1578,https://openalex.org/W2027922740,2013-01-01,2013
1579,https://openalex.org/W2156821500,2009-03-16,2009
1580,https://openalex.org/W3163966128,2021-05-21,2021
1581,https://openalex.org/W2622813378,2016-01-01,2016
1582,https://openalex.org/W1673301110,2012-08-20,2012
1583,https://openalex.org/W2123008113,2004-05-01,2004
1584,https://openalex.org/W1972502614,2009-09-22,2009
1585,https://openalex.org/W2021890761,2005-02-01,2005
1586,https://openalex.org/W2115195144,2005-11-15,2005
1587,https://openalex.org/W2497180920,1934-08-01,1934
1588,https://openalex.org/W2725518234,2017-01-01,2017
1589,https://openalex.org/W1567867192,2014-01-29,2014
1590,https://openalex.org/W1553187010,2012-01-01,2012
1591,https://openalex.org/W2324980859,1982-01-01,1982
1592,https://openalex.org/W2160678860,2008-04-11,2008
1593,https://openalex.org/W2022717281,2010-07-01,2010
1594,https://openalex.org/W2020398207,2007-06-01,2007
1595,https://openalex.org/W3032490065,2013-02-10,2013
1596,https://openalex.org/W2098670012,2003-08-27,2003
1597,https://openalex.org/W2331417415,1993-12-01,1993
1598,https://openalex.org/W4362468206,2023-03-31,2023
1599,https://openalex.org/W2070195069,2012-10-26,2012
1600,https://openalex.org/W2095234017,2004-07-01,2004
1601,https://openalex.org/W2334884777,2012-10-29,2012
1602,https://openalex.org/W1989316501,2012-08-01,2012
1603,https://openalex.org/W1968636937,2004-02-11,2004
1604,https://openalex.org/W1640173597,2015-08-01,2015
1605,https://openalex.org/W3107714436,2020-11-13,2020
1606,https://openalex.org/W834462032,1995-09-01,1995
1607,https://openalex.org/W2071976720,2015-04-29,2015
1608,https://openalex.org/W2559329335,2016-12-01,2016
1609,https://openalex.org/W4220704998,2022-01-31,2022
1610,https://openalex.org/W2997204292,2019-12-31,2019
1611,https://openalex.org/W2462928719,2016-07-06,2016
1612,https://openalex.org/W2003090603,2010-08-20,2010
1613,https://openalex.org/W4367857154,2023-05-01,2023
1614,https://openalex.org/W237419543,1998-12-01,1998
1615,https://openalex.org/W2904237858,2018-01-01,2018
1616,https://openalex.org/W2081577798,2004-11-01,2004
1617,https://openalex.org/W1969684909,2007-01-04,2007
1618,https://openalex.org/W2077964735,2014-12-01,2014
1619,https://openalex.org/W1988997343,2014-07-01,2014
1620,https://openalex.org/W2970987685,2019-01-01,2019
1621,https://openalex.org/W4229742597,2020-07-19,2020
1622,https://openalex.org/W2897349098,2018-10-22,2018
1623,https://openalex.org/W3041603881,2020-07-03,2020
1624,https://openalex.org/W2149087190,2014-11-07,2014
1625,https://openalex.org/W4280530145,2022-05-17,2022
1626,https://openalex.org/W2939765667,2019-02-01,2019
1627,https://openalex.org/W2900656997,2018-10-17,2018
1628,https://openalex.org/W3209380908,2021-10-21,2021
1629,https://openalex.org/W2084253690,1997-12-01,1997
1630,https://openalex.org/W2958918493,2019-07-12,2019
1631,https://openalex.org/W4410545687,2025-05-21,2025
1632,https://openalex.org/W2074825745,2014-01-01,2014
1633,https://openalex.org/W1966928657,2011-01-01,2011
1634,https://openalex.org/W2187166593,2014-01-01,2014
1635,https://openalex.org/W1981948492,1993-06-01,1993
1636,https://openalex.org/W4313465855,2010-02-01,2010
1637,https://openalex.org/W3139262106,2021-01-01,2021
1638,https://openalex.org/W2536811937,2015-01-01,2015
1639,https://openalex.org/W4409916742,2025-01-01,2025
1640,https://openalex.org/W2329959264,2011-01-31,2011
1641,https://openalex.org/W2943762876,2019-01-01,2019
1642,https://openalex.org/W2290749787,2002-01-01,2002
1643,https://openalex.org/W2157228717,1981-08-01,1981
1644,https://openalex.org/W1905347920,2010-12-01,2010
1645,https://openalex.org/W3123074824,2006-09-15,2006
1646,https://openalex.org/W2187401419,2015-05-04,2015
1647,https://openalex.org/W1860659552,2003-03-01,2003
1648,https://openalex.org/W2538214005,2008-11-01,2008
1649,https://openalex.org/W1508673571,1979-04-24,1979
1650,https://openalex.org/W3217644137,2017-04-28,2017
1651,https://openalex.org/W4401858288,2024-08-03,2024
1652,https://openalex.org/W2008643693,2011-08-16,2011
1653,https://openalex.org/W2421253446,2002-03-01,2002
1654,https://openalex.org/W2588734280,2017-02-15,2017
1655,https://openalex.org/W2219485583,1977-02-01,1977
1656,https://openalex.org/W2093480892,1977-12-13,1977
1657,https://openalex.org/W2036032183,1960-01-01,1960
1658,https://openalex.org/W1963560823,1982-04-01,1982
1659,https://openalex.org/W2082597359,1982-02-01,1982
1660,https://openalex.org/W3010661176,2020-02-01,2020
1661,https://openalex.org/W2163915300,2006-02-17,2006
1662,https://openalex.org/W2066540685,2013-06-01,2013
1663,https://openalex.org/W3216138001,2021-11-29,2021
1664,https://openalex.org/W2037889174,2009-09-28,2009
1665,https://openalex.org/W4308640901,2022-11-09,2022
1666,https://openalex.org/W2090043267,2008-03-01,2008
1667,https://openalex.org/W4311378573,2022-12-13,2022
1668,https://openalex.org/W2029955961,2006-01-01,2006
1669,https://openalex.org/W3136588013,2021-03-24,2021
1670,https://openalex.org/W3157331463,2021-04-30,2021
1671,https://openalex.org/W2032708567,2015-04-27,2015
1672,https://openalex.org/W2973229788,2019-01-01,2019
1673,https://openalex.org/W3135787941,2021-03-01,2021
1674,https://openalex.org/W2046445017,2013-01-01,2013
1675,https://openalex.org/W2148056869,2003-06-04,2003
1676,https://openalex.org/W2601493545,2020-09-03,2020
1677,https://openalex.org/W3214441025,2021-11-19,2021
1678,https://openalex.org/W1756379361,2010-06-25,2010
1679,https://openalex.org/W3160517203,2021-01-01,2021
1680,https://openalex.org/W2951525859,2019-06-14,2019
1681,https://openalex.org/W2007904734,1980-03-01,1980
1682,https://openalex.org/W4298392640,2022-10-01,2022
1683,https://openalex.org/W4323666596,2023-03-09,2023
1684,https://openalex.org/W6929168705,2022-03-18,2022
1685,https://openalex.org/W2884252680,2018-07-27,2018
1686,https://openalex.org/W2793616542,2018-02-08,2018
1687,https://openalex.org/W2044247774,1983-01-01,1983
1688,https://openalex.org/W3211479402,2010-06-30,2010
1689,https://openalex.org/W140220701,2013-01-01,2013
1690,https://openalex.org/W2002240052,1985-01-01,1985
1691,https://openalex.org/W4206447407,1997-03-03,1997
1692,https://openalex.org/W2963858148,2019-07-24,2019
1693,https://openalex.org/W1969986433,2000-11-13,2000
1694,https://openalex.org/W2327977772,2013-06-24,2013
1695,https://openalex.org/W4236547547,1964-03-01,1964
1696,https://openalex.org/W2047220791,1998-12-10,1998
1697,https://openalex.org/W1943782056,1986-09-01,1986
1698,https://openalex.org/W2131436683,2007-02-01,2007
1699,https://openalex.org/W2415098295,1965-01-01,1965
1700,https://openalex.org/W2811639738,1984-12-01,1984
1701,https://openalex.org/W2015937861,2009-02-07,2009
1702,https://openalex.org/W2015896408,1931-05-01,1931
1703,https://openalex.org/W3038769154,2020-06-26,2020
1704,https://openalex.org/W2116833850,2011-04-01,2011
1705,https://openalex.org/W1973898312,1960-12-01,1960
1706,https://openalex.org/W1972034153,2003-09-01,2003
1707,https://openalex.org/W2996834813,2020-04-03,2020
1708,https://openalex.org/W2736100167,1951-06-01,1951
1709,https://openalex.org/W2123958815,2015-09-23,2015
1710,https://openalex.org/W2472465292,2016-01-01,2016
1711,https://openalex.org/W2267948169,2008-02-10,2008
1712,https://openalex.org/W2407101933,1994-02-01,1994
1713,https://openalex.org/W2317598168,1997-01-01,1997
1714,https://openalex.org/W1489286079,2011-01-01,2011
1715,https://openalex.org/W2038708662,2007-01-01,2007
1716,https://openalex.org/W2057521354,1984-05-01,1984
1717,https://openalex.org/W2906732338,2019-01-07,2019
1718,https://openalex.org/W4400790396,2017-04-30,2017
1719,https://openalex.org/W2143856710,2009-08-24,2009
1720,https://openalex.org/W4408218795,2025-03-05,2025
1721,https://openalex.org/W4224488452,2022-04-26,2022
1722,https://openalex.org/W3008071035,2019-01-01,2019
1723,https://openalex.org/W2508248171,2016-07-01,2016
1724,https://openalex.org/W2149283438,2004-11-03,2004
1725,https://openalex.org/W2079748176,2008-07-01,2008
1726,https://openalex.org/W3137497967,2021-03-22,2021
1727,https://openalex.org/W2058190714,1997-08-01,1997
1728,https://openalex.org/W2084642324,1985-01-01,1985
1729,https://openalex.org/W2122730491,1983-12-01,1983
1730,https://openalex.org/W2120478165,1996-06-01,1996
1731,https://openalex.org/W2096670339,2013-09-06,2013
1732,https://openalex.org/W4409342504,2025-04-01,2025
1733,https://openalex.org/W2979238558,2019-06-01,2019
1734,https://openalex.org/W2026237395,2015-07-01,2015
1735,https://openalex.org/W2100522629,2010-12-01,2010
1736,https://openalex.org/W3133881889,2021-01-01,2021
1737,https://openalex.org/W2014592571,1942-01-01,1942
1738,https://openalex.org/W2320842047,1968-11-01,1968
1739,https://openalex.org/W2092450239,1966-01-07,1966
1740,https://openalex.org/W1992684269,1977-01-01,1977
1741,https://openalex.org/W3010281092,2020-01-01,2020
1742,https://openalex.org/W2587021088,2017-02-01,2017
1743,https://openalex.org/W3217774644,2021-11-01,2021
1744,https://openalex.org/W2961448915,2019-07-05,2019
1745,https://openalex.org/W3162425178,2021-05-01,2021
1746,https://openalex.org/W2567431781,2016-12-16,2016
1747,https://openalex.org/W2309866504,1985-01-01,1985
1748,https://openalex.org/W3162174341,2021-05-12,2021
1749,https://openalex.org/W2546590150,2015-09-17,2015
1750,https://openalex.org/W2079654034,1997-03-15,1997
1751,https://openalex.org/W745159787,2001-11-01,2001
1752,https://openalex.org/W2954063559,2018-09-01,2018
1753,https://openalex.org/W2358754897,2005-01-01,2005
1754,https://openalex.org/W2803741747,2018-01-01,2018
1755,https://openalex.org/W2090240827,2013-08-29,2013
1756,https://openalex.org/W1964326021,1997-07-19,1997
1757,https://openalex.org/W3089569233,2020-01-01,2020
1758,https://openalex.org/W2727377640,2017-01-01,2017
1759,https://openalex.org/W2134027946,1928-08-01,1928
1760,https://openalex.org/W2966246499,2019-07-26,2019
1761,https://openalex.org/W4395114000,2024-04-24,2024
1762,https://openalex.org/W2137215602,1968-02-19,1968
1763,https://openalex.org/W3008564614,2020-03-20,2020
1764,https://openalex.org/W4308587144,2022-11-08,2022
1765,https://openalex.org/W1975395689,2011-05-26,2011
1766,https://openalex.org/W2273288572,2012-01-01,2012
1767,https://openalex.org/W4225327466,2022-04-04,2022
1768,https://openalex.org/W2158485455,2015-05-13,2015
1769,https://openalex.org/W2440293497,1992-01-01,1992
1770,https://openalex.org/W4412040660,2025-07-03,2025
1771,https://openalex.org/W4324334057,2023-03-16,2023
1772,https://openalex.org/W2522464121,2016-09-20,2016
1773,https://openalex.org/W2919975364,2018-11-01,2018
1774,https://openalex.org/W2917763325,2019-02-20,2019
1775,https://openalex.org/W2050244298,2014-06-06,2014
1776,https://openalex.org/W2900117361,2018-11-06,2018
1777,https://openalex.org/W2536589680,2016-10-01,2016
1778,https://openalex.org/W2466873807,2016-06-01,2016
1779,https://openalex.org/W2739956123,2016-01-01,2016
1780,https://openalex.org/W7000495129,2022-05-01,2022
1781,https://openalex.org/W2275380558,2015-05-13,2015
1782,https://openalex.org/W3120756248,2020-12-01,2020
1783,https://openalex.org/W3035377873,2020-01-01,2020
1784,https://openalex.org/W4297504250,2022-09-26,2022
1785,https://openalex.org/W4394756661,2024-04-12,2024
1786,https://openalex.org/W2021555471,1988-04-01,1988
1787,https://openalex.org/W2070904517,1999-03-01,1999
1788,https://openalex.org/W4407667896,2025-02-01,2025
1789,https://openalex.org/W2902600242,2018-12-05,2018
1790,https://openalex.org/W2596540254,2017-09-28,2017
1791,https://openalex.org/W2169886347,2010-09-15,2010
1792,https://openalex.org/W4390339518,2023-12-28,2023
1793,https://openalex.org/W4402423389,2024-09-09,2024
1794,https://openalex.org/W2169255399,2009-08-27,2009
1795,https://openalex.org/W2321223977,2013-03-29,2013
1796,https://openalex.org/W131685220,2016-01-01,2016
1797,https://openalex.org/W2506862161,2001-07-07,2001
1798,https://openalex.org/W1608239929,1993-04-01,1993
1799,https://openalex.org/W4285553352,2021-01-01,2021
1800,https://openalex.org/W2315394998,2010-01-01,2010
1801,https://openalex.org/W2042083211,1968-04-01,1968
1802,https://openalex.org/W2600166039,2017-01-01,2017
1803,https://openalex.org/W1968869856,2001-09-01,2001
1804,https://openalex.org/W2953513399,2019-07-03,2019
1805,https://openalex.org/W2608593787,1988-01-01,1988
1806,https://openalex.org/W1500731693,1993-02-01,1993
1807,https://openalex.org/W2158687962,2005-10-01,2005
1808,https://openalex.org/W1954041338,1986-05-01,1986
1809,https://openalex.org/W7074206296,2015-01-01,2015
1810,https://openalex.org/W2058947613,1954-08-01,1954
1811,https://openalex.org/W3112241070,2020-12-15,2020
1812,https://openalex.org/W1861137128,2011-08-27,2011
1813,https://openalex.org/W4401593992,2024-08-14,2024
1814,https://openalex.org/W2902381568,2018-12-04,2018
1815,https://openalex.org/W2901326760,2018-11-21,2018
1816,https://openalex.org/W2119211864,2014-01-06,2014
1817,https://openalex.org/W1513145636,2000-09-01,2000
1818,https://openalex.org/W1590805426,2005-07-06,2005
1819,https://openalex.org/W2061534124,1971-10-01,1971
1820,https://openalex.org/W2400949553,1984-02-01,1984
1821,https://openalex.org/W2186660763,2012-01-01,2012
1822,https://openalex.org/W2605597681,1953-01-01,1953
1823,https://openalex.org/W1583209742,2014-11-26,2014
1824,https://openalex.org/W1601403724,2005-01-01,2005
1825,https://openalex.org/W1990358345,2014-09-01,2014
1826,https://openalex.org/W3217729678,2021-12-30,2021
1827,https://openalex.org/W4400364330,2024-04-01,2024
1828,https://openalex.org/W2765435725,2017-01-01,2017
1829,https://openalex.org/W1970193736,2007-09-01,2007
1830,https://openalex.org/W3163280387,2021-04-01,2021
1831,https://openalex.org/W2075540297,1966-06-01,1966
1832,https://openalex.org/W2739267344,2017-07-14,2017
1833,https://openalex.org/W1998912874,2010-05-01,2010
1834,https://openalex.org/W2594233416,2008-11-16,2008
1835,https://openalex.org/W4408998016,2025-03-31,2025
1836,https://openalex.org/W2025371757,2000-12-01,2000
1837,https://openalex.org/W1807268812,2009-09-16,2009
1838,https://openalex.org/W2152944405,2003-01-06,2003
1839,https://openalex.org/W2576002596,2016-11-29,2016
1840,https://openalex.org/W2072876625,2011-05-12,2011
1841,https://openalex.org/W815723072,2015-09-11,2015
1842,https://openalex.org/W4319063156,2023-02-03,2023
1843,https://openalex.org/W4230163699,1996-01-01,1996
1844,https://openalex.org/W2065728220,2000-10-14,2000
1845,https://openalex.org/W3089485393,2020-05-01,2020
1846,https://openalex.org/W2300254304,1981-01-01,1981
1847,https://openalex.org/W2056532765,2005-05-26,2005
1848,https://openalex.org/W4381196366,2023-04-30,2023
1849,https://openalex.org/W2019666491,2014-05-10,2014
1850,https://openalex.org/W2082526324,1988-07-01,1988
1851,https://openalex.org/W2043211185,1972-03-01,1972
1852,https://openalex.org/W2319990772,2003-04-01,2003
1853,https://openalex.org/W2749788821,2017-08-21,2017
1854,https://openalex.org/W2435164595,1957-05-01,1957
1855,https://openalex.org/W2010732394,1996-05-01,1996
1856,https://openalex.org/W2326468309,2012-10-01,2012
1857,https://openalex.org/W3145967956,1929-03-01,1929
1858,https://openalex.org/W1990912026,1977-10-01,1977
1859,https://openalex.org/W2996855667,2019-12-23,2019
1860,https://openalex.org/W4312224782,2022-12-28,2022
1861,https://openalex.org/W1570220621,2001-06-01,2001
1862,https://openalex.org/W4315703385,2023-01-12,2023
1863,https://openalex.org/W2062608816,1983-07-01,1983
1864,https://openalex.org/W1503622742,1969-09-01,1969
1865,https://openalex.org/W1977511523,1996-01-01,1996
1866,https://openalex.org/W2054556165,1997-05-31,1997
1867,https://openalex.org/W622867577,1999-01-01,1999
1868,https://openalex.org/W2884981120,2018-07-20,2018
1869,https://openalex.org/W3161280960,2021-05-01,2021
1870,https://openalex.org/W2747411965,1995-01-01,1995
1871,https://openalex.org/W2487889295,2016-08-04,2016
1872,https://openalex.org/W2165274323,2005-02-01,2005
1873,https://openalex.org/W4223505033,2022-04-12,2022
1874,https://openalex.org/W2468310276,2016-07-11,2016
1875,https://openalex.org/W4393242600,2023-09-30,2023
1876,https://openalex.org/W2031595944,1992-04-01,1992
1877,https://openalex.org/W4393007064,2024-03-20,2024
1878,https://openalex.org/W2978191534,2008-09-01,2008
1879,https://openalex.org/W1964406563,2014-05-29,2014
1880,https://openalex.org/W98534450,2008-09-22,2008
1881,https://openalex.org/W2006092011,2004-03-12,2004
1882,https://openalex.org/W4377967930,2023-05-24,2023
1883,https://openalex.org/W1987431581,2003-06-01,2003
1884,https://openalex.org/W4391994543,2024-02-21,2024
1885,https://openalex.org/W2743535163,2017-05-01,2017
1886,https://openalex.org/W22011852,2009-04-17,2009
1887,https://openalex.org/W1966554200,1966-02-01,1966
1888,https://openalex.org/W1517752879,1996-01-01,1996
1889,https://openalex.org/W4389783898,2023-12-14,2023
1890,https://openalex.org/W2162322285,1974-05-01,1974
1891,https://openalex.org/W2736664595,2007-01-01,2007
1892,https://openalex.org/W2897309008,2018-10-19,2018
1893,https://openalex.org/W2643647219,2017-06-21,2017
1894,https://openalex.org/W2150760091,2015-02-13,2015
1895,https://openalex.org/W1585956020,2007-09-05,2007
1896,https://openalex.org/W2517698555,2016-01-01,2016
1897,https://openalex.org/W1032169820,2015-01-01,2015
1898,https://openalex.org/W2334296334,1976-01-01,1976
1899,https://openalex.org/W1993523095,1970-04-01,1970
1900,https://openalex.org/W3127051346,2020-12-01,2020
1901,https://openalex.org/W3192609868,2021-09-21,2021
1902,https://openalex.org/W1883604343,2006-09-01,2006
1903,https://openalex.org/W2562750088,2015-11-03,2015
1904,https://openalex.org/W2999661231,2020-01-09,2020
1905,https://openalex.org/W2300962088,2022-09-19,2022
1906,https://openalex.org/W2548535001,2012-12-01,2012
1907,https://openalex.org/W4412124332,2025-07-09,2025
1908,https://openalex.org/W2533897212,2016-10-24,2016
1909,https://openalex.org/W26303551,1992-01-01,1992
1910,https://openalex.org/W6963027504,2019-10-31,2019
1911,https://openalex.org/W2035387806,2010-12-14,2010
1912,https://openalex.org/W1975136717,2005-01-01,2005
1913,https://openalex.org/W2093632621,1981-09-01,1981
1914,https://openalex.org/W2950608487,1994-08-09,1994
1915,https://openalex.org/W3119888378,2021-01-01,2021
1916,https://openalex.org/W3214227395,2021-11-05,2021
1917,https://openalex.org/W2025318586,2007-02-21,2007
1918,https://openalex.org/W3030495765,2019-10-28,2019
1919,https://openalex.org/W3111997330,2020-12-03,2020
1920,https://openalex.org/W2002091252,2014-08-11,2014
1921,https://openalex.org/W2022323230,1977-11-01,1977
1922,https://openalex.org/W1572941253,2003-08-29,2003
1923,https://openalex.org/W3128800335,2021-01-02,2021
1924,https://openalex.org/W2724999917,2017-07-05,2017
1925,https://openalex.org/W4402491349,2024-09-04,2024
1926,https://openalex.org/W4401277007,2024-08-01,2024
1927,https://openalex.org/W3121817536,2019-01-01,2019
1928,https://openalex.org/W1974743003,2010-09-01,2010
1929,https://openalex.org/W1985914995,1980-04-01,1980
1930,https://openalex.org/W2971705142,2019-07-29,2019
1931,https://openalex.org/W4407116886,2024-12-02,2024
1932,https://openalex.org/W4231444395,1992-11-01,1992
1933,https://openalex.org/W2143235174,2004-01-01,2004
1934,https://openalex.org/W4238775562,1964-01-01,1964
1935,https://openalex.org/W2164481778,2013-11-20,2013
1936,https://openalex.org/W1612077591,2015-08-20,2015
1937,https://openalex.org/W2144670446,1990-04-01,1990
1938,https://openalex.org/W2115708110,2003-06-25,2003
1939,https://openalex.org/W3132797226,2021-02-18,2021
1940,https://openalex.org/W3123268316,2021-01-19,2021
1941,https://openalex.org/W2520631838,2014-09-16,2014
1942,https://openalex.org/W2142666576,2010-06-30,2010
1943,https://openalex.org/W2030808296,2015-02-01,2015
1944,https://openalex.org/W3208716820,2021-10-28,2021
1945,https://openalex.org/W2335221532,2011-03-01,2011
1946,https://openalex.org/W2122574093,2004-02-19,2004
1947,https://openalex.org/W4297193113,2022-09-25,2022
1948,https://openalex.org/W2329475340,1942-09-01,1942
1949,https://openalex.org/W2011408362,2010-09-01,2010
1950,https://openalex.org/W2423738363,1992-05-01,1992
1951,https://openalex.org/W3009332560,1984-04-01,1984
1952,https://openalex.org/W2006768161,1982-12-15,1982
1953,https://openalex.org/W2129939701,2006-11-28,2006
1954,https://openalex.org/W3011402910,2020-03-17,2020
1955,https://openalex.org/W2169236275,2008-11-01,2008
1956,https://openalex.org/W3038835228,2020-06-26,2020
1957,https://openalex.org/W3088299305,2020-09-16,2020
1958,https://openalex.org/W2894772632,2016-01-01,2016
1959,https://openalex.org/W2127583626,2002-03-01,2002
1960,https://openalex.org/W1992498691,2001-07-02,2001
1961,https://openalex.org/W3116781548,2020-11-20,2020
1962,https://openalex.org/W3185090189,2021-07-27,2021
1963,https://openalex.org/W2320236264,1956-01-01,1956
1964,https://openalex.org/W2412195140,2015-11-01,2015
1965,https://openalex.org/W4294123291,2022-09-01,2022
1966,https://openalex.org/W2165935693,2009-06-11,2009
1967,https://openalex.org/W4321792914,2023-02-24,2023
1968,https://openalex.org/W2015683060,2008-12-31,2008
1969,https://openalex.org/W2129241285,2004-09-01,2004
1970,https://openalex.org/W2049238344,2015-03-16,2015
1971,https://openalex.org/W2726678465,2017-06-29,2017
1972,https://openalex.org/W2016517829,2003-05-01,2003
1973,https://openalex.org/W2082617723,2005-06-01,2005
1974,https://openalex.org/W2034119616,1982-01-02,1982
1975,https://openalex.org/W2150525080,1998-11-01,1998
1976,https://openalex.org/W2888236706,2018-08-21,2018
1977,https://openalex.org/W4238926616,2001-05-01,2001
1978,https://openalex.org/W3024478716,2017-06-18,2017
1979,https://openalex.org/W2333266348,1981-01-01,1981
1980,https://openalex.org/W2076761979,1979-12-01,1979
1981,https://openalex.org/W4391095666,2024-01-22,2024
1982,https://openalex.org/W4322615864,2023-02-24,2023
1983,https://openalex.org/W4408776121,2024-09-19,2024
1984,https://openalex.org/W4224306072,2022-04-19,2022
1985,https://openalex.org/W1998224639,2003-05-20,2003
1986,https://openalex.org/W4323663955,2023-03-09,2023
1987,https://openalex.org/W2074037225,1992-04-01,1992
1988,https://openalex.org/W2074758946,2001-04-01,2001
1989,https://openalex.org/W2114663182,2007-06-15,2007
1990,https://openalex.org/W2582478181,2017-01-23,2017
1991,https://openalex.org/W2009062502,2008-03-03,2008
1992,https://openalex.org/W2899172238,2018-10-25,2018
1993,https://openalex.org/W2122033309,2011-10-20,2011
1994,https://openalex.org/W4282961752,2022-06-15,2022
1995,https://openalex.org/W3196594846,2020-10-28,2020
1996,https://openalex.org/W2132766756,2007-08-01,2007
1997,https://openalex.org/W4304815933,2022-09-26,2022
1998,https://openalex.org/W4239788964,1990-04-01,1990
1999,https://openalex.org/W1975571652,1989-05-01,1989
2000,https://openalex.org/W2950158361,2015-07-01,2015
2001,https://openalex.org/W4394753058,2023-05-01,2023
2002,https://openalex.org/W187775234,1995-03-01,1995
2003,https://openalex.org/W4206811879,2019-10-25,2019
2004,https://openalex.org/W4410301829,2025-05-12,2025
2005,https://openalex.org/W1983637387,1996-01-01,1996
2006,https://openalex.org/W2118801347,2006-03-30,2006
2007,https://openalex.org/W2389592833,2006-01-01,2006
2008,https://openalex.org/W4309012924,2022-11-12,2022
2009,https://openalex.org/W2052904453,2003-12-01,2003
2010,https://openalex.org/W2019603895,1983-01-01,1983
2011,https://openalex.org/W324372680,2009-12-01,2009
2012,https://openalex.org/W2809864211,2007-12-15,2007
2013,https://openalex.org/W4232667520,2019-10-01,2019
2014,https://openalex.org/W2004116709,2013-07-03,2013
2015,https://openalex.org/W2096185559,1972-10-01,1972
2016,https://openalex.org/W4407800618,2025-02-20,2025
2017,https://openalex.org/W2745456378,2017-08-28,2017
2018,https://openalex.org/W2159041027,2011-12-01,2011
2019,https://openalex.org/W2399492502,2008-01-01,2008
2020,https://openalex.org/W2095154591,1977-01-01,1977
2021,https://openalex.org/W2089702819,2008-03-15,2008
2022,https://openalex.org/W2940693898,2019-04-01,2019
2023,https://openalex.org/W2415464324,2016-05-30,2016
2024,https://openalex.org/W4287583376,2022-01-01,2022
2025,https://openalex.org/W2886750607,2017-11-30,2017
2026,https://openalex.org/W2390534979,2005-01-01,2005
2027,https://openalex.org/W1997875386,2010-05-19,2010
2028,https://openalex.org/W1991733645,2005-08-12,2005
2029,https://openalex.org/W2909192819,2018-01-01,2018
2030,https://openalex.org/W2046291545,1987-05-01,1987
2031,https://openalex.org/W4293082232,2022-06-09,2022
2032,https://openalex.org/W2353132210,2002-05-01,2002
2033,https://openalex.org/W2235776073,2015-01-01,2015
2034,https://openalex.org/W2047045095,2001-08-01,2001
2035,https://openalex.org/W1526954792,2015-05-01,2015
2036,https://openalex.org/W4396507052,2024-04-30,2024
2037,https://openalex.org/W2160984952,2013-06-04,2013
2038,https://openalex.org/W1991098454,1999-03-20,1999
2039,https://openalex.org/W2069442123,1999-01-05,1999
2040,https://openalex.org/W2256628628,2014-01-01,2014
2041,https://openalex.org/W3107535636,2020-10-01,2020
2042,https://openalex.org/W2599759740,2017-03-01,2017
2043,https://openalex.org/W2599234797,2015-08-20,2015
2044,https://openalex.org/W2764281603,2017-01-01,2017
2045,https://openalex.org/W4406596570,2025-01-19,2025
2046,https://openalex.org/W1998337308,1979-05-01,1979
2047,https://openalex.org/W1485478101,2008-04-24,2008
2048,https://openalex.org/W2329606429,2012-01-01,2012
2049,https://openalex.org/W2907952720,2018-12-28,2018
2050,https://openalex.org/W2033984836,2004-05-17,2004
2051,https://openalex.org/W2107218529,1954-01-01,1954
2052,https://openalex.org/W2073262542,1986-11-14,1986
2053,https://openalex.org/W2605501530,2017-01-01,2017
2054,https://openalex.org/W1485403083,2008-06-01,2008
2055,https://openalex.org/W2137884292,1999-09-01,1999
2056,https://openalex.org/W2148380845,2009-09-01,2009
2057,https://openalex.org/W2036213815,2013-08-01,2013
2058,https://openalex.org/W2397295187,1997-03-01,1997
2059,https://openalex.org/W4220859692,2022-03-31,2022
2060,https://openalex.org/W2955868404,2019-06-26,2019
2061,https://openalex.org/W2106986654,1978-09-01,1978
2062,https://openalex.org/W2145820112,1989-04-01,1989
2063,https://openalex.org/W2096689280,2005-03-24,2005
2064,https://openalex.org/W2335591609,1996-01-01,1996
2065,https://openalex.org/W1976135734,1993-01-01,1993
2066,https://openalex.org/W2397613441,2016-01-01,2016
2067,https://openalex.org/W2164919478,2008-05-21,2008
2068,https://openalex.org/W1980399606,2010-01-01,2010
2069,https://openalex.org/W2802466511,2018-05-09,2018
2070,https://openalex.org/W1977977740,1989-04-01,1989
2071,https://openalex.org/W4312988143,2021-11-16,2021
2072,https://openalex.org/W2238901742,2014-01-01,2014
2073,https://openalex.org/W3006629274,2020-02-11,2020
2074,https://openalex.org/W2012492475,2005-01-01,2005
2075,https://openalex.org/W4400769342,2024-07-18,2024
2076,https://openalex.org/W2566119726,2016-06-28,2016
2077,https://openalex.org/W4285159522,2022-04-01,2022
2078,https://openalex.org/W3216587059,2021-11-29,2021
2079,https://openalex.org/W4293199752,2022-08-26,2022
2080,https://openalex.org/W2053037330,2010-10-01,2010
2081,https://openalex.org/W4389733672,2023-12-14,2023
2082,https://openalex.org/W1593344022,2002-03-04,2002
2083,https://openalex.org/W4312229785,2008-01-01,2008
2084,https://openalex.org/W3201259251,2021-09-14,2021
2085,https://openalex.org/W1964864643,1964-08-10,1964
2086,https://openalex.org/W2316555282,2011-06-01,2011
2087,https://openalex.org/W2355740202,2005-01-01,2005
2088,https://openalex.org/W2064496402,2003-08-01,2003
2089,https://openalex.org/W4281690171,2022-05-30,2022
2090,https://openalex.org/W4254799603,2002-05-01,2002
2091,https://openalex.org/W4391486115,2024-02-02,2024
2092,https://openalex.org/W3161235899,2021-04-03,2021
2093,https://openalex.org/W616192426,1977-01-01,1977
2094,https://openalex.org/W187816412,1998-04-01,1998
2095,https://openalex.org/W2114994842,1998-03-01,1998
2096,https://openalex.org/W2802738321,2003-06-12,2003
2097,https://openalex.org/W2003238174,2011-08-01,2011
2098,https://openalex.org/W4384933505,2023-07-20,2023
2099,https://openalex.org/W2140502946,1997-08-01,1997
2100,https://openalex.org/W1994872296,2006-09-12,2006
2101,https://openalex.org/W2614374371,2012-01-01,2012
2102,https://openalex.org/W2901975463,2018-10-30,2018
2103,https://openalex.org/W2259883578,1998-01-01,1998
2104,https://openalex.org/W2028023159,2013-01-01,2013
2105,https://openalex.org/W2159947276,2010-03-26,2010
2106,https://openalex.org/W3164103751,2021-05-20,2021
2107,https://openalex.org/W2512252358,2016-01-01,2016
2108,https://openalex.org/W2332756091,2015-11-01,2015
2109,https://openalex.org/W4391878824,2024-02-16,2024
2110,https://openalex.org/W2101868286,2012-05-11,2012
2111,https://openalex.org/W1985314492,1998-03-17,1998
2112,https://openalex.org/W2026908610,2007-02-01,2007
2113,https://openalex.org/W2092259378,2011-05-28,2011
2114,https://openalex.org/W2948632836,2019-06-06,2019
2115,https://openalex.org/W2008939262,2004-10-28,2004
2116,https://openalex.org/W1986809710,2000-05-01,2000
2117,https://openalex.org/W4387942242,2023-01-01,2023
2118,https://openalex.org/W2305545242,2016-01-01,2016
2119,https://openalex.org/W2039290477,1995-03-01,1995
2120,https://openalex.org/W2600116628,2014-03-01,2014
2121,https://openalex.org/W2945404625,2019-05-20,2019
2122,https://openalex.org/W2001094781,2013-06-04,2013
2123,https://openalex.org/W2003233875,1969-01-01,1969
2124,https://openalex.org/W2437850599,2015-01-01,2015
2125,https://openalex.org/W2009013768,2015-01-05,2015
2126,https://openalex.org/W132595253,1999-01-01,1999
2127,https://openalex.org/W7058204864,2019-04-24,2019
2128,https://openalex.org/W2375631050,2011-01-01,2011
2129,https://openalex.org/W1516746981,2012-01-01,2012
2130,https://openalex.org/W2184241613,2009-01-01,2009
2131,https://openalex.org/W3209986213,2021-10-27,2021
2132,https://openalex.org/W1978720422,2013-04-01,2013
2133,https://openalex.org/W2055759446,2010-04-26,2010
2134,https://openalex.org/W4378842775,2023-03-26,2023
2135,https://openalex.org/W2155306038,1965-07-01,1965
2136,https://openalex.org/W1520793361,2009-12-31,2009
2137,https://openalex.org/W2318412544,1939-03-01,1939
2138,https://openalex.org/W3100341153,2020-11-18,2020
2139,https://openalex.org/W2029760941,1959-05-01,1959
2140,https://openalex.org/W2620039677,2017-05-30,2017
2141,https://openalex.org/W4408393011,2025-03-14,2025
2142,https://openalex.org/W2214642818,1977-11-01,1977
2143,https://openalex.org/W3171211013,2021-06-16,2021
2144,https://openalex.org/W2793357537,2018-03-23,2018
2145,https://openalex.org/W3109779982,2020-11-23,2020
2146,https://openalex.org/W4220979356,2022-03-13,2022
2147,https://openalex.org/W4235177401,1993-01-01,1993
2148,https://openalex.org/W2093145764,2002-08-01,2002
2149,https://openalex.org/W2800874462,2018-04-24,2018
2150,https://openalex.org/W1996294214,2012-03-01,2012
2151,https://openalex.org/W132172596,2003-01-01,2003
2152,https://openalex.org/W2027977914,2012-01-01,2012
2153,https://openalex.org/W2802961597,2018-08-06,2018
2154,https://openalex.org/W2412761431,1978-10-01,1978
2155,https://openalex.org/W3118647436,2021-01-04,2021
2156,https://openalex.org/W4251644289,2009-08-24,2009
2157,https://openalex.org/W2584889426,2014-09-25,2014
2158,https://openalex.org/W2545584250,2006-08-01,2006
2159,https://openalex.org/W2621538550,2017-06-08,2017
2160,https://openalex.org/W4286214176,2022-07-19,2022
2161,https://openalex.org/W2235985266,2015-01-01,2015
2162,https://openalex.org/W3126218005,2021-01-01,2021
2163,https://openalex.org/W2571068512,2001-08-01,2001
2164,https://openalex.org/W1982944088,2003-01-28,2003
2165,https://openalex.org/W3155748457,2021-01-01,2021
2166,https://openalex.org/W3013853770,2020-03-26,2020
2167,https://openalex.org/W3182083031,2021-06-01,2021
2168,https://openalex.org/W2955117823,2019-04-03,2019
2169,https://openalex.org/W3155783670,2021-08-10,2021
2170,https://openalex.org/W2072419807,1974-05-17,1974
2171,https://openalex.org/W2050436695,1987-11-23,1987
2172,https://openalex.org/W4399283396,2024-06-02,2024
2173,https://openalex.org/W2134513138,2013-06-04,2013
2174,https://openalex.org/W2296873291,2016-03-18,2016
2175,https://openalex.org/W1997343684,2005-02-01,2005
2176,https://openalex.org/W1663923841,2014-02-17,2014
2177,https://openalex.org/W4299007031,2018-02-07,2018
2178,https://openalex.org/W2107539398,2010-01-01,2010
2179,https://openalex.org/W80279094,2000-11-01,2000
2180,https://openalex.org/W3117702881,2020-12-31,2020
2181,https://openalex.org/W2184043244,2013-10-01,2013
2182,https://openalex.org/W3141445585,2020-01-01,2020
2183,https://openalex.org/W2088197232,2005-01-01,2005
2184,https://openalex.org/W3216156233,2021-11-11,2021
2185,https://openalex.org/W84863092,2000-09-01,2000
2186,https://openalex.org/W2981872345,2019-10-25,2019
2187,https://openalex.org/W1608358424,1965-01-01,1965
2188,https://openalex.org/W4388085990,2023-10-31,2023
2189,https://openalex.org/W2118514265,2001-12-01,2001
2190,https://openalex.org/W2097013720,2013-02-01,2013
2191,https://openalex.org/W2096979949,1986-03-15,1986
2192,https://openalex.org/W2158554224,2004-12-17,2004
2193,https://openalex.org/W1996717936,1977-04-15,1977
2194,https://openalex.org/W2766626253,2017-07-16,2017
2195,https://openalex.org/W4387238671,1980-01-01,1980
2196,https://openalex.org/W2104288208,2003-06-25,2003
2197,https://openalex.org/W2166721526,2001-01-01,2001
2198,https://openalex.org/W2398513656,2016-05-27,2016
2199,https://openalex.org/W2596806090,2017-02-28,2017
2200,https://openalex.org/W3217454588,2021-11-29,2021
2201,https://openalex.org/W4403732442,2024-10-23,2024
2202,https://openalex.org/W2325179915,2001-09-07,2001
2203,https://openalex.org/W4405177752,2024-12-09,2024
2204,https://openalex.org/W2021303672,1962-04-01,1962
2205,https://openalex.org/W4283699230,2022-06-28,2022
2206,https://openalex.org/W2066346167,1998-10-01,1998
2207,https://openalex.org/W2184526603,2017-01-01,2017
2208,https://openalex.org/W2134221964,2014-08-12,2014
2209,https://openalex.org/W4399343359,2024-05-20,2024
2210,https://openalex.org/W1979545818,1986-01-01,1986
2211,https://openalex.org/W2023162298,1993-10-01,1993
2212,https://openalex.org/W3044898041,2020-01-01,2020
2213,https://openalex.org/W4405450684,2024-12-16,2024
2214,https://openalex.org/W2902883030,2018-12-06,2018
2215,https://openalex.org/W2090994813,2009-06-17,2009
2216,https://openalex.org/W2014556922,2002-01-01,2002
2217,https://openalex.org/W2476520856,2003-01-01,2003
2218,https://openalex.org/W1996454833,1963-01-01,1963
2219,https://openalex.org/W1681153452,2018-02-01,2018
2220,https://openalex.org/W2148212645,2014-10-01,2014
2221,https://openalex.org/W3194301871,2021-01-01,2021
2222,https://openalex.org/W2058577738,2014-01-01,2014
2223,https://openalex.org/W2312869953,1928-07-01,1928
2224,https://openalex.org/W2109634038,2004-01-01,2004
2225,https://openalex.org/W2331916158,2006-06-05,2006
2226,https://openalex.org/W3013168555,2018-07-01,2018
2227,https://openalex.org/W2250504652,2005-08-01,2005
2228,https://openalex.org/W2973315244,2019-01-01,2019
2229,https://openalex.org/W2170731597,2014-07-08,2014
2230,https://openalex.org/W2060604131,1996-01-01,1996
2231,https://openalex.org/W2746937343,2010-04-30,2010
2232,https://openalex.org/W2972031210,2016-01-01,2016
2233,https://openalex.org/W3048243302,2020-08-07,2020
2234,https://openalex.org/W4396918724,2024-05-15,2024
2235,https://openalex.org/W2067291374,2001-11-30,2001
2236,https://openalex.org/W3152334340,2021-03-30,2021
2237,https://openalex.org/W64960313,2004-03-27,2004
2238,https://openalex.org/W2086860643,2007-11-09,2007
2239,https://openalex.org/W2386125395,2008-01-01,2008
2240,https://openalex.org/W4250291973,1971-09-01,1971
2241,https://openalex.org/W2141121706,2009-07-01,2009
2242,https://openalex.org/W2329889372,2006-04-01,2006
2243,https://openalex.org/W2953595575,2019-06-25,2019
2244,https://openalex.org/W2107756416,1995-01-01,1995
2245,https://openalex.org/W1632031357,1983-03-23,1983
2246,https://openalex.org/W2351349105,2009-01-01,2009
2247,https://openalex.org/W2069236074,2010-01-01,2010
2248,https://openalex.org/W2003952171,2011-05-15,2011
2249,https://openalex.org/W4405009253,2024-12-01,2024
2250,https://openalex.org/W2178389470,2015-11-17,2015
2251,https://openalex.org/W2168092310,2010-08-27,2010
2252,https://openalex.org/W2888201648,2018-08-23,2018
2253,https://openalex.org/W2602402540,1957-02-01,1957
2254,https://openalex.org/W2070071999,1997-11-01,1997
2255,https://openalex.org/W4213072400,2022-02-15,2022
2256,https://openalex.org/W1982385357,1963-04-13,1963
2257,https://openalex.org/W4246010630,2018-09-07,2018
2258,https://openalex.org/W4353070339,2023-03-21,2023
2259,https://openalex.org/W4236488639,2001-09-01,2001
2260,https://openalex.org/W2040501593,1999-09-01,1999
2261,https://openalex.org/W2030824176,1974-06-01,1974
2262,https://openalex.org/W2024759522,2015-01-01,2015
2263,https://openalex.org/W4382468167,2023-06-28,2023
2264,https://openalex.org/W2113617227,2009-05-27,2009
2265,https://openalex.org/W4230895327,2019-09-06,2019
2266,https://openalex.org/W3015951677,2020-04-15,2020
2267,https://openalex.org/W2092283727,1989-05-01,1989
2268,https://openalex.org/W1974334488,2005-05-18,2005
2269,https://openalex.org/W3215136357,2019-06-30,2019
2270,https://openalex.org/W4206243057,2021-10-02,2021
2271,https://openalex.org/W1971690399,1994-03-01,1994
2272,https://openalex.org/W1985340856,2011-01-01,2011
2273,https://openalex.org/W4386514448,2023-09-07,2023
2274,https://openalex.org/W2357763393,2011-01-01,2011
2275,https://openalex.org/W2218808015,1971-10-01,1971
2276,https://openalex.org/W4210467958,2022-02-05,2022
2277,https://openalex.org/W4231651492,1999-07-01,1999
2278,https://openalex.org/W4312210131,2022-12-19,2022
2279,https://openalex.org/W1593677990,2012-08-01,2012
2280,https://openalex.org/W2065172608,2007-12-14,2007
2281,https://openalex.org/W2030332890,2008-10-01,2008
2282,https://openalex.org/W4285490380,2022-07-15,2022
2283,https://openalex.org/W40013441,1987-09-15,1987
2284,https://openalex.org/W3193064726,2021-01-01,2021
2285,https://openalex.org/W4411607474,2025-06-24,2025
2286,https://openalex.org/W3047917566,2020-08-07,2020
2287,https://openalex.org/W4285278154,2022-01-01,2022
2288,https://openalex.org/W4284994948,2022-07-10,2022
2289,https://openalex.org/W2070539352,1980-06-01,1980
2290,https://openalex.org/W2149220119,2001-09-01,2001
2291,https://openalex.org/W2089822628,2014-12-09,2014
2292,https://openalex.org/W2387822437,2010-01-01,2010
2293,https://openalex.org/W2072960441,1980-01-01,1980
2294,https://openalex.org/W4395112703,2024-04-24,2024
2295,https://openalex.org/W3174495593,2021-06-28,2021
2296,https://openalex.org/W1480390280,2013-06-12,2013
2297,https://openalex.org/W108824099,1998-01-01,1998
2298,https://openalex.org/W2003450560,2005-09-16,2005
2299,https://openalex.org/W4312543657,2011-02-01,2011
2300,https://openalex.org/W4247753571,1920-05-01,1920
2301,https://openalex.org/W4224219584,2022-04-20,2022
2302,https://openalex.org/W1584715765,1972-12-01,1972
2303,https://openalex.org/W2054649461,2008-04-20,2008
2304,https://openalex.org/W2088309885,1989-01-01,1989
2305,https://openalex.org/W4306652902,2022-10-17,2022
2306,https://openalex.org/W4400571625,2024-07-11,2024
2307,https://openalex.org/W49308951,1992-12-01,1992
2308,https://openalex.org/W1978143286,2008-11-14,2008
2309,https://openalex.org/W1993696281,2005-07-01,2005
2310,https://openalex.org/W4386317122,2023-08-31,2023
2311,https://openalex.org/W2949472854,2003-03-27,2003
2312,https://openalex.org/W2336842626,2005-01-01,2005
2313,https://openalex.org/W4381710360,2023-06-23,2023
2314,https://openalex.org/W1995359511,2009-02-01,2009
2315,https://openalex.org/W2064365702,2013-03-02,2013
2316,https://openalex.org/W2354258257,2010-01-01,2010
2317,https://openalex.org/W2520853201,2009-08-25,2009
2318,https://openalex.org/W2782129412,2017-12-01,2017
2319,https://openalex.org/W2132878551,2001-11-01,2001
2320,https://openalex.org/W1962679864,2002-11-13,2002
2321,https://openalex.org/W2790767178,2018-03-12,2018
2322,https://openalex.org/W2972482177,2019-09-10,2019
2323,https://openalex.org/W4404873170,2024-11-30,2024
2324,https://openalex.org/W4388424028,2020-05-08,2020
2325,https://openalex.org/W2190724089,2014-11-03,2014
2326,https://openalex.org/W4362550543,2023-04-03,2023
2327,https://openalex.org/W2151084601,2010-10-21,2010
2328,https://openalex.org/W3009045965,2020-01-01,2020
2329,https://openalex.org/W3082151375,2020-08-04,2020
2330,https://openalex.org/W2952526090,2019-06-14,2019
2331,https://openalex.org/W4400016192,2024-06-24,2024
2332,https://openalex.org/W2094614191,2008-01-01,2008
2333,https://openalex.org/W2983448167,2017-11-01,2017
2334,https://openalex.org/W2988243877,2019-01-01,2019
2335,https://openalex.org/W1833562170,2015-08-21,2015
2336,https://openalex.org/W4229735893,1978-01-01,1978
2337,https://openalex.org/W3199910415,2022-01-01,2022
2338,https://openalex.org/W2051992497,2010-06-01,2010
2339,https://openalex.org/W4391130279,2024-01-23,2024
2340,https://openalex.org/W2100348396,2002-11-11,2002
2341,https://openalex.org/W2981992991,2019-11-12,2019
2342,https://openalex.org/W2028541466,1958-04-01,1958
2343,https://openalex.org/W2007023350,2009-05-29,2009
2344,https://openalex.org/W2931537390,2019-01-01,2019
2345,https://openalex.org/W2573967046,2016-12-01,2016
2346,https://openalex.org/W2035543899,1961-09-01,1961
2347,https://openalex.org/W4282929012,2022-06-08,2022
2348,https://openalex.org/W2267645069,2010-05-01,2010
2349,https://openalex.org/W2932231853,2019-04-02,2019
2350,https://openalex.org/W2366770725,2013-01-01,2013
2351,https://openalex.org/W4283313313,2022-06-22,2022
2352,https://openalex.org/W1911115189,1977-08-22,1977
2353,https://openalex.org/W3167265908,2021-06-02,2021
2354,https://openalex.org/W2009370985,2013-12-23,2013
2355,https://openalex.org/W1872413765,2000-01-01,2000
2356,https://openalex.org/W2605016689,1979-04-01,1979
2357,https://openalex.org/W4377080256,2023-03-01,2023
2358,https://openalex.org/W2140679198,2015-07-22,2015
2359,https://openalex.org/W2009694582,2000-06-01,2000
2360,https://openalex.org/W2050780032,2013-04-15,2013
2361,https://openalex.org/W4255910370,2014-04-03,2014
2362,https://openalex.org/W7057189385,2018-12-01,2018
2363,https://openalex.org/W3132868547,2020-10-01,2020
2364,https://openalex.org/W4361226128,2023-01-01,2023
2365,https://openalex.org/W4412191013,2025-07-11,2025
2366,https://openalex.org/W3046757022,2020-07-31,2020
2367,https://openalex.org/W4255232150,2006-08-01,2006
2368,https://openalex.org/W13902332,1984-03-01,1984
2369,https://openalex.org/W4200109503,2021-01-01,2021
2370,https://openalex.org/W3026602061,2020-05-22,2020
2371,https://openalex.org/W2130520731,1989-06-01,1989
2372,https://openalex.org/W2760343424,2018-01-11,2018
2373,https://openalex.org/W3189089931,2021-07-05,2021
2374,https://openalex.org/W2123153018,2009-04-01,2009
2375,https://openalex.org/W1964516259,1999-01-19,1999
2376,https://openalex.org/W4408617735,2025-03-19,2025
2377,https://openalex.org/W4241194881,2000-01-01,2000
2378,https://openalex.org/W3127191003,2020-11-14,2020
2379,https://openalex.org/W2598686535,2013-01-01,2013
2380,https://openalex.org/W4285655510,2020-09-01,2020
2381,https://openalex.org/W2086646436,2003-01-01,2003
2382,https://openalex.org/W2370973189,2006-01-01,2006
2383,https://openalex.org/W2888797886,2018-08-27,2018
2384,https://openalex.org/W2031334099,1987-07-01,1987
2385,https://openalex.org/W2069536907,2013-04-09,2013
2386,https://openalex.org/W2937485916,1984-01-01,1984
2387,https://openalex.org/W2757242922,2017-01-01,2017
2388,https://openalex.org/W2322903073,1979-03-01,1979
2389,https://openalex.org/W2334203486,1967-03-01,1967
2390,https://openalex.org/W2167991512,2008-08-14,2008
2391,https://openalex.org/W2020916413,1977-01-01,1977
2392,https://openalex.org/W3037560592,2020-01-01,2020
2393,https://openalex.org/W2119082750,2004-09-01,2004
2394,https://openalex.org/W3009245085,2020-03-02,2020
2395,https://openalex.org/W3175047915,2021-05-18,2021
2396,https://openalex.org/W2066686985,1995-05-01,1995
2397,https://openalex.org/W2211325984,2015-12-03,2015
2398,https://openalex.org/W2923462721,2016-03-06,2016
2399,https://openalex.org/W3128069257,2021-01-01,2021
2400,https://openalex.org/W2801995439,2018-04-22,2018
2401,https://openalex.org/W1591409149,2013-01-01,2013
2402,https://openalex.org/W4366816455,2023-04-24,2023
2403,https://openalex.org/W4232702551,1980-08-01,1980
2404,https://openalex.org/W3158302167,2021-04-26,2021
2405,https://openalex.org/W2885742107,2018-07-02,2018
2406,https://openalex.org/W2025785889,2009-01-15,2009
2407,https://openalex.org/W2064407050,2011-10-25,2011
2408,https://openalex.org/W2741713758,2017-07-27,2017
2409,https://openalex.org/W1883994439,2008-10-16,2008
2410,https://openalex.org/W1994756869,1994-12-01,1994
2411,https://openalex.org/W2143413313,1964-04-01,1964
2412,https://openalex.org/W6945185493,2023-08-01,2023
2413,https://openalex.org/W2099401491,2002-12-23,2002
2414,https://openalex.org/W2322145364,1940-10-01,1940
2415,https://openalex.org/W2116372782,2005-12-14,2005
2416,https://openalex.org/W4234668301,1999-11-01,1999
2417,https://openalex.org/W166802731,2007-01-01,2007
2418,https://openalex.org/W4292454258,2022-08-08,2022
2419,https://openalex.org/W2365239192,2009-01-01,2009
2420,https://openalex.org/W4235622071,2008-10-10,2008
2421,https://openalex.org/W2015609226,2008-11-10,2008
2422,https://openalex.org/W2119316367,1998-07-01,1998
2423,https://openalex.org/W3174785354,2021-06-22,2021
2424,https://openalex.org/W4385801804,2023-08-14,2023
2425,https://openalex.org/W2768800571,2017-11-23,2017
2426,https://openalex.org/W3094569373,2021-01-01,2021
2427,https://openalex.org/W2342524985,2016-04-01,2016
2428,https://openalex.org/W2045908649,1997-10-01,1997
2429,https://openalex.org/W2393346303,2010-01-01,2010
2430,https://openalex.org/W2230674862,2011-12-01,2011
2431,https://openalex.org/W1980624897,2013-09-01,2013
2432,https://openalex.org/W2851919462,2018-05-01,2018
2433,https://openalex.org/W1986009713,2014-05-04,2014
2434,https://openalex.org/W1965105666,1999-06-01,1999
2435,https://openalex.org/W3092753375,2020-10-16,2020
2436,https://openalex.org/W620131933,2011-01-01,2011
2437,https://openalex.org/W2976644615,2019-09-25,2019
2438,https://openalex.org/W2293215710,2013-08-25,2013
2439,https://openalex.org/W3088226960,2020-07-22,2020
2440,https://openalex.org/W4288061357,2022-05-25,2022
2441,https://openalex.org/W2319095764,2013-06-04,2013
2442,https://openalex.org/W2566014479,1996-03-01,1996
2443,https://openalex.org/W3001109946,2020-01-22,2020
2444,https://openalex.org/W2110563862,2004-09-07,2004
2445,https://openalex.org/W2079747062,1992-07-01,1992
2446,https://openalex.org/W2072892591,2012-12-01,2012
2447,https://openalex.org/W2945358230,2019-04-03,2019
2448,https://openalex.org/W1487416858,1979-08-01,1979
2449,https://openalex.org/W2333264946,1986-01-01,1986
2450,https://openalex.org/W3147255603,2008-01-01,2008
2451,https://openalex.org/W2053139226,1962-08-02,1962
2452,https://openalex.org/W2410742040,1994-11-01,1994
2453,https://openalex.org/W2282047797,2014-11-09,2014
2454,https://openalex.org/W2281767678,2006-01-01,2006
2455,https://openalex.org/W4398758041,2024-01-01,2024
2456,https://openalex.org/W4387421774,2023-01-01,2023
2457,https://openalex.org/W2011130383,2008-04-08,2008
2458,https://openalex.org/W295825324,1965-06-01,1965
2459,https://openalex.org/W2882881349,2018-07-12,2018
2460,https://openalex.org/W4285025368,2022-04-03,2022
2461,https://openalex.org/W2037644531,2009-05-01,2009
2462,https://openalex.org/W2466297194,2016-01-01,2016
2463,https://openalex.org/W1865054112,2015-08-27,2015
2464,https://openalex.org/W2008579460,1979-01-01,1979
2465,https://openalex.org/W2526869053,1983-01-01,1983
2466,https://openalex.org/W2740997600,2013-09-30,2013
2467,https://openalex.org/W2750433458,2025-07-27,2025
2468,https://openalex.org/W1202446711,2015-01-01,2015
2469,https://openalex.org/W2240303370,1951-01-01,1951
2470,https://openalex.org/W2067344084,2010-10-13,2010
2471,https://openalex.org/W2804007291,2017-12-01,2017
2472,https://openalex.org/W2011591718,2004-06-29,2004
2473,https://openalex.org/W2059085602,1969-09-01,1969
2474,https://openalex.org/W2068356977,2007-11-11,2007
2475,https://openalex.org/W4361298652,2023-03-28,2023
2476,https://openalex.org/W4390050502,2023-12-21,2023
2477,https://openalex.org/W2184207596,2010-01-01,2010
2478,https://openalex.org/W1984510069,1987-05-01,1987
2479,https://openalex.org/W2023499989,2012-08-22,2012
2480,https://openalex.org/W2074218608,1971-12-01,1971
2481,https://openalex.org/W2057638737,2010-03-26,2010
2482,https://openalex.org/W2993203771,2019-12-06,2019
2483,https://openalex.org/W2079557018,2000-01-01,2000
2484,https://openalex.org/W4403243510,2024-10-09,2024
2485,https://openalex.org/W2134647489,1993-06-01,1993
2486,https://openalex.org/W4378904481,2023-05-31,2023
2487,https://openalex.org/W2295436095,2015-01-01,2015
2488,https://openalex.org/W2489196204,1948-01-01,1948
2489,https://openalex.org/W645243175,2006-11-01,2006
2490,https://openalex.org/W3032478409,2020-05-29,2020
2491,https://openalex.org/W1590050350,2000-12-01,2000
2492,https://openalex.org/W4313284942,2022-10-21,2022
2493,https://openalex.org/W4200286720,2021-12-16,2021
2494,https://openalex.org/W2936377645,2018-08-01,2018
2495,https://openalex.org/W4394992685,2024-04-22,2024
2496,https://openalex.org/W2809769206,2018-07-03,2018
2497,https://openalex.org/W2023592145,2006-04-01,2006
2498,https://openalex.org/W2137308778,2014-04-28,2014
2499,https://openalex.org/W3129075533,2020-04-01,2020
2500,https://openalex.org/W4360983341,2022-10-10,2022
2501,https://openalex.org/W2000428736,2002-01-01,2002
2502,https://openalex.org/W2972833804,2019-09-11,2019
2503,https://openalex.org/W3093375476,2020-10-19,2020
2504,https://openalex.org/W3187784389,2021-06-15,2021
2505,https://openalex.org/W1976334200,2009-01-01,2009
2506,https://openalex.org/W2030083791,2004-12-01,2004
2507,https://openalex.org/W1585553353,1969-12-01,1969
2508,https://openalex.org/W3033321166,2020-06-01,2020
2509,https://openalex.org/W2320602518,1980-09-01,1980
2510,https://openalex.org/W3042145136,2020-06-01,2020
2511,https://openalex.org/W2286033687,1996-10-01,1996
2512,https://openalex.org/W2096322266,2007-11-28,2007
2513,https://openalex.org/W4317999706,2022-01-01,2022
2514,https://openalex.org/W2568057803,2017-01-01,2017
2515,https://openalex.org/W4298034323,1993-03-01,1993
2516,https://openalex.org/W2064957684,1996-12-01,1996
2517,https://openalex.org/W2894442225,2017-03-02,2017
2518,https://openalex.org/W2170864730,1961-01-01,1961
2519,https://openalex.org/W2416873272,1997-10-01,1997
2520,https://openalex.org/W2972205367,2019-09-04,2019
2521,https://openalex.org/W2989686401,2019-11-01,2019
2522,https://openalex.org/W2409609929,1994-03-10,1994
2523,https://openalex.org/W2077005050,2010-03-18,2010
2524,https://openalex.org/W4389150327,2023-09-30,2023
2525,https://openalex.org/W604416735,2002-01-01,2002
2526,https://openalex.org/W4244870124,2006-09-01,2006
2527,https://openalex.org/W2319124296,1987-01-01,1987
2528,https://openalex.org/W2520123578,2021-09-25,2021
2529,https://openalex.org/W2029992280,1970-01-01,1970
2530,https://openalex.org/W2050984178,2004-01-23,2004
2531,https://openalex.org/W1965610002,1999-09-01,1999
2532,https://openalex.org/W2419570161,1992-09-01,1992
2533,https://openalex.org/W2037470241,1998-01-01,1998
2534,https://openalex.org/W1556193041,2013-01-01,2013
2535,https://openalex.org/W4296577362,2009-05-19,2009
2536,https://openalex.org/W4288770134,2022-01-01,2022
2537,https://openalex.org/W2121664335,2015-01-01,2015
2538,https://openalex.org/W3214997438,2021-11-21,2021
2539,https://openalex.org/W4390520667,2024-01-02,2024
2540,https://openalex.org/W1968950090,2010-01-15,2010
2541,https://openalex.org/W4310682344,2022-12-05,2022
2542,https://openalex.org/W1753875734,2015-08-31,2015
2543,https://openalex.org/W3027282551,2020-05-15,2020
2544,https://openalex.org/W1567762641,2014-01-21,2014
2545,https://openalex.org/W2074706550,2005-01-01,2005
2546,https://openalex.org/W2309241860,2016-03-27,2016
2547,https://openalex.org/W2435671831,2015-12-01,2015
2548,https://openalex.org/W2054776712,1975-03-01,1975
2549,https://openalex.org/W2007651073,2014-01-01,2014
2550,https://openalex.org/W2379331542,2000-01-01,2000
2551,https://openalex.org/W2064805929,1994-09-01,1994
2552,https://openalex.org/W2997867189,2019-12-01,2019
2553,https://openalex.org/W2055893660,2011-08-31,2011
2554,https://openalex.org/W2035719537,2005-01-01,2005
2555,https://openalex.org/W4322390290,2018-03-20,2018
2556,https://openalex.org/W2083439433,2013-01-01,2013
2557,https://openalex.org/W1977943315,2004-01-01,2004
2558,https://openalex.org/W3181432310,2021-07-12,2021
2559,https://openalex.org/W1639675205,2005-05-15,2005
2560,https://openalex.org/W1982795581,1967-09-01,1967
2561,https://openalex.org/W4240159796,2015-12-01,2015
2562,https://openalex.org/W2609517418,2008-07-17,2008
2563,https://openalex.org/W1514348442,1967-01-01,1967
2564,https://openalex.org/W2054467230,2004-05-01,2004
2565,https://openalex.org/W3214689642,2021-11-19,2021
2566,https://openalex.org/W2979642082,2019-10-11,2019
2567,https://openalex.org/W2968152775,2019-08-13,2019
2568,https://openalex.org/W2750511576,2017-08-18,2017
2569,https://openalex.org/W2528757423,2002-01-01,2002
2570,https://openalex.org/W2121972095,2013-07-09,2013
2571,https://openalex.org/W4285134638,2022-01-01,2022
2572,https://openalex.org/W4236037666,2000-11-01,2000
2573,https://openalex.org/W2014853376,1974-03-01,1974
2574,https://openalex.org/W2953798543,2018-01-01,2018
2575,https://openalex.org/W4365135082,2023-04-12,2023
2576,https://openalex.org/W4303622025,2022-10-07,2022
2577,https://openalex.org/W2147458220,1992-09-01,1992
2578,https://openalex.org/W2070863851,2005-01-22,2005
2579,https://openalex.org/W4302080313,1987-01-01,1987
2580,https://openalex.org/W2014077038,2001-01-01,2001
2581,https://openalex.org/W2903434592,2016-06-07,2016
2582,https://openalex.org/W2618624330,2017-04-20,2017
2583,https://openalex.org/W1990031529,1972-09-01,1972
2584,https://openalex.org/W2994907532,2019-12-11,2019
2585,https://openalex.org/W2409154515,1982-01-01,1982
2586,https://openalex.org/W2778433964,2017-12-26,2017
2587,https://openalex.org/W3162982908,2021-05-17,2021
2588,https://openalex.org/W4283260632,2022-06-22,2022
2589,https://openalex.org/W2275806922,2015-12-21,2015
2590,https://openalex.org/W4402567265,2024-09-17,2024
2591,https://openalex.org/W3010010950,2020-01-01,2020
2592,https://openalex.org/W2325742913,1987-10-01,1987
2593,https://openalex.org/W2061684738,1984-09-24,1984
2594,https://openalex.org/W3038568426,2020-06-30,2020
2595,https://openalex.org/W2143877181,2003-10-01,2003
2596,https://openalex.org/W2034181142,2010-10-01,2010
2597,https://openalex.org/W2045887732,2011-03-24,2011
2598,https://openalex.org/W4385710207,2023-06-27,2023
2599,https://openalex.org/W1654787029,2017-05-25,2017
2600,https://openalex.org/W2036807817,1996-12-01,1996
2601,https://openalex.org/W2125733527,1984-04-01,1984
2602,https://openalex.org/W2058177220,2002-08-23,2002
2603,https://openalex.org/W2292100107,2016-01-20,2016
2604,https://openalex.org/W4214808602,2022-03-03,2022
2605,https://openalex.org/W2076894810,1997-01-12,1997
2606,https://openalex.org/W2167895623,2014-10-10,2014
2607,https://openalex.org/W1603963212,1998-01-01,1998
2608,https://openalex.org/W1772636995,2015-09-04,2015
2609,https://openalex.org/W2955422134,2019-06-27,2019
2610,https://openalex.org/W2982238218,2019-10-24,2019
2611,https://openalex.org/W2164333690,2011-01-18,2011
2612,https://openalex.org/W6920403970,2024-06-04,2024
2613,https://openalex.org/W1996203016,1992-05-01,1992
2614,https://openalex.org/W791671607,1977-08-01,1977
2615,https://openalex.org/W3201778613,2021-09-24,2021
2616,https://openalex.org/W3152938038,2020-11-01,2020
2617,https://openalex.org/W3163397292,2019-12-16,2019
2618,https://openalex.org/W4210538762,2022-01-26,2022
2619,https://openalex.org/W2007441519,2013-04-05,2013
2620,https://openalex.org/W3032528305,2019-10-31,2019
2621,https://openalex.org/W4387952680,2023-10-26,2023
2622,https://openalex.org/W2032628185,2011-09-30,2011
2623,https://openalex.org/W2154428867,2005-09-08,2005
2624,https://openalex.org/W2994599104,2013-01-01,2013
2625,https://openalex.org/W3181688647,2021-07-15,2021
2626,https://openalex.org/W2079711474,1982-01-01,1982
2627,https://openalex.org/W1974887328,2011-09-01,2011
2628,https://openalex.org/W2083595504,2015-03-05,2015
2629,https://openalex.org/W2111475134,2014-10-10,2014
2630,https://openalex.org/W2617262082,2017-05-24,2017
2631,https://openalex.org/W4386895036,2023-09-19,2023
2632,https://openalex.org/W3012280484,2020-03-19,2020
2633,https://openalex.org/W4307621274,2012-04-03,2012
2634,https://openalex.org/W4253831113,1997-01-01,1997
2635,https://openalex.org/W2166588567,2007-02-23,2007
2636,https://openalex.org/W2076894755,2011-10-01,2011
2637,https://openalex.org/W2275707569,2015-12-01,2015
2638,https://openalex.org/W2054981253,2013-11-20,2013
2639,https://openalex.org/W2220379634,1974-09-01,1974
2640,https://openalex.org/W2129637459,1994-01-01,1994
2641,https://openalex.org/W2597139510,2001-01-01,2001
2642,https://openalex.org/W1986731373,2012-04-14,2012
2643,https://openalex.org/W2802225442,2018-01-01,2018
2644,https://openalex.org/W3040673511,2020-01-26,2020
2645,https://openalex.org/W4391099187,2024-01-21,2024
2646,https://openalex.org/W2061580047,1975-12-01,1975
2647,https://openalex.org/W2519891749,2017-02-07,2017
2648,https://openalex.org/W3044508428,2019-12-30,2019
2649,https://openalex.org/W1993401675,2003-04-01,2003
2650,https://openalex.org/W2992239544,2001-08-01,2001
2651,https://openalex.org/W2087828763,1982-12-01,1982
2652,https://openalex.org/W2894435902,2018-07-01,2018
2653,https://openalex.org/W4286521481,2022-06-13,2022
2654,https://openalex.org/W2370482555,2013-01-01,2013
2655,https://openalex.org/W2338281130,2016-04-21,2016
2656,https://openalex.org/W4292295394,2022-08-17,2022
2657,https://openalex.org/W1589190683,2000-09-10,2000
2658,https://openalex.org/W3168764676,2014-01-01,2014
2659,https://openalex.org/W2163675995,1998-08-01,1998
2660,https://openalex.org/W4210368846,2022-02-02,2022
2661,https://openalex.org/W3196508522,2021-01-01,2021
2662,https://openalex.org/W2127004748,1995-02-15,1995
2663,https://openalex.org/W2075063599,2007-01-23,2007
2664,https://openalex.org/W1518084281,1990-04-01,1990
2665,https://openalex.org/W2158503420,2013-05-01,2013
2666,https://openalex.org/W3185991603,2020-05-24,2020
2667,https://openalex.org/W3016319811,2020-04-21,2020
2668,https://openalex.org/W2597242295,2016-01-01,2016
2669,https://openalex.org/W4302287516,2022-10-06,2022
2670,https://openalex.org/W2112884637,2006-12-01,2006
2671,https://openalex.org/W2003536487,2011-10-01,2011
2672,https://openalex.org/W1977418707,2005-05-26,2005
2673,https://openalex.org/W560558397,1977-12-01,1977
2674,https://openalex.org/W2006892681,2006-05-29,2006
2675,https://openalex.org/W2472688772,2016-07-01,2016
2676,https://openalex.org/W1541313059,2001-01-01,2001
2677,https://openalex.org/W2076098901,2007-01-01,2007
2678,https://openalex.org/W1999474568,2000-06-15,2000
2679,https://openalex.org/W2625406442,2017-06-13,2017
2680,https://openalex.org/W2094558621,2011-01-20,2011
2681,https://openalex.org/W2156821322,2012-05-09,2012
2682,https://openalex.org/W2070547493,2000-12-19,2000
2683,https://openalex.org/W2943606116,2019-04-29,2019
2684,https://openalex.org/W2460991777,1997-05-01,1997
2685,https://openalex.org/W4388520074,2023-11-09,2023
2686,https://openalex.org/W2183092907,2014-10-09,2014
2687,https://openalex.org/W2143690606,1995-09-01,1995
2688,https://openalex.org/W3187557339,2021-08-10,2021
2689,https://openalex.org/W1576223343,2012-12-11,2012
2690,https://openalex.org/W1989406575,2010-08-31,2010
2691,https://openalex.org/W1978752424,1978-07-01,1978
2692,https://openalex.org/W1499254337,2008-09-16,2008
2693,https://openalex.org/W2012598546,2004-07-22,2004
2694,https://openalex.org/W4401260326,2024-08-02,2024
2695,https://openalex.org/W2079005614,2011-01-01,2011
2696,https://openalex.org/W2473434946,1989-05-01,1989
2697,https://openalex.org/W7056268194,2010-01-01,2010
2698,https://openalex.org/W2762970551,2017-01-01,2017
2699,https://openalex.org/W4390534768,2024-01-01,2024
2700,https://openalex.org/W2004556087,2012-06-01,2012
2701,https://openalex.org/W4403453303,2024-10-16,2024
2702,https://openalex.org/W167991496,1993-01-01,1993
2703,https://openalex.org/W2068125333,1995-10-01,1995
2704,https://openalex.org/W2333704243,1999-04-01,1999
2705,https://openalex.org/W2157677476,2014-07-23,2014
2706,https://openalex.org/W2157771935,1999-01-01,1999
2707,https://openalex.org/W2410843133,1997-05-01,1997
2708,https://openalex.org/W2087948920,2015-03-30,2015
2709,https://openalex.org/W4387869763,2023-09-16,2023
2710,https://openalex.org/W2139502012,1997-05-01,1997
2711,https://openalex.org/W2026086847,1989-05-01,1989
2712,https://openalex.org/W2069568874,2003-01-01,2003
2713,https://openalex.org/W2324925936,2016-03-17,2016
2714,https://openalex.org/W1992062453,2014-03-20,2014
2715,https://openalex.org/W2307310924,1990-07-01,1990
2716,https://openalex.org/W2167317751,2002-11-27,2002
2717,https://openalex.org/W2755956530,2017-01-01,2017
2718,https://openalex.org/W3201524165,2018-01-15,2018
2719,https://openalex.org/W1998774055,2014-06-01,2014
2720,https://openalex.org/W2054280971,2005-01-01,2005
2721,https://openalex.org/W2285279915,2015-09-30,2015
2722,https://openalex.org/W2029942830,1982-11-01,1982
2723,https://openalex.org/W3156614413,2021-04-19,2021
2724,https://openalex.org/W1968768824,2010-02-01,2010
2725,https://openalex.org/W4414948214,2024-09-25,2024
2726,https://openalex.org/W3000161885,2020-01-02,2020
2727,https://openalex.org/W1978548423,1988-05-01,1988
2728,https://openalex.org/W1993774383,2012-12-01,2012
2729,https://openalex.org/W2351828035,2010-01-01,2010
2730,https://openalex.org/W2006430941,2009-12-15,2009
2731,https://openalex.org/W3033545032,2020-01-01,2020
2732,https://openalex.org/W2095219380,1974-01-01,1974
2733,https://openalex.org/W2600427677,2015-01-01,2015
2734,https://openalex.org/W4220708549,2022-02-01,2022
2735,https://openalex.org/W2171043779,2010-01-17,2010
2736,https://openalex.org/W2056129926,2006-11-09,2006
2737,https://openalex.org/W2332941436,1993-01-01,1993
2738,https://openalex.org/W1970963348,2007-01-01,2007
2739,https://openalex.org/W3186568677,2023-11-28,2023
2740,https://openalex.org/W2045500185,2008-01-01,2008
2741,https://openalex.org/W2068352040,2010-11-01,2010
2742,https://openalex.org/W2068220530,2012-03-05,2012
2743,https://openalex.org/W2891325403,2018-09-01,2018
2744,https://openalex.org/W2982519888,2019-10-30,2019
2745,https://openalex.org/W2982512174,2019-07-01,2019
2746,https://openalex.org/W2030709574,2014-08-20,2014
2747,https://openalex.org/W2751537745,2017-10-01,2017
2748,https://openalex.org/W4212968439,2022-02-21,2022
2749,https://openalex.org/W4391128334,2024-01-23,2024
2750,https://openalex.org/W2731464981,2017-07-07,2017
2751,https://openalex.org/W4242645144,2020-01-22,2020
2752,https://openalex.org/W2546915078,2010-10-01,2010
2753,https://openalex.org/W2114242188,2011-10-14,2011
2754,https://openalex.org/W2907389250,2018-12-27,2018
2755,https://openalex.org/W2010179626,1996-05-01,1996
2756,https://openalex.org/W2035858598,2011-01-01,2011
2757,https://openalex.org/W2222106262,2012-02-01,2012
2758,https://openalex.org/W1977518142,2006-05-01,2006
2759,https://openalex.org/W2092092750,2013-09-17,2013
2760,https://openalex.org/W1996496406,1974-01-16,1974
2761,https://openalex.org/W3154485202,2021-06-04,2021
2762,https://openalex.org/W1999453753,2002-10-01,2002
2763,https://openalex.org/W4386257582,2023-08-08,2023
2764,https://openalex.org/W4235517559,2006-01-01,2006
2765,https://openalex.org/W1140375074,2015-06-15,2015
2766,https://openalex.org/W2049385231,2007-02-15,2007
2767,https://openalex.org/W2899825427,2018-06-26,2018
2768,https://openalex.org/W2759900093,2017-09-27,2017
2769,https://openalex.org/W2015185372,2011-11-01,2011
2770,https://openalex.org/W2034288461,1993-06-01,1993
2771,https://openalex.org/W2249699660,2009-04-30,2009
2772,https://openalex.org/W3026825331,2020-05-18,2020
2773,https://openalex.org/W4300636396,1991-07-01,1991
2774,https://openalex.org/W4213449973,2022-02-23,2022
2775,https://openalex.org/W2057729325,2008-08-22,2008
2776,https://openalex.org/W3183002171,2021-07-01,2021
2777,https://openalex.org/W2372672418,2008-01-01,2008
2778,https://openalex.org/W2757539857,2003-04-01,2003
2779,https://openalex.org/W2023107547,1961-09-01,1961
2780,https://openalex.org/W1767233944,2015-09-10,2015
2781,https://openalex.org/W4379619991,2023-04-20,2023
2782,https://openalex.org/W2026800756,2012-01-01,2012
2783,https://openalex.org/W2152941466,1989-07-01,1989
2784,https://openalex.org/W4394009695,2024-03-17,2024
2785,https://openalex.org/W2156927539,2007-05-01,2007
2786,https://openalex.org/W2749271318,2017-08-15,2017
2787,https://openalex.org/W110729306,1999-04-19,1999
2788,https://openalex.org/W3168644859,2021-06-07,2021
2789,https://openalex.org/W4225546376,2021-12-28,2021
2790,https://openalex.org/W602222747,2010-06-01,2010
2791,https://openalex.org/W2040743489,2003-09-02,2003
2792,https://openalex.org/W2059360050,1999-01-01,1999
2793,https://openalex.org/W4409021322,2025-04-01,2025
2794,https://openalex.org/W2017921901,2015-04-02,2015
2795,https://openalex.org/W4210732087,2021-12-01,2021
2796,https://openalex.org/W4323294829,2023-03-06,2023
2797,https://openalex.org/W2592038341,2017-04-28,2017
2798,https://openalex.org/W2903574044,2018-12-12,2018
2799,https://openalex.org/W1977871554,1978-12-01,1978
2800,https://openalex.org/W2887685360,2018-08-15,2018
2801,https://openalex.org/W345013052,2014-11-08,2014
2802,https://openalex.org/W2086501619,1960-02-01,1960
2803,https://openalex.org/W2023453467,2005-07-01,2005
2804,https://openalex.org/W2146399969,2000-08-01,2000
2805,https://openalex.org/W3033279041,2020-04-01,2020
2806,https://openalex.org/W1965788079,1996-08-07,1996
2807,https://openalex.org/W4399524995,2024-06-11,2024
2808,https://openalex.org/W1563242526,1987-03-01,1987
2809,https://openalex.org/W3037847837,2020-06-25,2020
2810,https://openalex.org/W2133894365,2017-06-19,2017
2811,https://openalex.org/W90655666,1967-01-01,1967
2812,https://openalex.org/W2094211485,1993-07-01,1993
2813,https://openalex.org/W2626708475,2017-06-19,2017
2814,https://openalex.org/W2274241899,1969-07-01,1969
2815,https://openalex.org/W4200075820,2021-12-21,2021
2816,https://openalex.org/W4281386661,2022-05-23,2022
2817,https://openalex.org/W2114068896,2011-04-01,2011
2818,https://openalex.org/W2098752292,2000-06-01,2000
2819,https://openalex.org/W3125653287,2015-01-01,2015
2820,https://openalex.org/W2197632335,2015-12-15,2015
2821,https://openalex.org/W2279639501,2011-05-01,2011
2822,https://openalex.org/W2407450523,1998-04-11,1998
2823,https://openalex.org/W2128052881,2014-05-29,2014
2824,https://openalex.org/W3180055055,2021-06-01,2021
2825,https://openalex.org/W3021173807,2014-12-12,2014
2826,https://openalex.org/W2038753261,1997-04-01,1997
2827,https://openalex.org/W4394060837,2024-01-01,2024
2828,https://openalex.org/W4307377812,2022-09-25,2022
2829,https://openalex.org/W2527343031,1996-10-01,1996
2830,https://openalex.org/W2006541045,1954-11-01,1954
2831,https://openalex.org/W2888269420,2018-09-01,2018
2832,https://openalex.org/W2503557106,2014-07-17,2014
2833,https://openalex.org/W4250496696,1990-11-01,1990
2834,https://openalex.org/W2129507046,2011-06-25,2011
2835,https://openalex.org/W2182634108,2011-01-01,2011
2836,https://openalex.org/W2126127976,2015-10-06,2015
2837,https://openalex.org/W4390911305,2002-04-11,2002
2838,https://openalex.org/W2079138385,2010-01-01,2010
2839,https://openalex.org/W3044990764,2020-07-20,2020
2840,https://openalex.org/W2681762178,2004-01-01,2004
2841,https://openalex.org/W3121174482,2021-01-27,2021
2842,https://openalex.org/W1964418717,1994-01-01,1994
2843,https://openalex.org/W2013391987,1993-10-01,1993
2844,https://openalex.org/W2972685978,2019-10-07,2019
2845,https://openalex.org/W4294435800,2022-09-02,2022
2846,https://openalex.org/W2143237900,2009-07-01,2009
2847,https://openalex.org/W4391217484,2024-01-25,2024
2848,https://openalex.org/W4387245391,2023-10-02,2023
2849,https://openalex.org/W2545537932,2016-10-20,2016
2850,https://openalex.org/W1506511981,2022-03-15,2022
2851,https://openalex.org/W1970125218,2011-05-02,2011
2852,https://openalex.org/W2947958333,2019-05-31,2019
2853,https://openalex.org/W3110150461,2020-01-01,2020
2854,https://openalex.org/W4300505013,2014-03-17,2014
2855,https://openalex.org/W4240386172,1997-08-07,1997
2856,https://openalex.org/W3135912377,2021-03-22,2021
2857,https://openalex.org/W1997016388,2012-04-01,2012
2858,https://openalex.org/W2286827774,2003-06-01,2003
2859,https://openalex.org/W2058754213,1995-01-01,1995
2860,https://openalex.org/W2038271067,2011-07-08,2011
2861,https://openalex.org/W4318594883,2023-01-30,2023
2862,https://openalex.org/W4299645801,2022-01-01,2022
2863,https://openalex.org/W2476547801,2003-04-01,2003
2864,https://openalex.org/W2793384768,2018-02-27,2018
2865,https://openalex.org/W2903359181,2017-01-01,2017
2866,https://openalex.org/W2144294198,2010-09-22,2010
2867,https://openalex.org/W2528268709,2016-10-05,2016
2868,https://openalex.org/W2014483028,1988-03-01,1988
2869,https://openalex.org/W2059357275,1980-05-01,1980
2870,https://openalex.org/W2371232629,2014-01-01,2014
2871,https://openalex.org/W2793517007,2018-01-01,2018
2872,https://openalex.org/W2070441886,1971-02-01,1971
2873,https://openalex.org/W4293868813,2022-07-01,2022
2874,https://openalex.org/W1830388771,1998-06-15,1998
2875,https://openalex.org/W4376609175,2023-05-01,2023
2876,https://openalex.org/W2004739416,2007-01-01,2007
2877,https://openalex.org/W4406715166,2024-12-01,2024
2878,https://openalex.org/W4387059621,2023-09-26,2023
2879,https://openalex.org/W2945689829,2019-05-01,2019
2880,https://openalex.org/W2546922590,2016-10-31,2016
2881,https://openalex.org/W2102046932,2013-09-27,2013
2882,https://openalex.org/W4281684735,2022-05-16,2022
2883,https://openalex.org/W1988600145,1993-05-01,1993
2884,https://openalex.org/W2560632511,2016-12-06,2016
2885,https://openalex.org/W2101668146,2015-11-17,2015
2886,https://openalex.org/W2035058945,2009-06-15,2009
2887,https://openalex.org/W1980167634,2009-01-01,2009
2888,https://openalex.org/W3148153833,2008-05-01,2008
2889,https://openalex.org/W4414583731,2025-09-28,2025
2890,https://openalex.org/W3035097778,2020-06-08,2020
2891,https://openalex.org/W2099781636,1996-11-01,1996
2892,https://openalex.org/W2031858477,1995-05-01,1995
2893,https://openalex.org/W2154893662,2005-03-23,2005
2894,https://openalex.org/W2537875705,2016-10-22,2016
2895,https://openalex.org/W2103694785,1972-08-01,1972
2896,https://openalex.org/W2143218697,2011-01-01,2011
2897,https://openalex.org/W1510851690,2012-05-09,2012
2898,https://openalex.org/W3083524414,2018-06-03,2018
2899,https://openalex.org/W1987323078,2009-09-01,2009
2900,https://openalex.org/W4318753937,2023-02-01,2023
2901,https://openalex.org/W23433472,2008-01-01,2008
2902,https://openalex.org/W2128086897,1981-03-01,1981
2903,https://openalex.org/W2021076229,2015-03-01,2015
2904,https://openalex.org/W4200130953,2021-11-24,2021
2905,https://openalex.org/W1847911293,2015-10-05,2015
2906,https://openalex.org/W4388618221,2006-01-01,2006
2907,https://openalex.org/W2321445324,2012-04-03,2012
2908,https://openalex.org/W3124892500,2021-01-22,2021
2909,https://openalex.org/W2061163460,2001-01-01,2001
2910,https://openalex.org/W4401535259,2024-08-13,2024
2911,https://openalex.org/W4401418818,2024-01-01,2024
2912,https://openalex.org/W108427368,1987-03-01,1987
2913,https://openalex.org/W2133762002,1986-10-01,1986
2914,https://openalex.org/W2776897017,2017-12-26,2017
2915,https://openalex.org/W3015996050,2020-04-13,2020
2916,https://openalex.org/W2118245688,2003-01-13,2003
2917,https://openalex.org/W3012483632,2020-03-19,2020
2918,https://openalex.org/W3091976650,2020-09-01,2020
2919,https://openalex.org/W4403157836,2024-10-05,2024
2920,https://openalex.org/W2042450187,1995-01-28,1995
2921,https://openalex.org/W1972456702,2012-06-22,2012
2922,https://openalex.org/W2421069108,1999-08-09,1999
2923,https://openalex.org/W3159095814,2021-05-05,2021
2924,https://openalex.org/W4321110101,2023-02-16,2023
2925,https://openalex.org/W2797303573,2018-04-10,2018
2926,https://openalex.org/W2087456572,1978-05-01,1978
2927,https://openalex.org/W1995093152,2012-07-01,2012
2928,https://openalex.org/W2887453093,2018-06-21,2018
2929,https://openalex.org/W2018602524,1998-09-01,1998
2930,https://openalex.org/W1279384,2006-03-01,2006
2931,https://openalex.org/W4385898492,2023-08-17,2023
2932,https://openalex.org/W2029631491,1981-07-01,1981
2933,https://openalex.org/W2080044582,1989-05-01,1989
2934,https://openalex.org/W4210491585,2022-01-01,2022
2935,https://openalex.org/W2122754082,2009-01-01,2009
2936,https://openalex.org/W2972975186,2019-09-01,2019
2937,https://openalex.org/W4221007164,2022-02-28,2022
2938,https://openalex.org/W2891618333,2015-06-01,2015
2939,https://openalex.org/W2159052107,2006-05-01,2006
2940,https://openalex.org/W2167932888,2013-07-19,2013
2941,https://openalex.org/W4235840236,2021-04-21,2021
2942,https://openalex.org/W1985298323,2006-11-28,2006
2943,https://openalex.org/W4231088907,2018-06-30,2018
2944,https://openalex.org/W3164060187,2021-05-26,2021
2945,https://openalex.org/W3063915555,2020-07-31,2020
2946,https://openalex.org/W4255341891,2007-07-05,2007
2947,https://openalex.org/W3133098488,2021-02-20,2021
2948,https://openalex.org/W2037618106,2014-10-07,2014
2949,https://openalex.org/W1514968389,2002-07-01,2002
2950,https://openalex.org/W3048455630,2020-08-13,2020
2951,https://openalex.org/W2257177355,2007-04-05,2007
2952,https://openalex.org/W4248783428,2000-03-01,2000
2953,https://openalex.org/W1989003501,2006-09-27,2006
2954,https://openalex.org/W4386282727,2023-08-29,2023
2955,https://openalex.org/W2753514200,2017-05-19,2017
2956,https://openalex.org/W2949789124,2013-12-05,2013
2957,https://openalex.org/W4303430989,2022-10-07,2022
2958,https://openalex.org/W2059758879,2005-01-04,2005
2959,https://openalex.org/W2065412354,1996-09-15,1996
2960,https://openalex.org/W1966069260,2001-12-22,2001
2961,https://openalex.org/W1212956734,2014-01-01,2014
2962,https://openalex.org/W4407554781,2025-01-01,2025
2963,https://openalex.org/W4313887924,2023-01-09,2023
2964,https://openalex.org/W4254390989,2000-02-01,2000
2965,https://openalex.org/W2045065865,2002-06-25,2002
2966,https://openalex.org/W2082998261,2012-08-06,2012
2967,https://openalex.org/W2056709263,2014-01-02,2014
2968,https://openalex.org/W2137040429,2011-02-18,2011
2969,https://openalex.org/W4405963142,2024-01-01,2024
2970,https://openalex.org/W2073996028,1985-08-01,1985
2971,https://openalex.org/W3122646076,2021-01-27,2021
2972,https://openalex.org/W4224920471,2022-04-01,2022
2973,https://openalex.org/W3211256485,2021-01-01,2021
2974,https://openalex.org/W2398188737,2015-11-13,2015
2975,https://openalex.org/W1984152257,1995-08-01,1995
2976,https://openalex.org/W1675675318,1992-01-01,1992
2977,https://openalex.org/W1993322507,1990-09-01,1990
2978,https://openalex.org/W2139441664,2006-04-01,2006
2979,https://openalex.org/W1979818149,2009-06-25,2009
2980,https://openalex.org/W2010059322,1988-04-01,1988
2981,https://openalex.org/W4377219951,2023-05-05,2023
2982,https://openalex.org/W4231139981,1995-02-01,1995
2983,https://openalex.org/W2143857284,2003-01-20,2003
2984,https://openalex.org/W2260325830,2018-01-16,2018
2985,https://openalex.org/W2015061292,1965-10-01,1965
2986,https://openalex.org/W2000568934,1982-06-01,1982
2987,https://openalex.org/W2095022030,2014-01-01,2014
2988,https://openalex.org/W4283014299,2022-06-17,2022
2989,https://openalex.org/W1964372312,1992-10-01,1992
2990,https://openalex.org/W4391608969,2024-02-07,2024
2991,https://openalex.org/W1998004772,1973-09-01,1973
2992,https://openalex.org/W2154231359,2013-01-01,2013
2993,https://openalex.org/W2170853499,1979-09-16,1979
2994,https://openalex.org/W2498032194,2016-01-01,2016
2995,https://openalex.org/W3108834423,2020-10-13,2020
2996,https://openalex.org/W4306705650,2022-10-17,2022
2997,https://openalex.org/W2330809258,2014-09-01,2014
2998,https://openalex.org/W1973355668,2009-11-01,2009
2999,https://openalex.org/W3038495047,2020-07-01,2020
3000,https://openalex.org/W2054704406,2006-02-17,2006
3001,https://openalex.org/W4379164047,2023-02-14,2023
3002,https://openalex.org/W2398255395,2015-05-22,2015
3003,https://openalex.org/W2482512523,2016-01-01,2016
3004,https://openalex.org/W2021305318,2009-03-10,2009
3005,https://openalex.org/W4312286785,2022-01-29,2022
3006,https://openalex.org/W4391985096,2024-02-01,2024
3007,https://openalex.org/W2556587947,2016-11-16,2016
3008,https://openalex.org/W2595550175,1996-12-01,1996
3009,https://openalex.org/W2086360919,2011-05-04,2011
3010,https://openalex.org/W2137593184,2005-01-01,2005
3011,https://openalex.org/W2999433270,2020-01-01,2020
3012,https://openalex.org/W2534091553,2017-06-14,2017
3013,https://openalex.org/W2130634407,2013-09-11,2013
3014,https://openalex.org/W2970461433,2019-08-30,2019
3015,https://openalex.org/W2585711366,2017-01-01,2017
3016,https://openalex.org/W2368202277,2012-01-01,2012
3017,https://openalex.org/W2034228680,2012-01-20,2012
3018,https://openalex.org/W2029523823,2010-01-01,2010
3019,https://openalex.org/W2087231240,1989-02-01,1989
3020,https://openalex.org/W2129187707,2014-01-01,2014
3021,https://openalex.org/W2022535294,2005-03-01,2005
3022,https://openalex.org/W2069951768,1992-01-01,1992
3023,https://openalex.org/W2126027423,2012-02-16,2012
3024,https://openalex.org/W3173328287,2019-03-04,2019
3025,https://openalex.org/W2049831434,1996-05-01,1996
3026,https://openalex.org/W1976538126,2014-01-01,2014
3027,https://openalex.org/W2574110514,2017-01-01,2017
3028,https://openalex.org/W4387568231,2023-10-12,2023
3029,https://openalex.org/W2040875512,1997-03-01,1997
3030,https://openalex.org/W1593445834,2007-04-01,2007
3031,https://openalex.org/W4391399209,2023-06-27,2023
3032,https://openalex.org/W1845691810,2002-11-13,2002
3033,https://openalex.org/W2040992409,1988-07-01,1988
3034,https://openalex.org/W2472177958,1994-09-02,1994
3035,https://openalex.org/W2327854615,2014-12-01,2014
3036,https://openalex.org/W2538624122,2007-01-01,2007
3037,https://openalex.org/W2033778717,1993-06-01,1993
3038,https://openalex.org/W2322964850,2006-01-01,2006
3039,https://openalex.org/W1599542927,1980-01-01,1980
3040,https://openalex.org/W1997712903,2011-07-18,2011
3041,https://openalex.org/W4250874389,1968-06-17,1968
3042,https://openalex.org/W3027373913,2020-05-20,2020
3043,https://openalex.org/W2620136511,2017-01-01,2017
3044,https://openalex.org/W4413865879,2025-09-01,2025
3045,https://openalex.org/W4256666130,1994-12-01,1994
3046,https://openalex.org/W2090896940,2001-06-15,2001
3047,https://openalex.org/W4389620414,2023-10-31,2023
3048,https://openalex.org/W2905773287,2018-10-02,2018
3049,https://openalex.org/W1580645746,2014-10-01,2014
3050,https://openalex.org/W4221085561,2022-03-24,2022
3051,https://openalex.org/W2312456969,1992-01-01,1992
3052,https://openalex.org/W2017144786,1995-10-20,1995
3053,https://openalex.org/W2799893515,2018-05-10,2018
3054,https://openalex.org/W2035813797,2014-08-01,2014
3055,https://openalex.org/W3036883941,2020-06-17,2020
3056,https://openalex.org/W2068962724,2013-07-29,2013
3057,https://openalex.org/W3119071159,2019-01-01,2019
3058,https://openalex.org/W2116252067,2006-04-01,2006
3059,https://openalex.org/W2337434517,2008-09-09,2008
3060,https://openalex.org/W4321105297,2023-02-15,2023
3061,https://openalex.org/W2756695408,2003-01-01,2003
3062,https://openalex.org/W4320929861,2001-01-01,2001
3063,https://openalex.org/W3161282402,2021-05-17,2021
3064,https://openalex.org/W4407782729,2025-02-20,2025
3065,https://openalex.org/W2048584555,1979-09-01,1979
3066,https://openalex.org/W2555252803,2016-11-16,2016
3067,https://openalex.org/W1582407896,2009-01-01,2009
3068,https://openalex.org/W3014361334,2020-01-01,2020
3069,https://openalex.org/W2052855523,1998-11-01,1998
3070,https://openalex.org/W2807258415,2018-06-07,2018
3071,https://openalex.org/W2113501403,2009-08-26,2009
3072,https://openalex.org/W1535774764,1973-01-01,1973
3073,https://openalex.org/W2061197939,2013-06-11,2013
3074,https://openalex.org/W1515097487,2007-09-03,2007
3075,https://openalex.org/W2022213177,1992-05-01,1992
3076,https://openalex.org/W2084184891,2008-04-22,2008
3077,https://openalex.org/W2163809370,2000-06-15,2000
3078,https://openalex.org/W1995570555,1995-09-01,1995
3079,https://openalex.org/W3108487009,2018-09-30,2018
3080,https://openalex.org/W3013093478,2020-03-27,2020
3081,https://openalex.org/W2204985853,2006-11-01,2006
3082,https://openalex.org/W2057066078,2011-01-01,2011
3083,https://openalex.org/W2145577946,2013-01-01,2013
3084,https://openalex.org/W2893549941,2018-09-29,2018
3085,https://openalex.org/W2160602419,2003-11-20,2003
3086,https://openalex.org/W2040951464,1970-07-01,1970
3087,https://openalex.org/W2139210060,2019-08-24,2019
3088,https://openalex.org/W183725826,2008-01-01,2008
3089,https://openalex.org/W2018872106,2000-10-01,2000
3090,https://openalex.org/W2370325659,2006-01-01,2006
3091,https://openalex.org/W4317867634,2023-01-23,2023
3092,https://openalex.org/W4210635229,2022-01-29,2022
3093,https://openalex.org/W2069449816,2014-01-10,2014
3094,https://openalex.org/W2937107082,2019-04-08,2019
3095,https://openalex.org/W2352234189,2007-01-01,2007
3096,https://openalex.org/W4389794356,2023-12-15,2023
3097,https://openalex.org/W4383860805,2023-07-10,2023
3098,https://openalex.org/W1518618707,1987-08-01,1987
3099,https://openalex.org/W1968466771,2005-03-11,2005
3100,https://openalex.org/W2975709872,2019-09-01,2019
3101,https://openalex.org/W2105449158,2010-09-16,2010
3102,https://openalex.org/W2318735978,1970-01-01,1970
3103,https://openalex.org/W2917744694,2009-11-01,2009
3104,https://openalex.org/W2991515299,2019-06-10,2019
3105,https://openalex.org/W2902132546,2018-10-01,2018
3106,https://openalex.org/W2798833929,2018-01-01,2018
3107,https://openalex.org/W3178527840,2021-05-01,2021
3108,https://openalex.org/W2325414427,2013-11-01,2013
3109,https://openalex.org/W1970138827,1974-06-01,1974
3110,https://openalex.org/W4295539899,2022-09-12,2022
3111,https://openalex.org/W1558313151,2013-01-01,2013
3112,https://openalex.org/W4294975626,2022-07-11,2022
3113,https://openalex.org/W2014764370,2013-04-19,2013
3114,https://openalex.org/W2064643203,2010-06-01,2010
3115,https://openalex.org/W4298071458,1971-09-01,1971
3116,https://openalex.org/W3019542727,2019-12-01,2019
3117,https://openalex.org/W4290432360,1987-08-01,1987
3118,https://openalex.org/W2296195299,1991-01-01,1991
3119,https://openalex.org/W2484954735,2001-01-01,2001
3120,https://openalex.org/W2170202649,2013-08-01,2013
3121,https://openalex.org/W2017342539,2012-12-31,2012
3122,https://openalex.org/W3194219336,2021-06-02,2021
3123,https://openalex.org/W2032765120,2008-11-11,2008
3124,https://openalex.org/W6902263321,2016-07-29,2016
3125,https://openalex.org/W1673709668,2008-01-01,2008
3126,https://openalex.org/W4210438594,2022-01-31,2022
3127,https://openalex.org/W2085006873,1980-01-01,1980
3128,https://openalex.org/W4214828252,2022-03-02,2022
3129,https://openalex.org/W1964209144,1964-07-01,1964
3130,https://openalex.org/W4366709502,2023-04-21,2023
3131,https://openalex.org/W2032840673,1973-05-01,1973
3132,https://openalex.org/W3012448220,2020-03-13,2020
3133,https://openalex.org/W4403894418,2024-10-29,2024
3134,https://openalex.org/W439476796,2015-03-01,2015
3135,https://openalex.org/W4293156357,2022-08-26,2022
3136,https://openalex.org/W2151485822,2003-01-02,2003
3137,https://openalex.org/W4235391122,1940-05-25,1940
3138,https://openalex.org/W2124777960,2011-04-12,2011
3139,https://openalex.org/W2897610693,2018-10-16,2018
3140,https://openalex.org/W2048090167,2001-02-01,2001
3141,https://openalex.org/W2060700981,1978-01-01,1978
3142,https://openalex.org/W2991852568,2008-01-01,2008
3143,https://openalex.org/W2329157608,2014-12-01,2014
3144,https://openalex.org/W2015364428,2007-02-17,2007
3145,https://openalex.org/W2014896548,2012-09-01,2012
3146,https://openalex.org/W2953113329,1991-12-17,1991
3147,https://openalex.org/W2131438908,2011-02-18,2011
3148,https://openalex.org/W2167106674,2012-06-07,2012
3149,https://openalex.org/W2921339052,2018-07-31,2018
3150,https://openalex.org/W1984367237,2009-01-09,2009
3151,https://openalex.org/W2298369524,2016-03-14,2016
3152,https://openalex.org/W2152040572,2002-11-01,2002
3153,https://openalex.org/W2314055269,1964-01-01,1964
3154,https://openalex.org/W4391138898,2023-01-01,2023
3155,https://openalex.org/W2252914587,2015-05-15,2015
3156,https://openalex.org/W2186751959,2009-01-01,2009
3157,https://openalex.org/W2971462932,2014-04-10,2014
3158,https://openalex.org/W2552646716,2016-11-24,2016
3159,https://openalex.org/W1982153292,1965-10-01,1965
3160,https://openalex.org/W2002722113,2006-07-01,2006
3161,https://openalex.org/W2001336172,2012-04-18,2012
3162,https://openalex.org/W4224441495,2022-04-26,2022
3163,https://openalex.org/W4403335469,2024-10-11,2024
3164,https://openalex.org/W2321379348,1954-12-01,1954
3165,https://openalex.org/W2088498462,2003-08-01,2003
3166,https://openalex.org/W4393360908,2024-01-01,2024
3167,https://openalex.org/W4405653498,2024-12-20,2024
3168,https://openalex.org/W1011097750,2015-03-01,2015
3169,https://openalex.org/W2142005244,2011-02-10,2011
3170,https://openalex.org/W2001503086,2004-06-01,2004
3171,https://openalex.org/W2188783866,2004-08-13,2004
3172,https://openalex.org/W2794016486,2017-12-01,2017
3173,https://openalex.org/W2409015522,1993-03-01,1993
3174,https://openalex.org/W2074187913,1982-01-01,1982
3175,https://openalex.org/W1966095906,1979-05-01,1979
3176,https://openalex.org/W4389921916,2023-12-18,2023
3177,https://openalex.org/W1703385794,2016-10-20,2016
3178,https://openalex.org/W2156398815,2009-09-09,2009
3179,https://openalex.org/W2410873037,1996-01-01,1996
3180,https://openalex.org/W2975065496,2019-09-27,2019
3181,https://openalex.org/W2042309048,1999-01-01,1999
3182,https://openalex.org/W3120381762,2020-12-31,2020
3183,https://openalex.org/W2025159406,1995-09-22,1995
3184,https://openalex.org/W2612590060,2017-02-20,2017
3185,https://openalex.org/W4386105228,2023-06-01,2023
3186,https://openalex.org/W1974751729,2004-01-01,2004
3187,https://openalex.org/W4376617749,2023-05-15,2023
3188,https://openalex.org/W1990041454,2013-09-01,2013
3189,https://openalex.org/W2000456601,2011-07-14,2011
3190,https://openalex.org/W2332900587,2014-03-01,2014
3191,https://openalex.org/W2384500375,2009-01-01,2009
3192,https://openalex.org/W4312957123,2022-09-23,2022
3193,https://openalex.org/W2069132821,2003-01-01,2003
3194,https://openalex.org/W2124282127,2013-11-14,2013
3195,https://openalex.org/W2078218531,1996-03-01,1996
3196,https://openalex.org/W4306874631,2022-10-20,2022
3197,https://openalex.org/W2112107013,2009-08-20,2009
3198,https://openalex.org/W1990471732,1993-01-01,1993
3199,https://openalex.org/W4311168166,2022-12-07,2022
3200,https://openalex.org/W2330691859,1943-11-01,1943
3201,https://openalex.org/W4385684316,2023-08-09,2023
3202,https://openalex.org/W3010753202,2020-03-01,2020
3203,https://openalex.org/W2964031041,2013-11-30,2013
3204,https://openalex.org/W2226346924,2013-11-01,2013
3205,https://openalex.org/W2948283643,2019-01-01,2019
3206,https://openalex.org/W2072854737,1992-09-01,1992
3207,https://openalex.org/W2903275112,2018-06-29,2018
3208,https://openalex.org/W2317727819,2014-08-21,2014
3209,https://openalex.org/W2315139084,1928-01-01,1928
3210,https://openalex.org/W2121345801,2003-02-25,2003
3211,https://openalex.org/W2995759968,2019-12-23,2019
3212,https://openalex.org/W2169822912,2010-12-01,2010
3213,https://openalex.org/W2789789039,2018-03-16,2018
3214,https://openalex.org/W2170854141,1996-09-01,1996
3215,https://openalex.org/W2091468826,2015-04-15,2015
3216,https://openalex.org/W2359404985,2002-01-01,2002
3217,https://openalex.org/W1976112526,2014-12-29,2014
3218,https://openalex.org/W2887956577,2015-05-01,2015
3219,https://openalex.org/W2998945228,2020-01-16,2020
3220,https://openalex.org/W3158451200,2020-12-31,2020
3221,https://openalex.org/W2357554846,2014-01-01,2014
3222,https://openalex.org/W2113273077,2011-03-01,2011
3223,https://openalex.org/W2752954983,2017-08-31,2017
3224,https://openalex.org/W3015291757,2020-04-13,2020
3225,https://openalex.org/W2509458111,2016-01-01,2016
3226,https://openalex.org/W1685835736,2013-09-01,2013
3227,https://openalex.org/W4413926918,2025-08-29,2025
3228,https://openalex.org/W1983033940,2012-10-18,2012
3229,https://openalex.org/W1906402861,2015-01-01,2015
3230,https://openalex.org/W2944572460,2019-05-10,2019
3231,https://openalex.org/W2318924601,1989-01-01,1989
3232,https://openalex.org/W1716799165,2015-01-01,2015
3233,https://openalex.org/W2105539324,2005-01-01,2005
3234,https://openalex.org/W2342878126,2015-10-01,2015
3235,https://openalex.org/W4402008812,2024-01-01,2024
3236,https://openalex.org/W1517386355,2014-03-01,2014
3237,https://openalex.org/W4251301791,1989-01-18,1989
3238,https://openalex.org/W4312713637,2022-08-21,2022
3239,https://openalex.org/W2104720094,1995-09-08,1995
3240,https://openalex.org/W2027791542,2005-12-22,2005
3241,https://openalex.org/W2093586179,2014-10-01,2014
3242,https://openalex.org/W2794212512,2018-02-08,2018
3243,https://openalex.org/W2033313551,2013-09-05,2013
3244,https://openalex.org/W2770343230,2017-05-22,2017
3245,https://openalex.org/W4399437139,2024-03-20,2024
3246,https://openalex.org/W2131094178,1989-02-28,1989
3247,https://openalex.org/W2029612842,2012-10-01,2012
3248,https://openalex.org/W4380090657,2023-06-08,2023
3249,https://openalex.org/W2113800566,2011-01-31,2011
3250,https://openalex.org/W2079156618,2011-06-03,2011
3251,https://openalex.org/W2349359045,2004-01-01,2004
3252,https://openalex.org/W4250213318,1998-04-20,1998
3253,https://openalex.org/W2436238698,2016-06-17,2016
3254,https://openalex.org/W2047461496,1981-12-01,1981
3255,https://openalex.org/W2085076552,2004-10-01,2004
3256,https://openalex.org/W2552319479,1942-11-01,1942
3257,https://openalex.org/W3111682993,2020-11-01,2020
3258,https://openalex.org/W2583907672,2017-01-01,2017
3259,https://openalex.org/W2807803185,2018-06-12,2018
3260,https://openalex.org/W2047634903,1994-01-01,1994
3261,https://openalex.org/W1848562826,1964-06-01,1964
3262,https://openalex.org/W2569508898,2017-01-11,2017
3263,https://openalex.org/W2099353841,2009-12-01,2009
3264,https://openalex.org/W2461069230,2016-06-20,2016
3265,https://openalex.org/W2981808655,2018-09-09,2018
3266,https://openalex.org/W2079144198,1988-01-01,1988
3267,https://openalex.org/W2898910479,2018-11-03,2018
3268,https://openalex.org/W1878656530,2015-06-08,2015
3269,https://openalex.org/W2104276964,1982-03-17,1982
3270,https://openalex.org/W2331616508,2015-01-01,2015
3271,https://openalex.org/W2086193592,1996-04-01,1996
3272,https://openalex.org/W1527173072,2007-01-01,2007
3273,https://openalex.org/W2772654867,2017-11-30,2017
3274,https://openalex.org/W2106736480,2015-07-21,2015
3275,https://openalex.org/W2905284267,2018-12-08,2018
3276,https://openalex.org/W2086478495,2013-03-01,2013
3277,https://openalex.org/W2151279368,1989-01-01,1989
3278,https://openalex.org/W2954564654,2019-07-01,2019
3279,https://openalex.org/W2013850442,2009-11-10,2009
3280,https://openalex.org/W2205243458,2017-09-18,2017
3281,https://openalex.org/W2005461536,1970-08-01,1970
3282,https://openalex.org/W2052615793,2006-04-01,2006
3283,https://openalex.org/W7075641838,2000-09-01,2000
3284,https://openalex.org/W4396556329,2024-05-01,2024
3285,https://openalex.org/W4301427301,2022-06-01,2022
3286,https://openalex.org/W2059502921,2010-06-04,2010
3287,https://openalex.org/W3038950246,2020-01-01,2020
3288,https://openalex.org/W2410274722,2016-06-01,2016
3289,https://openalex.org/W2094312257,1938-12-01,1938
3290,https://openalex.org/W2052945093,1997-04-01,1997
3291,https://openalex.org/W2006904688,1999-06-15,1999
3292,https://openalex.org/W2901155143,2018-03-27,2018
3293,https://openalex.org/W2413870428,1984-07-01,1984
3294,https://openalex.org/W1980983552,2014-12-01,2014
3295,https://openalex.org/W2320301417,2013-04-29,2013
3296,https://openalex.org/W4281652691,2022-05-31,2022
3297,https://openalex.org/W2078598729,2009-02-09,2009
3298,https://openalex.org/W1999081577,1988-05-15,1988
3299,https://openalex.org/W1657001603,1987-01-01,1987
3300,https://openalex.org/W2393400306,2003-01-01,2003
3301,https://openalex.org/W2332646534,2005-06-24,2005
3302,https://openalex.org/W3113319071,2020-10-30,2020
3303,https://openalex.org/W2043442135,2001-03-01,2001
3304,https://openalex.org/W2035886181,2014-10-14,2014
3305,https://openalex.org/W2065382366,2008-01-23,2008
3306,https://openalex.org/W4313905223,2013-01-01,2013
3307,https://openalex.org/W2803473451,2018-05-25,2018
3308,https://openalex.org/W4390992456,2023-12-01,2023
3309,https://openalex.org/W1974464818,1978-05-14,1978
3310,https://openalex.org/W2236346292,2004-03-08,2004
3311,https://openalex.org/W2094699302,1987-08-21,1987
3312,https://openalex.org/W4283785866,2022-07-02,2022
3313,https://openalex.org/W2413664859,2015-04-01,2015
3314,https://openalex.org/W2036082089,1968-08-01,1968
3315,https://openalex.org/W4225254244,2022-05-01,2022
3316,https://openalex.org/W4393212226,2024-05-06,2024
3317,https://openalex.org/W2378870975,2011-01-01,2011
3318,https://openalex.org/W4210591787,2021-12-14,2021
3319,https://openalex.org/W2114922712,2011-04-05,2011
3320,https://openalex.org/W3045920532,2020-07-30,2020
3321,https://openalex.org/W2019049433,1992-06-15,1992
3322,https://openalex.org/W2335545250,1978-01-01,1978
3323,https://openalex.org/W3025598158,2020-05-01,2020
3324,https://openalex.org/W2166436964,2004-04-08,2004
3325,https://openalex.org/W3137419564,2021-03-12,2021
3326,https://openalex.org/W2313440089,2014-12-15,2014
3327,https://openalex.org/W1995374534,2006-03-01,2006
3328,https://openalex.org/W4388961048,2023-11-22,2023
3329,https://openalex.org/W2011908247,2008-09-01,2008
3330,https://openalex.org/W2197367353,2015-10-06,2015
3331,https://openalex.org/W4394572213,2024-04-08,2024
3332,https://openalex.org/W4321374412,2023-02-18,2023
3333,https://openalex.org/W2151533676,1986-07-01,1986
3334,https://openalex.org/W2036476515,1958-11-01,1958
3335,https://openalex.org/W3199608561,2018-01-01,2018
3336,https://openalex.org/W2914128828,2019-01-01,2019
3337,https://openalex.org/W4307561367,2022-10-25,2022
3338,https://openalex.org/W4247712226,1981-01-01,1981
3339,https://openalex.org/W2809180699,2018-06-19,2018
3340,https://openalex.org/W2079346214,1982-02-01,1982
3341,https://openalex.org/W4213337129,2022-02-01,2022
3342,https://openalex.org/W2097712369,2004-06-01,2004
3343,https://openalex.org/W2131501704,1973-05-01,1973
3344,https://openalex.org/W2554449255,2014-01-01,2014
3345,https://openalex.org/W311518190,2013-04-01,2013
3346,https://openalex.org/W2970248051,2019-08-28,2019
3347,https://openalex.org/W2327605222,1957-04-01,1957
3348,https://openalex.org/W2246258957,2001-12-15,2001
3349,https://openalex.org/W4391213570,2024-01-25,2024
3350,https://openalex.org/W4313547801,2022-12-20,2022
3351,https://openalex.org/W2151768954,1981-04-01,1981
3352,https://openalex.org/W2741063706,2017-08-02,2017
3353,https://openalex.org/W2956823662,2019-04-30,2019
3354,https://openalex.org/W2001569637,2006-05-17,2006
3355,https://openalex.org/W3024361526,2020-05-15,2020
3356,https://openalex.org/W3008392168,2020-02-01,2020
3357,https://openalex.org/W3215289521,2021-11-23,2021
3358,https://openalex.org/W2093142903,1981-10-01,1981
3359,https://openalex.org/W3037204139,2020-06-24,2020
3360,https://openalex.org/W2032682041,2011-10-10,2011
3361,https://openalex.org/W2062706227,2008-06-01,2008
3362,https://openalex.org/W4392251921,2024-01-01,2024
3363,https://openalex.org/W4233542735,1998-01-01,1998
3364,https://openalex.org/W2363830113,2013-01-01,2013
3365,https://openalex.org/W2896196865,2018-10-20,2018
3366,https://openalex.org/W2972512992,2019-09-01,2019
3367,https://openalex.org/W2219233527,2012-01-01,2012
3368,https://openalex.org/W2343691835,2016-04-29,2016
3369,https://openalex.org/W4396620809,2024-05-03,2024
3370,https://openalex.org/W2324654909,2000-06-01,2000
3371,https://openalex.org/W4320896780,2023-02-01,2023
3372,https://openalex.org/W2009397101,1981-01-01,1981
3373,https://openalex.org/W4200109373,2021-11-01,2021
3374,https://openalex.org/W2102835043,1997-03-01,1997
3375,https://openalex.org/W2067636479,1993-07-01,1993
3376,https://openalex.org/W2319287588,1937-01-01,1937
3377,https://openalex.org/W2029071852,2003-11-26,2003
3378,https://openalex.org/W2997094146,2019-01-01,2019
3379,https://openalex.org/W1540526640,2005-07-27,2005
3380,https://openalex.org/W2380491105,2014-01-01,2014
3381,https://openalex.org/W4200143265,2021-10-05,2021
3382,https://openalex.org/W2031519444,1991-11-15,1991
3383,https://openalex.org/W2278691938,2007-04-16,2007
3384,https://openalex.org/W2154878037,2012-05-16,2012
3385,https://openalex.org/W1965169720,2004-09-02,2004
3386,https://openalex.org/W2149666434,2010-04-23,2010
3387,https://openalex.org/W2078506812,2005-11-01,2005
3388,https://openalex.org/W2335048918,2003-03-01,2003
3389,https://openalex.org/W2986137400,2019-11-15,2019
3390,https://openalex.org/W4309481047,2022-11-09,2022
3391,https://openalex.org/W4292748669,2022-01-01,2022
3392,https://openalex.org/W2128639912,2015-06-16,2015
3393,https://openalex.org/W2408961325,1979-01-01,1979
3394,https://openalex.org/W2337811030,1999-01-01,1999
3395,https://openalex.org/W4292694215,2022-08-23,2022
3396,https://openalex.org/W1969936503,2004-03-12,2004
3397,https://openalex.org/W2021963178,2015-02-02,2015
3398,https://openalex.org/W2109493130,2013-07-16,2013
3399,https://openalex.org/W1710806325,2015-01-01,2015
3400,https://openalex.org/W2994138097,2019-12-04,2019
3401,https://openalex.org/W4388115903,2023-10-02,2023
3402,https://openalex.org/W2791310287,2018-03-21,2018
3403,https://openalex.org/W3128606608,2021-01-01,2021
3404,https://openalex.org/W2913756049,2019-01-09,2019
3405,https://openalex.org/W4399881041,2024-06-21,2024
3406,https://openalex.org/W3184783547,2021-07-28,2021
3407,https://openalex.org/W2106359593,2013-09-11,2013
3408,https://openalex.org/W2351396519,2009-01-01,2009
3409,https://openalex.org/W2103872129,2024-10-30,2024
3410,https://openalex.org/W2734742710,2017-05-01,2017
3411,https://openalex.org/W1997651710,1987-01-01,1987
3412,https://openalex.org/W2560243368,2016-12-05,2016
3413,https://openalex.org/W2305032053,2016-03-22,2016
3414,https://openalex.org/W612403971,2013-02-20,2013
3415,https://openalex.org/W2620586082,2017-05-20,2017
3416,https://openalex.org/W2104133962,2014-11-19,2014
3417,https://openalex.org/W4399049945,2024-05-27,2024
3418,https://openalex.org/W2169597956,1996-07-15,1996
3419,https://openalex.org/W2979331064,2019-10-01,2019
3420,https://openalex.org/W2094522173,1952-01-01,1952
3421,https://openalex.org/W2003483974,2011-10-04,2011
3422,https://openalex.org/W4399083477,2024-05-28,2024
3423,https://openalex.org/W1979525822,1978-01-01,1978
3424,https://openalex.org/W2152483402,1999-09-01,1999
3425,https://openalex.org/W4211075392,2021-07-01,2021
3426,https://openalex.org/W3035130709,2020-06-03,2020
3427,https://openalex.org/W1996472042,1979-02-01,1979
3428,https://openalex.org/W3007238406,2020-02-24,2020
3429,https://openalex.org/W138808322,2013-11-01,2013
3430,https://openalex.org/W2140925896,2011-08-22,2011
3431,https://openalex.org/W2072675565,1971-11-01,1971
3432,https://openalex.org/W2420584630,2016-03-06,2016
3433,https://openalex.org/W1608267926,1972-06-01,1972
3434,https://openalex.org/W1667646831,1991-02-01,1991
3435,https://openalex.org/W2079253004,1993-01-01,1993
3436,https://openalex.org/W3080226261,2020-08-20,2020
3437,https://openalex.org/W2035779945,2000-11-01,2000
3438,https://openalex.org/W1511656447,2012-07-19,2012
3439,https://openalex.org/W2590714582,2017-04-13,2017
3440,https://openalex.org/W3000458198,2020-01-01,2020
3441,https://openalex.org/W2029157954,1997-10-01,1997
3442,https://openalex.org/W1965230202,1991-11-01,1991
3443,https://openalex.org/W4381995836,2023-06-10,2023
3444,https://openalex.org/W3082118763,2020-01-01,2020
3445,https://openalex.org/W4409511056,2025-02-12,2025
3446,https://openalex.org/W2483704830,2016-07-25,2016
3447,https://openalex.org/W2151803418,2011-12-29,2011
3448,https://openalex.org/W2595719496,1986-06-01,1986
3449,https://openalex.org/W4284690597,2022-07-05,2022
3450,https://openalex.org/W1592412516,2014-04-07,2014
3451,https://openalex.org/W2170996782,2002-01-01,2002
3452,https://openalex.org/W4206039417,1966-12-19,1966
3453,https://openalex.org/W2072799868,2011-05-04,2011
3454,https://openalex.org/W3162929847,2021-09-02,2021
3455,https://openalex.org/W4237041039,1935-01-01,1935
3456,https://openalex.org/W2963121618,2019-07-23,2019
3457,https://openalex.org/W2135106649,2011-06-01,2011
3458,https://openalex.org/W2229536680,2012-03-21,2012
3459,https://openalex.org/W2969188334,2019-06-14,2019
3460,https://openalex.org/W4392458395,2023-12-29,2023
3461,https://openalex.org/W2186880672,2015-12-06,2015
3462,https://openalex.org/W2899030577,2018-08-01,2018
3463,https://openalex.org/W2076976202,2009-01-01,2009
3464,https://openalex.org/W1836667427,2003-01-20,2003
3465,https://openalex.org/W2327737423,2014-01-16,2014
3466,https://openalex.org/W1965975440,2007-04-12,2007
3467,https://openalex.org/W1970447055,1997-06-01,1997
3468,https://openalex.org/W1991389226,1990-07-15,1990
3469,https://openalex.org/W3096433408,2020-10-26,2020
3470,https://openalex.org/W2944574104,2019-05-09,2019
3471,https://openalex.org/W3112237844,2020-12-17,2020
3472,https://openalex.org/W7018260050,2021-03-29,2021
3473,https://openalex.org/W4390948450,2024-01-17,2024
3474,https://openalex.org/W2089434271,1971-04-16,1971
3475,https://openalex.org/W3081369368,2020-08-18,2020
3476,https://openalex.org/W2575081060,2013-01-01,2013
3477,https://openalex.org/W3044716744,2020-07-23,2020
3478,https://openalex.org/W2530032967,1981-06-01,1981
3479,https://openalex.org/W1993991503,1990-01-01,1990
3480,https://openalex.org/W4210710816,2022-01-26,2022
3481,https://openalex.org/W2004713255,2005-01-17,2005
3482,https://openalex.org/W112138199,2000-09-01,2000
3483,https://openalex.org/W2001536368,2013-02-01,2013
3484,https://openalex.org/W2109889724,1992-10-01,1992
3485,https://openalex.org/W2805427352,2018-06-08,2018
3486,https://openalex.org/W2604368456,2017-01-01,2017
3487,https://openalex.org/W1576331699,1991-07-01,1991
3488,https://openalex.org/W2842051190,2018-07-06,2018
3489,https://openalex.org/W2906736019,2018-12-31,2018
3490,https://openalex.org/W3139227327,2021-01-01,2021
3491,https://openalex.org/W1985299424,2015-03-30,2015
3492,https://openalex.org/W1966636487,1980-03-01,1980
3493,https://openalex.org/W2076132102,1986-09-01,1986
3494,https://openalex.org/W2912759122,2012-01-01,2012
3495,https://openalex.org/W176826370,2016-09-05,2016
3496,https://openalex.org/W4386256000,2023-08-29,2023
3497,https://openalex.org/W4289230139,2022-01-01,2022
3498,https://openalex.org/W2165104858,2002-11-13,2002
3499,https://openalex.org/W4407340795,2025-02-10,2025
3500,https://openalex.org/W2172150641,2000-02-07,2000
3501,https://openalex.org/W2088976752,1991-03-01,1991
3502,https://openalex.org/W2906637740,2018-12-20,2018
3503,https://openalex.org/W2244699664,2020-09-03,2020
3504,https://openalex.org/W4253763255,1988-06-01,1988
3505,https://openalex.org/W769945002,2010-01-01,2010
3506,https://openalex.org/W2006421604,1992-09-04,1992
3507,https://openalex.org/W3092761176,2020-10-13,2020
3508,https://openalex.org/W2120420202,2005-01-01,2005
3509,https://openalex.org/W2793114294,2018-02-01,2018
3510,https://openalex.org/W2144518356,2002-11-22,2002
3511,https://openalex.org/W4382046159,2023-06-26,2023
3512,https://openalex.org/W3115901002,2020-12-23,2020
3513,https://openalex.org/W2090628348,1974-04-01,1974
3514,https://openalex.org/W3122221859,2006-01-01,2006
3515,https://openalex.org/W4205892191,1907-02-01,1907
3516,https://openalex.org/W2179021806,2001-10-01,2001
3517,https://openalex.org/W1958999316,1993-12-01,1993
3518,https://openalex.org/W270701983,2015-03-13,2015
3519,https://openalex.org/W2508391829,2016-05-01,2016
3520,https://openalex.org/W6927041664,2022-01-04,2022
3521,https://openalex.org/W1992181160,1999-08-01,1999
3522,https://openalex.org/W3203673943,2021-10-01,2021
3523,https://openalex.org/W2026212456,2010-02-12,2010
3524,https://openalex.org/W2381548970,2009-01-01,2009
3525,https://openalex.org/W2033340935,2014-11-20,2014
3526,https://openalex.org/W4205669200,2022-01-14,2022
3527,https://openalex.org/W2127296110,1986-09-01,1986
3528,https://openalex.org/W2168468751,2014-10-08,2014
3529,https://openalex.org/W2081912752,2011-01-01,2011
3530,https://openalex.org/W4296801115,2022-09-22,2022
3531,https://openalex.org/W2995148985,2019-01-01,2019
3532,https://openalex.org/W2505628927,1995-10-15,1995
3533,https://openalex.org/W2012866751,1990-01-01,1990
3534,https://openalex.org/W2504467459,2016-07-01,2016
3535,https://openalex.org/W2188222374,2008-01-01,2008
3536,https://openalex.org/W2011438671,2012-10-25,2012
3537,https://openalex.org/W3209309845,2021-10-25,2021
3538,https://openalex.org/W1980858411,1983-05-01,1983
3539,https://openalex.org/W152432246,2012-01-01,2012
3540,https://openalex.org/W3014599129,2020-04-07,2020
3541,https://openalex.org/W2789764207,2018-01-01,2018
3542,https://openalex.org/W2089637179,2015-01-01,2015
3543,https://openalex.org/W3011481750,2020-03-19,2020
3544,https://openalex.org/W2072616189,1996-07-01,1996
3545,https://openalex.org/W2157132439,2009-09-01,2009
3546,https://openalex.org/W4406090239,2025-01-01,2025
3547,https://openalex.org/W4283068059,2022-06-18,2022
3548,https://openalex.org/W2001901394,2011-01-01,2011
3549,https://openalex.org/W1979333783,1992-09-01,1992
3550,https://openalex.org/W3022006793,2020-04-30,2020
3551,https://openalex.org/W3015836860,2020-04-08,2020
3552,https://openalex.org/W2042613862,2007-09-24,2007
3553,https://openalex.org/W2164455731,1999-01-15,1999
3554,https://openalex.org/W2082622855,1987-04-01,1987
3555,https://openalex.org/W4302081652,2010-03-15,2010
3556,https://openalex.org/W3152740289,2021-04-16,2021
3557,https://openalex.org/W2564578354,2016-12-09,2016
3558,https://openalex.org/W3134096607,2021-03-12,2021
3559,https://openalex.org/W2036354239,1999-01-01,1999
3560,https://openalex.org/W4389626015,2023-12-12,2023
3561,https://openalex.org/W2331712955,1986-01-01,1986
3562,https://openalex.org/W3006195845,2020-02-06,2020
3563,https://openalex.org/W4384925933,2023-01-01,2023
3564,https://openalex.org/W2894498998,2018-09-01,2018
3565,https://openalex.org/W2092338883,2012-06-15,2012
3566,https://openalex.org/W2904190479,2018-01-01,2018
3567,https://openalex.org/W3113702148,2020-01-01,2020
3568,https://openalex.org/W1981292168,2008-08-18,2008
3569,https://openalex.org/W2187830163,2013-01-01,2013
3570,https://openalex.org/W4375949460,2023-05-08,2023
3571,https://openalex.org/W2806527422,2018-05-31,2018
3572,https://openalex.org/W4362559943,2023-04-03,2023
3573,https://openalex.org/W4229036122,2022-01-08,2022
3574,https://openalex.org/W4232011045,2019-10-15,2019
3575,https://openalex.org/W2074965177,2012-12-12,2012
3576,https://openalex.org/W1990207398,2003-10-01,2003
3577,https://openalex.org/W2184112230,2014-01-01,2014
3578,https://openalex.org/W2164607497,2011-07-01,2011
3579,https://openalex.org/W2257350980,2015-12-10,2015
3580,https://openalex.org/W2990430180,2019-11-01,2019
3581,https://openalex.org/W2091563727,2013-09-20,2013
3582,https://openalex.org/W3003904269,2020-01-28,2020
3583,https://openalex.org/W4410618104,2025-05-23,2025
3584,https://openalex.org/W2079691910,2006-12-01,2006
3585,https://openalex.org/W4256137403,2017-12-01,2017
3586,https://openalex.org/W1528639838,2001-06-08,2001
3587,https://openalex.org/W2065591049,1982-02-15,1982
3588,https://openalex.org/W2146119467,2007-07-01,2007
3589,https://openalex.org/W2473033440,2016-05-01,2016
3590,https://openalex.org/W83365579,1997-01-01,1997
3591,https://openalex.org/W4402976402,2024-09-30,2024
3592,https://openalex.org/W4391108528,2024-01-22,2024
3593,https://openalex.org/W3009976097,2020-03-04,2020
3594,https://openalex.org/W2118509786,2008-08-28,2008
3595,https://openalex.org/W2058104935,2000-08-01,2000
3596,https://openalex.org/W4317717640,2023-01-22,2023
3597,https://openalex.org/W1980404569,1981-08-01,1981
3598,https://openalex.org/W2120902705,2010-12-17,2010
3599,https://openalex.org/W2596702989,2007-07-01,2007
3600,https://openalex.org/W3010491827,2020-02-24,2020
3601,https://openalex.org/W44514582,2007-01-01,2007
3602,https://openalex.org/W1999709383,2010-10-01,2010
3603,https://openalex.org/W2941295492,2018-10-30,2018
3604,https://openalex.org/W2996426778,2019-12-19,2019
3605,https://openalex.org/W4407036822,2025-01-31,2025
3606,https://openalex.org/W2382085388,1999-01-01,1999
3607,https://openalex.org/W2993970822,2013-12-01,2013
3608,https://openalex.org/W2591387769,2011-03-01,2011
3609,https://openalex.org/W2952512999,2019-04-01,2019
3610,https://openalex.org/W2955029371,2019-06-25,2019
3611,https://openalex.org/W1981209280,1971-09-01,1971
3612,https://openalex.org/W2247065285,2015-10-01,2015
3613,https://openalex.org/W2094466127,1999-10-01,1999
3614,https://openalex.org/W2064291864,2010-07-01,2010
3615,https://openalex.org/W2539256116,2016-10-18,2016
3616,https://openalex.org/W2014272020,2010-01-01,2010
3617,https://openalex.org/W4296480816,2022-09-20,2022
3618,https://openalex.org/W1625700588,2014-06-01,2014
3619,https://openalex.org/W264257682,2008-01-01,2008
3620,https://openalex.org/W2741279856,2017-07-29,2017
3621,https://openalex.org/W2532540554,2016-09-01,2016
3622,https://openalex.org/W2051062555,1990-09-01,1990
3623,https://openalex.org/W1965357094,2009-11-01,2009
3624,https://openalex.org/W29634727,1986-01-15,1986
3625,https://openalex.org/W4243313931,2005-01-01,2005
3626,https://openalex.org/W4224288115,2022-04-21,2022
3627,https://openalex.org/W2974454368,2019-09-17,2019
3628,https://openalex.org/W2134050246,1989-10-01,1989
3629,https://openalex.org/W2993686815,2002-05-01,2002
3630,https://openalex.org/W2059166528,2014-09-19,2014
3631,https://openalex.org/W2002431590,2007-07-01,2007
3632,https://openalex.org/W4230644759,1997-09-15,1997
3633,https://openalex.org/W4390502592,2023-12-23,2023
3634,https://openalex.org/W4296826618,2022-09-23,2022
3635,https://openalex.org/W2332427997,2014-02-11,2014
3636,https://openalex.org/W3084396862,2020-09-09,2020
3637,https://openalex.org/W2751564966,2017-08-28,2017
3638,https://openalex.org/W4363646716,2023-04-10,2023
3639,https://openalex.org/W2727227184,2018-01-01,2018
3640,https://openalex.org/W2508731132,2000-01-01,2000
3641,https://openalex.org/W4390099999,2023-12-22,2023
3642,https://openalex.org/W4252707502,1961-01-01,1961
3643,https://openalex.org/W2417140367,2016-01-01,2016
3644,https://openalex.org/W2136149562,2014-04-01,2014
3645,https://openalex.org/W3093898569,2020-10-26,2020
3646,https://openalex.org/W4384432914,2023-06-01,2023
3647,https://openalex.org/W2075626782,2012-01-01,2012
3648,https://openalex.org/W3196496247,2021-07-29,2021
3649,https://openalex.org/W2137208249,2015-03-01,2015
3650,https://openalex.org/W2909511188,2019-01-09,2019
3651,https://openalex.org/W4361770876,2013-06-30,2013
3652,https://openalex.org/W2090294115,2006-03-13,2006
3653,https://openalex.org/W4386701399,2023-09-01,2023
3654,https://openalex.org/W4389743025,2023-12-14,2023
3655,https://openalex.org/W2155639617,2005-07-22,2005
3656,https://openalex.org/W4388573622,2023-11-01,2023
3657,https://openalex.org/W2800607080,2018-04-27,2018
3658,https://openalex.org/W2051316203,2004-02-18,2004
3659,https://openalex.org/W2011647640,2008-08-15,2008
3660,https://openalex.org/W4299667240,1992-09-01,1992
3661,https://openalex.org/W3205876208,2021-10-12,2021
3662,https://openalex.org/W2036014901,2001-07-16,2001
3663,https://openalex.org/W2094729537,1979-07-01,1979
3664,https://openalex.org/W2022796847,2010-10-01,2010
3665,https://openalex.org/W3081678223,2020-08-31,2020
3666,https://openalex.org/W1595232260,2003-06-25,2003
3667,https://openalex.org/W1979321935,2013-12-05,2013
3668,https://openalex.org/W2059372202,2004-01-22,2004
3669,https://openalex.org/W1890482947,2014-05-31,2014
3670,https://openalex.org/W1996352825,1999-09-01,1999
3671,https://openalex.org/W2022738588,2008-12-03,2008
3672,https://openalex.org/W3022499258,2020-05-01,2020
3673,https://openalex.org/W4387384822,2023-01-01,2023
3674,https://openalex.org/W2163765616,1941-01-01,1941
3675,https://openalex.org/W4392784026,2024-02-14,2024
3676,https://openalex.org/W2005815716,1916-06-01,1916
3677,https://openalex.org/W2809046015,2018-06-21,2018
3678,https://openalex.org/W1953366848,2006-12-15,2006
3679,https://openalex.org/W2170953551,2012-10-05,2012
3680,https://openalex.org/W3152860485,2021-04-15,2021
3681,https://openalex.org/W2998015506,2019-12-25,2019
3682,https://openalex.org/W2792584248,2017-01-01,2017
3683,https://openalex.org/W2227358428,2016-01-08,2016
3684,https://openalex.org/W2114294447,2002-06-01,2002
3685,https://openalex.org/W2131331067,1997-04-01,1997
3686,https://openalex.org/W4296312473,2022-09-18,2022
3687,https://openalex.org/W2033591617,1989-01-01,1989
3688,https://openalex.org/W2945164485,2019-05-20,2019
3689,https://openalex.org/W4205954564,2021-11-14,2021
3690,https://openalex.org/W2129196434,2010-01-20,2010
3691,https://openalex.org/W2046235911,2009-01-01,2009
3692,https://openalex.org/W2179797287,1998-10-01,1998
3693,https://openalex.org/W4396717594,2024-05-07,2024
3694,https://openalex.org/W4403306312,2024-10-10,2024
3695,https://openalex.org/W3175563469,2021-06-01,2021
3696,https://openalex.org/W2186846466,2015-01-01,2015
3697,https://openalex.org/W4210641888,2022-01-19,2022
3698,https://openalex.org/W2114995537,1971-05-01,1971
3699,https://openalex.org/W3082096555,2020-09-01,2020
3700,https://openalex.org/W4321377452,2023-02-18,2023
3701,https://openalex.org/W2045711776,1992-05-01,1992
3702,https://openalex.org/W2729243440,1970-03-01,1970
3703,https://openalex.org/W2292640549,2015-06-03,2015
3704,https://openalex.org/W1989117482,2010-01-01,2010
3705,https://openalex.org/W4214927468,2022-01-24,2022
3706,https://openalex.org/W2083997394,1976-11-01,1976
3707,https://openalex.org/W3156653388,2021-01-01,2021
3708,https://openalex.org/W2331750851,2014-01-01,2014
3709,https://openalex.org/W2314629112,1955-05-01,1955
3710,https://openalex.org/W2790434909,2018-02-13,2018
3711,https://openalex.org/W2397180995,2016-05-19,2016
3712,https://openalex.org/W4399116990,2024-05-20,2024
3713,https://openalex.org/W2780898753,2017-12-20,2017
3714,https://openalex.org/W1980925439,1996-01-01,1996
3715,https://openalex.org/W4296306961,2022-09-18,2022
3716,https://openalex.org/W2991917796,2020-01-27,2020
3717,https://openalex.org/W5196849,2000-03-03,2000
3718,https://openalex.org/W4403272606,2024-10-09,2024
3719,https://openalex.org/W1965334744,1975-09-01,1975
3720,https://openalex.org/W2183074207,2013-01-01,2013
3721,https://openalex.org/W2166404388,2014-01-01,2014
3722,https://openalex.org/W2325704411,2011-01-01,2011
3723,https://openalex.org/W4410628143,2025-05-23,2025
3724,https://openalex.org/W2512633971,2008-08-19,2008
3725,https://openalex.org/W4210447116,2022-01-01,2022
3726,https://openalex.org/W2187255165,2006-01-01,2006
3727,https://openalex.org/W1974240421,1978-12-01,1978
3728,https://openalex.org/W1969906126,1983-08-01,1983
3729,https://openalex.org/W2028835702,2010-04-15,2010
3730,https://openalex.org/W2955231153,2019-04-11,2019
3731,https://openalex.org/W2327553426,2010-01-01,2010
3732,https://openalex.org/W2137135246,2001-11-20,2001
3733,https://openalex.org/W2414360801,2016-02-25,2016
3734,https://openalex.org/W249338474,2007-01-01,2007
3735,https://openalex.org/W321995569,2010-01-01,2010
3736,https://openalex.org/W4411457000,2025-06-19,2025
3737,https://openalex.org/W2324710641,2015-11-13,2015
3738,https://openalex.org/W4318263312,2023-01-27,2023
3739,https://openalex.org/W2519437496,2016-09-13,2016
3740,https://openalex.org/W2037244693,2004-08-12,2004
3741,https://openalex.org/W2288585357,2015-04-01,2015
3742,https://openalex.org/W2034962483,1981-01-01,1981
3743,https://openalex.org/W1841638115,1992-12-01,1992
3744,https://openalex.org/W3135398976,2021-01-01,2021
3745,https://openalex.org/W1531095194,1995-10-01,1995
3746,https://openalex.org/W2616391431,2017-01-02,2017
3747,https://openalex.org/W2236266652,2016-07-25,2016
3748,https://openalex.org/W2992836106,2019-01-01,2019
3749,https://openalex.org/W2133061253,1991-01-01,1991
3750,https://openalex.org/W4385278070,2023-07-26,2023
3751,https://openalex.org/W2081006968,2011-06-06,2011
3752,https://openalex.org/W2986684112,2019-11-01,2019
3753,https://openalex.org/W7073613348,2003-12-01,2003
3754,https://openalex.org/W1968273248,1999-11-01,1999
3755,https://openalex.org/W2069096353,1990-12-01,1990
3756,https://openalex.org/W69890951,1993-06-01,1993
3757,https://openalex.org/W3198831284,2021-09-02,2021
3758,https://openalex.org/W2102219944,2004-11-08,2004
3759,https://openalex.org/W3201982574,2021-09-23,2021
3760,https://openalex.org/W2150433367,2013-11-06,2013
3761,https://openalex.org/W3021319695,2020-05-01,2020
3762,https://openalex.org/W6912082615,2023-12-01,2023
3763,https://openalex.org/W2898370224,2018-04-01,2018
3764,https://openalex.org/W1974990495,1970-06-01,1970
3765,https://openalex.org/W4393927958,2024-01-01,2024
3766,https://openalex.org/W4391296369,2024-01-28,2024
3767,https://openalex.org/W4244831006,1997-01-01,1997
3768,https://openalex.org/W2168864588,1979-09-01,1979
3769,https://openalex.org/W2098002077,2012-11-27,2012
3770,https://openalex.org/W1973402549,2010-07-01,2010
3771,https://openalex.org/W4200517184,2021-12-20,2021
3772,https://openalex.org/W2555083656,2016-06-01,2016
3773,https://openalex.org/W3178203558,2021-01-01,2021
3774,https://openalex.org/W2970879204,2019-08-28,2019
3775,https://openalex.org/W1989089815,1985-03-01,1985
3776,https://openalex.org/W3092437600,2020-10-07,2020
3777,https://openalex.org/W3041409567,2020-07-11,2020
3778,https://openalex.org/W2886932295,2012-01-01,2012
3779,https://openalex.org/W2077382402,1973-07-01,1973
3780,https://openalex.org/W3126294928,2021-02-02,2021
3781,https://openalex.org/W4402742158,2024-09-23,2024
3782,https://openalex.org/W2148717257,1974-08-01,1974
3783,https://openalex.org/W2031557205,1983-01-10,1983
3784,https://openalex.org/W1844731077,2009-11-01,2009
3785,https://openalex.org/W2290323765,2016-02-01,2016
3786,https://openalex.org/W1650941305,2004-06-01,2004
3787,https://openalex.org/W2980653531,2015-12-28,2015
3788,https://openalex.org/W2918992018,2018-12-20,2018
3789,https://openalex.org/W2955300177,2019-01-14,2019
3790,https://openalex.org/W2013907125,1970-01-01,1970
3791,https://openalex.org/W1963856046,2015-04-01,2015
3792,https://openalex.org/W2771354778,2017-10-01,2017
3793,https://openalex.org/W6884731293,2020-03-01,2020
3794,https://openalex.org/W2032208341,2013-05-30,2013
3795,https://openalex.org/W4380686036,2023-01-01,2023
3796,https://openalex.org/W3180591910,2021-07-06,2021
3797,https://openalex.org/W2169505974,2008-08-09,2008
3798,https://openalex.org/W4402097984,2024-08-30,2024
3799,https://openalex.org/W2325197664,2007-05-07,2007
3800,https://openalex.org/W4309226435,2022-10-13,2022
3801,https://openalex.org/W2969669303,2019-08-19,2019
3802,https://openalex.org/W141732267,1999-03-30,1999
3803,https://openalex.org/W2765872839,2017-01-01,2017
3804,https://openalex.org/W2089960113,2009-08-07,2009
3805,https://openalex.org/W2523422059,2016-09-20,2016
3806,https://openalex.org/W2049950711,2005-08-01,2005
3807,https://openalex.org/W7043245357,2018-06-19,2018
3808,https://openalex.org/W2052388497,1983-02-01,1983
3809,https://openalex.org/W2132879480,2005-08-16,2005
3810,https://openalex.org/W3213869257,2021-11-13,2021
3811,https://openalex.org/W2766061707,2017-10-27,2017
3812,https://openalex.org/W2319083495,2015-04-07,2015
3813,https://openalex.org/W2387212450,2005-01-01,2005
3814,https://openalex.org/W4322628492,2023-02-28,2023
3815,https://openalex.org/W4287149655,2022-07-14,2022
3816,https://openalex.org/W3003541459,2020-01-01,2020
3817,https://openalex.org/W2410583826,2015-06-12,2015
3818,https://openalex.org/W1971309969,1967-06-01,1967
3819,https://openalex.org/W1532298711,2000-01-01,2000
3820,https://openalex.org/W1983288596,1999-08-20,1999
3821,https://openalex.org/W4307545232,2022-10-26,2022
3822,https://openalex.org/W2592117043,2017-01-30,2017
3823,https://openalex.org/W4221166593,2022-01-08,2022
3824,https://openalex.org/W2888700936,2018-08-22,2018
3825,https://openalex.org/W4214768729,2011-06-01,2011
3826,https://openalex.org/W2151828735,1997-05-01,1997
3827,https://openalex.org/W4412948595,2025-08-05,2025
3828,https://openalex.org/W2116024509,2010-12-01,2010
3829,https://openalex.org/W2901990273,2018-09-03,2018
3830,https://openalex.org/W2321126044,2001-01-01,2001
3831,https://openalex.org/W2044879675,2012-11-15,2012
3832,https://openalex.org/W2904286078,2018-12-07,2018
3833,https://openalex.org/W4327617453,2023-03-16,2023
3834,https://openalex.org/W1990881850,2013-07-18,2013
3835,https://openalex.org/W4407241692,2025-02-07,2025
3836,https://openalex.org/W4237011543,1966-08-01,1966
3837,https://openalex.org/W2155546314,2009-11-23,2009
3838,https://openalex.org/W2952609331,2019-04-30,2019
3839,https://openalex.org/W4388576657,2023-10-01,2023
3840,https://openalex.org/W2513054618,2016-09-01,2016
3841,https://openalex.org/W4410851556,2025-01-01,2025
3842,https://openalex.org/W2972604350,2019-09-11,2019
3843,https://openalex.org/W2018020469,1993-01-01,1993
3844,https://openalex.org/W2092806574,2004-06-01,2004
3845,https://openalex.org/W2030924932,1993-03-01,1993
3846,https://openalex.org/W2978625448,2015-04-30,2015
3847,https://openalex.org/W2015541559,2009-03-01,2009
3848,https://openalex.org/W1966668213,2006-01-01,2006
3849,https://openalex.org/W2049669672,1971-02-01,1971
3850,https://openalex.org/W4295064612,2022-09-06,2022
3851,https://openalex.org/W2019338051,2014-08-09,2014
3852,https://openalex.org/W4244180734,2016-12-01,2016
3853,https://openalex.org/W83282543,1977-05-01,1977
3854,https://openalex.org/W1964043899,1983-08-01,1983
3855,https://openalex.org/W2259889788,2009-04-01,2009
3856,https://openalex.org/W2040031609,1991-11-01,1991
3857,https://openalex.org/W2105083790,2008-12-01,2008
3858,https://openalex.org/W2382333511,2012-01-01,2012
3859,https://openalex.org/W1973453779,2011-08-16,2011
3860,https://openalex.org/W4200580932,2021-12-17,2021
3861,https://openalex.org/W2025041973,2014-10-08,2014
3862,https://openalex.org/W1486193789,2015-01-01,2015
3863,https://openalex.org/W2076209779,2005-11-21,2005
3864,https://openalex.org/W4281656813,2022-04-12,2022
3865,https://openalex.org/W2443610118,1979-03-01,1979
3866,https://openalex.org/W4246042710,2016-03-23,2016
3867,https://openalex.org/W2049026819,1976-01-01,1976
3868,https://openalex.org/W4241704251,2011-07-10,2011
3869,https://openalex.org/W1982474512,2014-06-01,2014
3870,https://openalex.org/W3007829827,2020-02-27,2020
3871,https://openalex.org/W2151007632,2013-04-10,2013
3872,https://openalex.org/W2588362521,2019-05-23,2019
3873,https://openalex.org/W3003032524,2020-01-21,2020
3874,https://openalex.org/W1994122818,1987-09-01,1987
3875,https://openalex.org/W2351341994,2007-01-01,2007
3876,https://openalex.org/W2950221210,2012-01-01,2012
3877,https://openalex.org/W2353213129,2009-01-01,2009
3878,https://openalex.org/W2053977067,1985-02-01,1985
3879,https://openalex.org/W2006442067,1970-01-01,1970
3880,https://openalex.org/W2076915717,2012-03-22,2012
3881,https://openalex.org/W2148123463,1986-07-01,1986
3882,https://openalex.org/W2147447172,2010-02-01,2010
3883,https://openalex.org/W1563754889,2005-01-01,2005
3884,https://openalex.org/W28942115,2003-01-01,2003
3885,https://openalex.org/W2993710860,2011-11-11,2011
3886,https://openalex.org/W2352703902,2014-01-01,2014
3887,https://openalex.org/W2326468532,1991-01-01,1991
3888,https://openalex.org/W3105486497,2020-11-16,2020
3889,https://openalex.org/W2395344818,2000-01-01,2000
3890,https://openalex.org/W4233974660,2001-01-01,2001
3891,https://openalex.org/W2318971917,1959-12-01,1959
3892,https://openalex.org/W2134931552,2012-12-12,2012
3893,https://openalex.org/W4379472485,2023-06-05,2023
3894,https://openalex.org/W2122521511,2012-01-01,2012
3895,https://openalex.org/W3135098729,2021-03-07,2021
3896,https://openalex.org/W2093356656,2013-06-01,2013
3897,https://openalex.org/W2073131120,2013-10-30,2013
3898,https://openalex.org/W2523518670,2016-08-29,2016
3899,https://openalex.org/W2592671468,2017-03-01,2017
3900,https://openalex.org/W2314901573,1984-01-01,1984
3901,https://openalex.org/W4256102016,1984-01-01,1984
3902,https://openalex.org/W3023632252,2015-10-21,2015
3903,https://openalex.org/W3173561811,2021-06-23,2021
3904,https://openalex.org/W4376119575,2023-04-01,2023
3905,https://openalex.org/W568638086,2012-01-01,2012
3906,https://openalex.org/W4408124582,2025-01-01,2025
3907,https://openalex.org/W4382182629,2023-05-12,2023
3908,https://openalex.org/W2329678331,2013-11-16,2013
3909,https://openalex.org/W4400935324,2024-01-01,2024
3910,https://openalex.org/W2902905699,2014-12-01,2014
3911,https://openalex.org/W2904853533,2018-01-01,2018
3912,https://openalex.org/W2375508845,2012-01-01,2012
3913,https://openalex.org/W2959042021,2007-01-01,2007
3914,https://openalex.org/W2034475230,1988-08-01,1988
3915,https://openalex.org/W2802020649,2018-04-19,2018
3916,https://openalex.org/W2981118654,2015-01-01,2015
3917,https://openalex.org/W4361278183,2023-03-30,2023
3918,https://openalex.org/W2914283252,2019-01-01,2019
3919,https://openalex.org/W2036611728,1968-09-01,1968
3920,https://openalex.org/W4403469613,2024-10-16,2024
3921,https://openalex.org/W2414029014,2007-04-01,2007
3922,https://openalex.org/W3196091461,2021-08-08,2021
3923,https://openalex.org/W3171910908,2019-02-03,2019
3924,https://openalex.org/W1953939323,2009-06-16,2009
3925,https://openalex.org/W1975522653,1996-11-01,1996
3926,https://openalex.org/W4362628175,2023-04-05,2023
3927,https://openalex.org/W2811075432,2018-07-01,2018
3928,https://openalex.org/W2791597096,2018-01-29,2018
3929,https://openalex.org/W2052458863,2015-04-08,2015
3930,https://openalex.org/W4200184627,2021-10-24,2021
3931,https://openalex.org/W3155041016,2021-03-31,2021
3932,https://openalex.org/W3165375015,2021-05-30,2021
3933,https://openalex.org/W2767729457,2017-11-01,2017
3934,https://openalex.org/W3011226189,2019-11-01,2019
3935,https://openalex.org/W1525494976,2005-12-22,2005
3936,https://openalex.org/W2076241220,2011-04-12,2011
3937,https://openalex.org/W2332146784,1987-01-01,1987
3938,https://openalex.org/W2990355963,2019-05-01,2019
3939,https://openalex.org/W2010457044,2007-07-27,2007
3940,https://openalex.org/W2566011421,1993-10-01,1993
3941,https://openalex.org/W1810917020,2014-01-21,2014
3942,https://openalex.org/W2140803123,1978-01-01,1978
3943,https://openalex.org/W2166510035,2013-01-01,2013
3944,https://openalex.org/W4405877265,2024-12-01,2024
3945,https://openalex.org/W2883535324,2018-01-01,2018
3946,https://openalex.org/W2022263399,1991-01-01,1991
3947,https://openalex.org/W2752126733,2017-08-18,2017
3948,https://openalex.org/W2057970614,1971-06-01,1971
3949,https://openalex.org/W2416858365,2002-06-01,2002
3950,https://openalex.org/W4410952705,2025-06-02,2025
3951,https://openalex.org/W2593491786,2017-01-01,2017
3952,https://openalex.org/W2276847229,2015-07-01,2015
3953,https://openalex.org/W2038043514,2008-10-29,2008
3954,https://openalex.org/W2417226786,2015-09-01,2015
3955,https://openalex.org/W2072179143,2014-01-01,2014
3956,https://openalex.org/W2055218013,2006-11-01,2006
3957,https://openalex.org/W4225102280,2022-04-27,2022
3958,https://openalex.org/W2175976312,2005-10-01,2005
3959,https://openalex.org/W2059453562,2001-04-01,2001
3960,https://openalex.org/W2584806683,2006-01-01,2006
3961,https://openalex.org/W2917145623,2018-01-01,2018
3962,https://openalex.org/W3196912083,2021-08-31,2021
3963,https://openalex.org/W1846348975,2009-06-01,2009
3964,https://openalex.org/W2015107935,1980-04-01,1980
3965,https://openalex.org/W2068680739,1984-01-01,1984
3966,https://openalex.org/W1998982173,2004-12-01,2004
3967,https://openalex.org/W2355479078,2009-01-01,2009
3968,https://openalex.org/W2954485395,2019-11-04,2019
3969,https://openalex.org/W2116376731,2003-04-01,2003
3970,https://openalex.org/W4200376061,2021-12-16,2021
3971,https://openalex.org/W3194140660,2021-08-26,2021
3972,https://openalex.org/W2897669622,2013-09-27,2013
3973,https://openalex.org/W2060132790,1999-07-01,1999
3974,https://openalex.org/W2063111926,1989-01-01,1989
3975,https://openalex.org/W2318866578,2012-07-31,2012
3976,https://openalex.org/W2795362919,2017-01-01,2017
3977,https://openalex.org/W2152308106,2014-01-01,2014
3978,https://openalex.org/W2111356575,1999-07-01,1999
3979,https://openalex.org/W2348557009,2007-01-01,2007
3980,https://openalex.org/W3133910609,2021-03-12,2021
3981,https://openalex.org/W1966894804,1965-05-01,1965
3982,https://openalex.org/W2581618832,2014-03-31,2014
3983,https://openalex.org/W2056422591,1985-02-01,1985
3984,https://openalex.org/W2040851079,2010-11-17,2010
3985,https://openalex.org/W2114265465,2010-12-01,2010
3986,https://openalex.org/W2942680718,2019-04-29,2019
3987,https://openalex.org/W2781927623,2018-01-04,2018
3988,https://openalex.org/W2274831833,1995-09-01,1995
3989,https://openalex.org/W4224289355,2022-04-07,2022
3990,https://openalex.org/W2187173519,2015-04-25,2015
3991,https://openalex.org/W2129544776,2004-01-01,2004
3992,https://openalex.org/W2143083739,2001-10-01,2001
3993,https://openalex.org/W4408430166,2025-03-15,2025
3994,https://openalex.org/W2542244975,2005-04-12,2005
3995,https://openalex.org/W2009250577,2014-06-01,2014
3996,https://openalex.org/W3044323625,2020-07-21,2020
3997,https://openalex.org/W2058166370,1994-09-01,1994
3998,https://openalex.org/W3104272434,2020-11-17,2020
3999,https://openalex.org/W1963521962,2010-03-11,2010
4000,https://openalex.org/W2118170309,2000-05-01,2000
4001,https://openalex.org/W2039389281,1968-03-01,1968
4002,https://openalex.org/W2273261195,1990-07-01,1990
4003,https://openalex.org/W2608036660,2017-04-29,2017
4004,https://openalex.org/W1617543897,1990-02-15,1990
4005,https://openalex.org/W2412025819,1989-01-01,1989
4006,https://openalex.org/W2017588730,2003-01-01,2003
4007,https://openalex.org/W1981732347,2002-06-20,2002
4008,https://openalex.org/W2754719280,2017-09-01,2017
4009,https://openalex.org/W2015053273,2009-01-01,2009
4010,https://openalex.org/W1972667158,2000-01-01,2000
4011,https://openalex.org/W2350719348,2009-01-01,2009
4012,https://openalex.org/W2096896090,1998-10-01,1998
4013,https://openalex.org/W2883317381,2018-05-01,2018
4014,https://openalex.org/W2075233704,1994-06-01,1994
4015,https://openalex.org/W61519768,1992-01-01,1992
4016,https://openalex.org/W3214793321,2021-11-24,2021
4017,https://openalex.org/W2022113036,1997-09-05,1997
4018,https://openalex.org/W1504837655,2015-07-01,2015
4019,https://openalex.org/W2063523674,1988-01-01,1988
4020,https://openalex.org/W4387857031,2023-10-23,2023
4021,https://openalex.org/W2029460693,2009-10-01,2009
4022,https://openalex.org/W4220829007,2022-03-27,2022
4023,https://openalex.org/W2955978709,2019-05-21,2019
4024,https://openalex.org/W3103541059,2020-11-11,2020
4025,https://openalex.org/W2168096284,1983-09-01,1983
4026,https://openalex.org/W2777062338,2019-03-27,2019
4027,https://openalex.org/W7533904,2011-01-01,2011
4028,https://openalex.org/W2094339639,2007-12-13,2007
4029,https://openalex.org/W2795154445,2018-01-01,2018
4030,https://openalex.org/W1493386730,2015-05-01,2015
4031,https://openalex.org/W2177837739,2015-10-10,2015
4032,https://openalex.org/W277334350,2009-01-01,2009
4033,https://openalex.org/W2126733715,2006-01-01,2006
4034,https://openalex.org/W2624419526,2016-12-29,2016
4035,https://openalex.org/W4390663322,2024-01-08,2024
4036,https://openalex.org/W2889418197,1982-03-01,1982
4037,https://openalex.org/W3005678893,2019-11-01,2019
4038,https://openalex.org/W3148386797,2007-01-01,2007
4039,https://openalex.org/W4385816461,2023-01-31,2023
4040,https://openalex.org/W1861668793,2008-01-01,2008
4041,https://openalex.org/W2039068026,2006-05-22,2006
4042,https://openalex.org/W2099263388,2004-03-22,2004
4043,https://openalex.org/W2335010337,1989-01-01,1989
4044,https://openalex.org/W2064560225,2012-10-01,2012
4045,https://openalex.org/W3133975688,2021-03-04,2021
4046,https://openalex.org/W2132431277,2014-06-26,2014
4047,https://openalex.org/W2981220733,2019-10-14,2019
4048,https://openalex.org/W2006312371,2011-10-01,2011
4049,https://openalex.org/W2158094690,2005-01-01,2005
4050,https://openalex.org/W6903072863,2001-11-15,2001
4051,https://openalex.org/W4240682696,1995-09-01,1995
4052,https://openalex.org/W2076470541,2005-04-11,2005
4053,https://openalex.org/W2116696260,2013-06-19,2013
4054,https://openalex.org/W2921778094,2019-03-01,2019
4055,https://openalex.org/W3088005119,2019-07-09,2019
4056,https://openalex.org/W4386888612,2023-09-01,2023
4057,https://openalex.org/W4246570866,2015-07-22,2015
4058,https://openalex.org/W2605788792,2017-04-11,2017
4059,https://openalex.org/W2119520338,1964-01-01,1964
4060,https://openalex.org/W4361857784,2022-01-01,2022
4061,https://openalex.org/W2005285511,2010-09-01,2010
4062,https://openalex.org/W2070088388,1995-12-01,1995
4063,https://openalex.org/W4324137220,2023-02-01,2023
4064,https://openalex.org/W2079585103,2015-03-04,2015
4065,https://openalex.org/W4236546724,1958-01-01,1958
4066,https://openalex.org/W2328971666,1971-01-01,1971
4067,https://openalex.org/W9796097,1985-05-01,1985
4068,https://openalex.org/W2035390670,1959-05-01,1959
4069,https://openalex.org/W2040691927,2002-01-01,2002
4070,https://openalex.org/W2781524048,2017-10-01,2017
4071,https://openalex.org/W2729404980,2017-07-08,2017
4072,https://openalex.org/W2904435900,2018-01-01,2018
4073,https://openalex.org/W4405148455,2024-12-08,2024
4074,https://openalex.org/W2923100273,2025-07-29,2025
4075,https://openalex.org/W2072877457,1993-01-01,1993
4076,https://openalex.org/W4399540286,2024-06-11,2024
4077,https://openalex.org/W2564886250,2011-01-01,2011
4078,https://openalex.org/W2743934902,2024-08-29,2024
4079,https://openalex.org/W1964011666,1961-04-01,1961
4080,https://openalex.org/W40291638,2006-06-01,2006
4081,https://openalex.org/W3109144775,2020-12-01,2020
4082,https://openalex.org/W4389902919,2023-12-19,2023
4083,https://openalex.org/W2084696045,1997-11-01,1997
4084,https://openalex.org/W2029002990,2008-01-01,2008
4085,https://openalex.org/W2033415590,2014-02-24,2014
4086,https://openalex.org/W2377096857,2015-01-01,2015
4087,https://openalex.org/W4205662345,2022-01-03,2022
4088,https://openalex.org/W3164429907,2021-06-03,2021
4089,https://openalex.org/W2067930668,2014-08-11,2014
4090,https://openalex.org/W2050995217,1997-01-01,1997
4091,https://openalex.org/W4285317996,2021-12-23,2021
4092,https://openalex.org/W641603126,1915-01-01,1915
4093,https://openalex.org/W1999327543,2003-05-01,2003
4094,https://openalex.org/W2903957430,2018-09-19,2018
4095,https://openalex.org/W1974052073,2002-01-01,2002
4096,https://openalex.org/W1985538998,1998-09-01,1998
4097,https://openalex.org/W4368364572,2023-05-01,2023
4098,https://openalex.org/W2895429702,2018-10-01,2018
4099,https://openalex.org/W4379161155,2023-06-01,2023
4100,https://openalex.org/W2067530477,2014-01-09,2014
4101,https://openalex.org/W2774728938,2017-11-01,2017
4102,https://openalex.org/W2099371414,1981-06-01,1981
4103,https://openalex.org/W2072082837,2009-09-01,2009
4104,https://openalex.org/W3044215416,2020-07-02,2020
4105,https://openalex.org/W2291692612,2015-01-01,2015
4106,https://openalex.org/W2335172770,2012-08-02,2012
4107,https://openalex.org/W2414402555,1981-01-01,1981
4108,https://openalex.org/W2080184918,1979-10-10,1979
4109,https://openalex.org/W2071519856,1984-05-01,1984
4110,https://openalex.org/W4404237851,2024-11-11,2024
4111,https://openalex.org/W2072402041,1999-07-01,1999
4112,https://openalex.org/W2117509840,2010-10-05,2010
4113,https://openalex.org/W2006707509,1985-06-01,1985
4114,https://openalex.org/W2052197812,1996-01-01,1996
4115,https://openalex.org/W2313828793,1933-02-01,1933
4116,https://openalex.org/W2732903198,2017-06-20,2017
4117,https://openalex.org/W4253843173,1992-11-01,1992
4118,https://openalex.org/W1981337585,2011-10-25,2011
4119,https://openalex.org/W2064584959,1984-11-01,1984
4120,https://openalex.org/W4387314874,2023-08-19,2023
4121,https://openalex.org/W2906166209,2018-11-01,2018
4122,https://openalex.org/W2134831228,2011-05-15,2011
4123,https://openalex.org/W2011479577,1993-09-01,1993
4124,https://openalex.org/W4410695430,2025-05-23,2025
4125,https://openalex.org/W2530853291,2016-01-01,2016
4126,https://openalex.org/W4410285590,2025-05-10,2025
4127,https://openalex.org/W2138901859,2014-01-01,2014
4128,https://openalex.org/W2054345590,2010-01-01,2010
4129,https://openalex.org/W2118397447,2010-10-01,2010
4130,https://openalex.org/W2113309128,2010-01-20,2010
4131,https://openalex.org/W1512136727,1997-06-01,1997
4132,https://openalex.org/W2163566129,2004-05-13,2004
4133,https://openalex.org/W3044689720,2020-05-03,2020
4134,https://openalex.org/W2391789799,2007-01-01,2007
4135,https://openalex.org/W3168471584,2013-05-01,2013
4136,https://openalex.org/W4399836760,2024-07-01,2024
4137,https://openalex.org/W2097045992,2003-11-12,2003
4138,https://openalex.org/W2280670509,2007-10-15,2007
4139,https://openalex.org/W2037948515,2007-08-01,2007
4140,https://openalex.org/W2118829532,1998-10-01,1998
4141,https://openalex.org/W2118344876,2013-01-01,2013
4142,https://openalex.org/W2972789529,2019-10-22,2019
4143,https://openalex.org/W1969133783,2003-02-21,2003
4144,https://openalex.org/W4224691497,2022-04-25,2022
4145,https://openalex.org/W109600996,2007-04-20,2007
4146,https://openalex.org/W1556377925,1977-01-01,1977
4147,https://openalex.org/W4311490548,2022-12-01,2022
4148,https://openalex.org/W1454866692,2012-01-01,2012
4149,https://openalex.org/W380253488,2015-05-26,2015
4150,https://openalex.org/W2626810689,2017-06-13,2017
4151,https://openalex.org/W1980444204,1968-01-01,1968
4152,https://openalex.org/W4393240742,2024-01-01,2024
4153,https://openalex.org/W2135133102,2010-02-16,2010
4154,https://openalex.org/W1761142551,2009-01-01,2009
4155,https://openalex.org/W2162313493,2007-07-11,2007
4156,https://openalex.org/W2415240097,1976-12-01,1976
4157,https://openalex.org/W4210891752,2022-02-01,2022
4158,https://openalex.org/W1973282911,2007-04-05,2007
4159,https://openalex.org/W2086804164,1989-09-01,1989
4160,https://openalex.org/W4232608497,2000-12-01,2000
4161,https://openalex.org/W2518319506,2015-01-01,2015
4162,https://openalex.org/W4285007051,2022-07-11,2022
4163,https://openalex.org/W2120700440,1998-10-01,1998
4164,https://openalex.org/W2921765279,2019-03-08,2019
4165,https://openalex.org/W4406777841,2025-01-23,2025
4166,https://openalex.org/W2322692960,2007-06-30,2007
4167,https://openalex.org/W3020830113,2020-06-01,2020
4168,https://openalex.org/W2002378200,2000-01-01,2000
4169,https://openalex.org/W2087265449,2014-09-18,2014
4170,https://openalex.org/W763444015,2014-08-12,2014
4171,https://openalex.org/W4379794238,2023-06-06,2023
4172,https://openalex.org/W1965420193,1984-08-01,1984
4173,https://openalex.org/W3131781639,2021-02-21,2021
4174,https://openalex.org/W2125172165,2012-05-11,2012
4175,https://openalex.org/W2619664060,2017-11-28,2017
4176,https://openalex.org/W2130337654,2009-04-01,2009
4177,https://openalex.org/W2001975179,2012-01-01,2012
4178,https://openalex.org/W2078891994,2002-04-30,2002
4179,https://openalex.org/W2190158367,2015-12-07,2015
4180,https://openalex.org/W2408554416,1994-07-15,1994
4181,https://openalex.org/W2047085182,2011-05-01,2011
4182,https://openalex.org/W2013821893,2007-07-01,2007
4183,https://openalex.org/W148089468,1993-08-01,1993
4184,https://openalex.org/W1519998997,2004-04-27,2004
4185,https://openalex.org/W1996040284,2007-01-24,2007
4186,https://openalex.org/W2963186792,2016-04-28,2016
4187,https://openalex.org/W2109800983,2005-01-01,2005
4188,https://openalex.org/W1968401581,1985-07-01,1985
4189,https://openalex.org/W1584657010,1994-09-01,1994
4190,https://openalex.org/W3212116855,2021-11-16,2021
4191,https://openalex.org/W2805313241,2018-06-04,2018
4192,https://openalex.org/W3047146537,2020-07-01,2020
4193,https://openalex.org/W2599700310,2017-03-28,2017
4194,https://openalex.org/W4411603790,2025-06-24,2025
4195,https://openalex.org/W3143686377,2008-01-01,2008
4196,https://openalex.org/W2334456193,2008-05-01,2008
4197,https://openalex.org/W3021112922,2020-04-29,2020
4198,https://openalex.org/W4400178513,2024-02-07,2024
4199,https://openalex.org/W2040585142,1976-04-01,1976
4200,https://openalex.org/W2941683626,2019-04-29,2019
4201,https://openalex.org/W2073589640,1985-01-01,1985
4202,https://openalex.org/W4376871859,2023-05-16,2023
4203,https://openalex.org/W2358039253,2014-01-01,2014
4204,https://openalex.org/W2761506637,2017-09-01,2017
4205,https://openalex.org/W2551031827,2016-11-22,2016
4206,https://openalex.org/W2045234879,2010-07-01,2010
4207,https://openalex.org/W2001997237,1973-12-01,1973
4208,https://openalex.org/W2766681683,2017-07-16,2017
4209,https://openalex.org/W1581157337,2012-01-01,2012
4210,https://openalex.org/W2037530388,2000-04-22,2000
4211,https://openalex.org/W2883792947,2018-07-24,2018
4212,https://openalex.org/W2784677498,2017-01-01,2017
4213,https://openalex.org/W2563687716,2016-12-01,2016
4214,https://openalex.org/W2911887690,2019-02-13,2019
4215,https://openalex.org/W4230512472,1940-06-01,1940
4216,https://openalex.org/W2355226553,2006-01-01,2006
4217,https://openalex.org/W4391529771,2024-02-05,2024
4218,https://openalex.org/W2302221296,2015-12-18,2015
4219,https://openalex.org/W2084872199,2011-04-30,2011
4220,https://openalex.org/W2066986522,1980-01-01,1980
4221,https://openalex.org/W1500032645,2012-06-06,2012
4222,https://openalex.org/W2118777135,2012-03-30,2012
4223,https://openalex.org/W2086117547,1991-04-01,1991
4224,https://openalex.org/W2941458268,2019-04-29,2019
4225,https://openalex.org/W2058559777,2003-11-01,2003
4226,https://openalex.org/W4407290088,2025-02-07,2025
4227,https://openalex.org/W4411023079,2025-06-04,2025
4228,https://openalex.org/W1590333457,1999-05-15,1999
4229,https://openalex.org/W2578321103,2017-01-11,2017
4230,https://openalex.org/W4302396175,1994-05-03,1994
4231,https://openalex.org/W3089621796,2020-10-01,2020
4232,https://openalex.org/W2028752102,2011-09-23,2011
4233,https://openalex.org/W2617086863,2017-11-01,2017
4234,https://openalex.org/W3098704632,2020-11-21,2020
4235,https://openalex.org/W1899930801,2003-10-01,2003
4236,https://openalex.org/W4399299521,2024-06-01,2024
4237,https://openalex.org/W2146481285,2011-02-01,2011
4238,https://openalex.org/W2743597968,2017-01-01,2017
4239,https://openalex.org/W2737371481,2017-06-01,2017
4240,https://openalex.org/W2439179533,2015-12-01,2015
4241,https://openalex.org/W4251267613,2006-01-01,2006
4242,https://openalex.org/W2158724710,2012-11-05,2012
4243,https://openalex.org/W2015662566,1960-02-01,1960
4244,https://openalex.org/W2063809317,2006-07-01,2006
4245,https://openalex.org/W1828403552,1998-03-01,1998
4246,https://openalex.org/W2094556068,2012-08-27,2012
4247,https://openalex.org/W2095266023,2003-07-18,2003
4248,https://openalex.org/W2168021633,2014-05-23,2014
4249,https://openalex.org/W2981648769,2011-05-01,2011
4250,https://openalex.org/W2743880133,2017-08-09,2017
4251,https://openalex.org/W1967759756,2013-02-01,2013
4252,https://openalex.org/W4380051197,2023-01-01,2023
4253,https://openalex.org/W2991311787,2019-11-20,2019
4254,https://openalex.org/W3212904814,2021-11-08,2021
4255,https://openalex.org/W2083069686,2013-01-01,2013
4256,https://openalex.org/W1983967771,1989-10-01,1989
4257,https://openalex.org/W16803421,2010-11-01,2010
4258,https://openalex.org/W2411097919,1999-11-01,1999
4259,https://openalex.org/W2761489467,2017-10-11,2017
4260,https://openalex.org/W2745548464,2017-01-01,2017
4261,https://openalex.org/W3081208099,2020-01-01,2020
4262,https://openalex.org/W4283771027,2022-07-02,2022
4263,https://openalex.org/W2126477199,2004-06-30,2004
4264,https://openalex.org/W2911484115,2019-02-14,2019
4265,https://openalex.org/W4403997201,2024-11-02,2024
4266,https://openalex.org/W2126975091,2000-06-01,2000
4267,https://openalex.org/W2619254106,2018-10-11,2018
4268,https://openalex.org/W2388240422,2008-01-01,2008
4269,https://openalex.org/W1980571899,2013-10-17,2013
4270,https://openalex.org/W2080386385,1997-08-01,1997
4271,https://openalex.org/W2024033128,1994-01-01,1994
4272,https://openalex.org/W1998811353,2011-11-16,2011
4273,https://openalex.org/W2159806118,2015-05-23,2015
4274,https://openalex.org/W1526298128,2002-01-01,2002
4275,https://openalex.org/W1985036586,1974-05-01,1974
4276,https://openalex.org/W4400292331,2024-07-03,2024
4277,https://openalex.org/W2139117443,1994-02-01,1994
4278,https://openalex.org/W4393254080,2024-03-28,2024
4279,https://openalex.org/W3092575577,2020-10-11,2020
4280,https://openalex.org/W2184519131,2018-04-16,2018
4281,https://openalex.org/W2161999537,2002-02-01,2002
4282,https://openalex.org/W2102931745,2010-07-10,2010
4283,https://openalex.org/W3115525170,2020-12-29,2020
4284,https://openalex.org/W2065210270,2004-02-01,2004
4285,https://openalex.org/W2131482353,2007-07-01,2007
4286,https://openalex.org/W4392925500,2024-03-14,2024
4287,https://openalex.org/W2910554515,2019-01-08,2019
4288,https://openalex.org/W2909902591,2019-01-17,2019
4289,https://openalex.org/W2008328915,2005-01-05,2005
4290,https://openalex.org/W2090548697,2012-06-03,2012
4291,https://openalex.org/W1479716597,2003-01-20,2003
4292,https://openalex.org/W2071630375,2014-01-01,2014
4293,https://openalex.org/W2318101275,2012-05-11,2012
4294,https://openalex.org/W2001877558,2006-06-01,2006
4295,https://openalex.org/W2538651972,2015-11-01,2015
4296,https://openalex.org/W2105531316,2009-02-03,2009
4297,https://openalex.org/W3014968918,2020-01-01,2020
4298,https://openalex.org/W4283690172,2022-06-28,2022
4299,https://openalex.org/W1996199774,2011-01-01,2011
4300,https://openalex.org/W1943148885,2002-12-23,2002
4301,https://openalex.org/W4391750938,2024-02-12,2024
4302,https://openalex.org/W2158183457,2011-01-01,2011
4303,https://openalex.org/W2140234642,2004-01-01,2004
4304,https://openalex.org/W2081221149,1987-01-01,1987
4305,https://openalex.org/W3124152297,2021-01-01,2021
4306,https://openalex.org/W2009042881,2008-07-31,2008
4307,https://openalex.org/W2071084046,2007-07-11,2007
4308,https://openalex.org/W1984832450,2012-12-24,2012
4309,https://openalex.org/W2153333422,2005-04-26,2005
4310,https://openalex.org/W3210798746,2021-01-02,2021
4311,https://openalex.org/W2046555082,2014-08-26,2014
4312,https://openalex.org/W2143368064,2012-02-24,2012
4313,https://openalex.org/W2500903959,1992-01-01,1992
4314,https://openalex.org/W2081902133,1988-01-01,1988
4315,https://openalex.org/W2361390368,2007-01-01,2007
4316,https://openalex.org/W4408995931,2025-03-31,2025
4317,https://openalex.org/W3022819563,2020-04-28,2020
4318,https://openalex.org/W2264405443,2013-03-29,2013
4319,https://openalex.org/W2105465678,2006-09-26,2006
4320,https://openalex.org/W2945586406,2019-06-17,2019
4321,https://openalex.org/W2073382331,1991-11-01,1991
4322,https://openalex.org/W4245069710,2001-06-01,2001
4323,https://openalex.org/W4252493892,2000-04-01,2000
4324,https://openalex.org/W2075287969,1996-01-01,1996
4325,https://openalex.org/W2104359273,2003-06-26,2003
4326,https://openalex.org/W2121016855,2008-05-24,2008
4327,https://openalex.org/W2181832738,2006-09-26,2006
4328,https://openalex.org/W2785260041,2018-01-01,2018
4329,https://openalex.org/W2966597899,2019-07-01,2019
4330,https://openalex.org/W4210942919,2021-12-03,2021
4331,https://openalex.org/W1930366496,1992-06-01,1992
4332,https://openalex.org/W2104683386,2011-09-17,2011
4333,https://openalex.org/W2321834965,2014-09-16,2014
4334,https://openalex.org/W2524518003,2016-01-01,2016
4335,https://openalex.org/W3164411734,2021-05-01,2021
4336,https://openalex.org/W4281390413,2022-05-24,2022
4337,https://openalex.org/W2144687445,1970-08-01,1970
4338,https://openalex.org/W1983977521,2007-04-10,2007
4339,https://openalex.org/W2009328701,2010-07-01,2010
4340,https://openalex.org/W2769166216,2017-01-01,2017
4341,https://openalex.org/W2003552374,1987-08-01,1987
4342,https://openalex.org/W4385571312,2023-01-01,2023
4343,https://openalex.org/W4224311330,2022-04-01,2022
4344,https://openalex.org/W4225422861,2022-05-04,2022
4345,https://openalex.org/W4353045607,2023-03-22,2023
4346,https://openalex.org/W5590966,2000-06-01,2000
4347,https://openalex.org/W1969113609,1979-01-01,1979
4348,https://openalex.org/W2072548071,2007-06-01,2007
4349,https://openalex.org/W2037750660,1992-05-01,1992
4350,https://openalex.org/W1973123288,1998-05-01,1998
4351,https://openalex.org/W2602335592,2016-11-01,2016
4352,https://openalex.org/W597642536,2006-07-01,2006
4353,https://openalex.org/W2095944135,1996-08-01,1996
4354,https://openalex.org/W2118220596,2006-10-18,2006
4355,https://openalex.org/W57841518,2000-04-13,2000
4356,https://openalex.org/W2149530101,1981-01-01,1981
4357,https://openalex.org/W4396968287,2023-11-21,2023
4358,https://openalex.org/W4229861859,2008-08-01,2008
4359,https://openalex.org/W4381157830,2019-05-01,2019
4360,https://openalex.org/W2033445775,1985-10-01,1985
4361,https://openalex.org/W1999728679,2004-05-24,2004
4362,https://openalex.org/W1970094467,1925-04-01,1925
4363,https://openalex.org/W2767408171,2018-03-29,2018
4364,https://openalex.org/W1588034641,2012-01-04,2012
4365,https://openalex.org/W4231173277,1995-07-01,1995
4366,https://openalex.org/W2930583568,2019-03-25,2019
4367,https://openalex.org/W7073576007,2010-01-01,2010
4368,https://openalex.org/W2013464365,2002-12-01,2002
4369,https://openalex.org/W4400282832,2024-05-13,2024
4370,https://openalex.org/W2796760353,1973-06-01,1973
4371,https://openalex.org/W4241121389,1987-09-01,1987
4372,https://openalex.org/W954011907,2007-06-01,2007
4373,https://openalex.org/W2263408184,1978-06-01,1978
4374,https://openalex.org/W1979352298,1979-03-01,1979
4375,https://openalex.org/W2799902372,1989-12-01,1989
4376,https://openalex.org/W2132373263,2009-08-05,2009
4377,https://openalex.org/W2124607009,2007-06-01,2007
4378,https://openalex.org/W2149251622,1991-03-01,1991
4379,https://openalex.org/W2326255110,2005-01-01,2005
4380,https://openalex.org/W2488978394,2003-02-01,2003
4381,https://openalex.org/W334233987,1980-01-01,1980
4382,https://openalex.org/W2378981355,2013-01-01,2013
4383,https://openalex.org/W1988161589,2012-10-16,2012
4384,https://openalex.org/W3009283779,2020-03-04,2020
4385,https://openalex.org/W2034643447,2009-08-13,2009
4386,https://openalex.org/W4312998191,2022-11-03,2022
4387,https://openalex.org/W2440042709,2010-03-02,2010
4388,https://openalex.org/W251419186,2004-01-01,2004
4389,https://openalex.org/W1967359656,2006-12-31,2006
4390,https://openalex.org/W1975948636,1992-07-01,1992
4391,https://openalex.org/W2025497445,2002-01-01,2002
4392,https://openalex.org/W4378801098,2023-05-31,2023
4393,https://openalex.org/W2029254966,2005-03-28,2005
4394,https://openalex.org/W2017704364,1996-01-01,1996
4395,https://openalex.org/W2312755275,1974-01-01,1974
4396,https://openalex.org/W1987239565,1995-04-01,1995
4397,https://openalex.org/W3083390884,2021-01-05,2021
4398,https://openalex.org/W4295153741,1965-01-01,1965
4399,https://openalex.org/W2052569038,2013-07-04,2013
4400,https://openalex.org/W4224224870,2022-04-06,2022
4401,https://openalex.org/W4285387804,2022-07-14,2022
4402,https://openalex.org/W2165579999,1910-09-01,1910
4403,https://openalex.org/W2084286767,1993-08-15,1993
4404,https://openalex.org/W3049709633,2020-08-14,2020
4405,https://openalex.org/W2896133309,2018-10-17,2018
4406,https://openalex.org/W2184505081,2015-01-01,2015
4407,https://openalex.org/W2008000305,1979-11-01,1979
4408,https://openalex.org/W2070088612,2003-06-01,2003
4409,https://openalex.org/W2741856976,2017-01-01,2017
4410,https://openalex.org/W4299915207,2022-07-20,2022
4411,https://openalex.org/W2115778460,1993-12-01,1993
4412,https://openalex.org/W1795981795,2015-07-10,2015
4413,https://openalex.org/W1974397243,2000-11-01,2000
4414,https://openalex.org/W2012126243,2011-01-01,2011
4415,https://openalex.org/W2597085720,2017-03-13,2017
4416,https://openalex.org/W3124999576,2020-01-01,2020
4417,https://openalex.org/W2127979165,2006-03-22,2006
4418,https://openalex.org/W2151854827,2007-03-28,2007
4419,https://openalex.org/W3044879055,2020-07-20,2020
4420,https://openalex.org/W2566566708,2016-06-01,2016
4421,https://openalex.org/W1974574330,2012-01-31,2012
4422,https://openalex.org/W2262162046,2016-02-04,2016
4423,https://openalex.org/W2098496122,2010-05-01,2010
4424,https://openalex.org/W2107830786,2002-11-19,2002
4425,https://openalex.org/W3035644225,2020-06-11,2020
4426,https://openalex.org/W2423214847,2014-05-07,2014
4427,https://openalex.org/W2102126079,2009-07-01,2009
4428,https://openalex.org/W2944684748,2016-01-14,2016
4429,https://openalex.org/W2144731549,2014-07-31,2014
4430,https://openalex.org/W2009047021,2008-02-01,2008
4431,https://openalex.org/W2165572145,1987-01-01,1987
4432,https://openalex.org/W2037431510,2013-09-10,2013
4433,https://openalex.org/W2912118588,2019-01-01,2019
4434,https://openalex.org/W1967500868,2012-01-01,2012
4435,https://openalex.org/W2044780545,1964-01-01,1964
4436,https://openalex.org/W3026270309,2020-01-01,2020
4437,https://openalex.org/W4408383016,2025-03-12,2025
4438,https://openalex.org/W2588774085,2017-01-01,2017
4439,https://openalex.org/W4400056910,2024-06-25,2024
4440,https://openalex.org/W2912871001,2018-12-01,2018
4441,https://openalex.org/W2116922877,2013-10-16,2013
4442,https://openalex.org/W2588951970,2017-02-15,2017
4443,https://openalex.org/W4200339714,2021-12-21,2021
4444,https://openalex.org/W2094461199,1996-03-01,1996
4445,https://openalex.org/W4224250696,2022-04-20,2022
4446,https://openalex.org/W2249367483,2007-02-15,2007
4447,https://openalex.org/W2767011722,2017-01-01,2017
4448,https://openalex.org/W2333030748,1931-11-01,1931
4449,https://openalex.org/W2053275959,2011-10-11,2011
4450,https://openalex.org/W1994100312,2012-06-01,2012
4451,https://openalex.org/W2314468217,2013-07-30,2013
4452,https://openalex.org/W4399715768,2024-06-01,2024
4453,https://openalex.org/W2100490389,1970-01-01,1970
4454,https://openalex.org/W4404645624,2024-11-23,2024
4455,https://openalex.org/W2972207925,2019-08-01,2019
4456,https://openalex.org/W2754866470,2017-07-01,2017
4457,https://openalex.org/W4294719108,2022-09-01,2022
4458,https://openalex.org/W4293531646,2022-01-01,2022
4459,https://openalex.org/W2170298852,2010-06-09,2010
4460,https://openalex.org/W2171863227,2001-12-21,2001
4461,https://openalex.org/W2325188816,1945-03-01,1945
4462,https://openalex.org/W2092906312,2014-08-11,2014
4463,https://openalex.org/W2517303309,2016-12-21,2016
4464,https://openalex.org/W4312610094,2014-10-01,2014
4465,https://openalex.org/W4411185464,2025-05-13,2025
4466,https://openalex.org/W3140901315,2005-01-01,2005
4467,https://openalex.org/W4386558502,2023-02-28,2023
4468,https://openalex.org/W2041183082,2007-06-01,2007
4469,https://openalex.org/W2072757910,2014-06-11,2014
4470,https://openalex.org/W2027762403,1996-01-01,1996
4471,https://openalex.org/W2171697826,1984-01-01,1984
4472,https://openalex.org/W4386796017,2023-07-31,2023
4473,https://openalex.org/W2186986477,2010-01-25,2010
4474,https://openalex.org/W2054077857,2002-12-01,2002
4475,https://openalex.org/W2032209309,1979-01-01,1979
4476,https://openalex.org/W2114110193,1985-01-01,1985
4477,https://openalex.org/W2409632575,2014-12-01,2014
4478,https://openalex.org/W2158263023,2012-09-04,2012
4479,https://openalex.org/W2067213593,1991-12-31,1991
4480,https://openalex.org/W2611351260,2017-05-03,2017
4481,https://openalex.org/W1647712782,2014-11-25,2014
4482,https://openalex.org/W3113734899,2020-12-21,2020
4483,https://openalex.org/W2043074183,1987-02-01,1987
4484,https://openalex.org/W4393037997,2024-03-21,2024
4485,https://openalex.org/W4280580315,2022-05-01,2022
4486,https://openalex.org/W2416177195,2012-08-01,2012
4487,https://openalex.org/W2002258630,2007-09-22,2007
4488,https://openalex.org/W4328054332,2023-02-28,2023
4489,https://openalex.org/W2075832799,1983-01-01,1983
4490,https://openalex.org/W1981379114,2011-10-01,2011
4491,https://openalex.org/W3148783154,2013-01-01,2013
4492,https://openalex.org/W3202986127,2021-09-28,2021
4493,https://openalex.org/W3036835434,2019-09-02,2019
4494,https://openalex.org/W2413426420,2016-06-02,2016
4495,https://openalex.org/W2162553381,1961-04-01,1961
4496,https://openalex.org/W2534974141,2002-11-27,2002
4497,https://openalex.org/W2313302533,2012-04-22,2012
4498,https://openalex.org/W2016794634,2013-12-01,2013
4499,https://openalex.org/W2141558268,2010-05-04,2010
4500,https://openalex.org/W2766738800,2011-01-01,2011
4501,https://openalex.org/W1997665808,2011-05-01,2011
4502,https://openalex.org/W2132330280,2013-01-01,2013
4503,https://openalex.org/W2071555183,1969-01-01,1969
4504,https://openalex.org/W2120462654,1988-03-01,1988
4505,https://openalex.org/W2905143555,2018-12-10,2018
4506,https://openalex.org/W7023707443,2018-01-01,2018
4507,https://openalex.org/W2150137548,2002-11-27,2002
4508,https://openalex.org/W2102645070,2002-02-01,2002
4509,https://openalex.org/W4412655149,2025-07-25,2025
4510,https://openalex.org/W1914378588,2009-11-01,2009
4511,https://openalex.org/W2922298334,2019-03-18,2019
4512,https://openalex.org/W2000807021,2012-05-14,2012
4513,https://openalex.org/W2146414432,2014-12-15,2014
4514,https://openalex.org/W2986533122,2019-11-01,2019
4515,https://openalex.org/W3185744237,2009-01-12,2009
4516,https://openalex.org/W2788174898,2018-02-17,2018
4517,https://openalex.org/W1558749218,1991-03-01,1991
4518,https://openalex.org/W2321396893,1986-01-01,1986
4519,https://openalex.org/W4224981583,2022-04-26,2022
4520,https://openalex.org/W4313408462,2022-12-19,2022
4521,https://openalex.org/W1604813931,1978-04-01,1978
4522,https://openalex.org/W2955189935,2019-06-25,2019
4523,https://openalex.org/W2294058220,2010-01-01,2010
4524,https://openalex.org/W1836292136,2001-01-01,2001
4525,https://openalex.org/W2970697956,2019-08-20,2019
4526,https://openalex.org/W4386362006,2023-09-01,2023
4527,https://openalex.org/W2037050943,2014-03-14,2014
4528,https://openalex.org/W2129584076,1987-09-18,1987
4529,https://openalex.org/W2045575897,2013-01-29,2013
4530,https://openalex.org/W2591240263,2017-02-21,2017
4531,https://openalex.org/W4391189490,2023-09-20,2023
4532,https://openalex.org/W2332034416,2011-07-01,2011
4533,https://openalex.org/W2031781501,2004-01-01,2004
4534,https://openalex.org/W4309343976,2022-11-18,2022
4535,https://openalex.org/W4412094999,2025-07-01,2025
4536,https://openalex.org/W2087890893,2001-09-01,2001
4537,https://openalex.org/W4386990399,2022-12-08,2022
4538,https://openalex.org/W1574168618,1942-05-01,1942
4539,https://openalex.org/W1981947712,2008-09-02,2008
4540,https://openalex.org/W2126595838,1926-01-01,1926
4541,https://openalex.org/W2008028038,2008-01-01,2008
4542,https://openalex.org/W3080929209,2020-08-22,2020
4543,https://openalex.org/W3171190560,2021-06-15,2021
4544,https://openalex.org/W171126976,1985-10-01,1985
4545,https://openalex.org/W3181723964,2021-06-29,2021
4546,https://openalex.org/W2899402375,2018-09-01,2018
4547,https://openalex.org/W2148114612,1998-07-01,1998
4548,https://openalex.org/W1981165882,2015-01-21,2015
4549,https://openalex.org/W1984493809,2014-04-08,2014
4550,https://openalex.org/W2137918544,2013-06-26,2013
4551,https://openalex.org/W4402845089,2024-09-24,2024
4552,https://openalex.org/W2989709061,2019-11-19,2019
4553,https://openalex.org/W2024630544,2009-05-01,2009
4554,https://openalex.org/W2157050007,2011-11-11,2011
4555,https://openalex.org/W2418558232,1998-09-21,1998
4556,https://openalex.org/W4399920582,2024-06-22,2024
4557,https://openalex.org/W2004891278,2008-11-01,2008
4558,https://openalex.org/W2153169807,2005-08-15,2005
4559,https://openalex.org/W1988607863,1994-09-01,1994
4560,https://openalex.org/W2908897994,2019-01-10,2019
4561,https://openalex.org/W3121775383,2014-01-01,2014
4562,https://openalex.org/W2807808295,2018-06-11,2018
4563,https://openalex.org/W2760337520,2017-09-27,2017
4564,https://openalex.org/W2993029019,2019-01-01,2019
4565,https://openalex.org/W2980532067,2008-11-16,2008
4566,https://openalex.org/W2328366884,1955-01-01,1955
4567,https://openalex.org/W1972581963,2014-07-04,2014
4568,https://openalex.org/W1967250857,2005-04-01,2005
4569,https://openalex.org/W2162541591,2002-11-13,2002
4570,https://openalex.org/W4308143850,2022-11-02,2022
4571,https://openalex.org/W2119388219,1998-05-01,1998
4572,https://openalex.org/W4391268379,2007-06-01,2007
4573,https://openalex.org/W1884540303,2015-06-03,2015
4574,https://openalex.org/W2579195560,2016-06-01,2016
4575,https://openalex.org/W2747936636,2017-08-15,2017
4576,https://openalex.org/W4404667395,2024-03-08,2024
4577,https://openalex.org/W2125556184,1988-10-01,1988
4578,https://openalex.org/W4280500756,2022-05-20,2022
4579,https://openalex.org/W2949153080,2019-06-12,2019
4580,https://openalex.org/W4385731562,2023-04-12,2023
4581,https://openalex.org/W2095995143,2009-01-01,2009
4582,https://openalex.org/W2075696751,2012-12-19,2012
4583,https://openalex.org/W2059368270,2009-01-01,2009
4584,https://openalex.org/W1608935074,2005-03-07,2005
4585,https://openalex.org/W2001913914,2000-01-01,2000
4586,https://openalex.org/W2316013875,1990-01-01,1990
4587,https://openalex.org/W2067345047,1990-12-01,1990
4588,https://openalex.org/W2799798708,2018-04-24,2018
4589,https://openalex.org/W4396806524,2024-05-10,2024
4590,https://openalex.org/W4250695107,1993-10-01,1993
4591,https://openalex.org/W4236589025,2010-07-29,2010
4592,https://openalex.org/W4313575596,2023-01-01,2023
4593,https://openalex.org/W7074045498,2020-01-01,2020
4594,https://openalex.org/W4392862761,2024-03-15,2024
4595,https://openalex.org/W2398943193,2016-05-01,2016
4596,https://openalex.org/W202798001,1998-01-01,1998
4597,https://openalex.org/W2892791854,2017-08-01,2017
4598,https://openalex.org/W1965073838,1975-01-01,1975
4599,https://openalex.org/W2054252017,1992-11-01,1992
4600,https://openalex.org/W4221111000,2022-03-17,2022
4601,https://openalex.org/W2028675403,1985-01-01,1985
4602,https://openalex.org/W1988372748,2015-01-06,2015
4603,https://openalex.org/W2017881517,2005-07-27,2005
4604,https://openalex.org/W3091936158,2020-10-08,2020
4605,https://openalex.org/W2419037953,1995-06-02,1995
4606,https://openalex.org/W4366960536,2023-01-01,2023
4607,https://openalex.org/W4293084943,2022-08-12,2022
4608,https://openalex.org/W4408301675,2025-03-01,2025
4609,https://openalex.org/W2169336532,2004-07-01,2004
4610,https://openalex.org/W4396227628,2024-04-30,2024
4611,https://openalex.org/W2033379322,2014-01-01,2014
4612,https://openalex.org/W4385254801,2023-07-24,2023
4613,https://openalex.org/W1968852224,1990-05-03,1990
4614,https://openalex.org/W4387766213,2023-10-18,2023
4615,https://openalex.org/W2067038417,2011-12-01,2011
4616,https://openalex.org/W4383069206,2023-07-04,2023
4617,https://openalex.org/W1999645577,1993-01-01,1993
4618,https://openalex.org/W3127039244,2021-02-12,2021
4619,https://openalex.org/W2184216629,2009-01-01,2009
4620,https://openalex.org/W3097680194,2020-10-29,2020
4621,https://openalex.org/W2041100936,2002-12-01,2002
4622,https://openalex.org/W2022935736,2000-03-01,2000
4623,https://openalex.org/W4404277169,2024-11-08,2024
4624,https://openalex.org/W2897097693,2018-09-01,2018
4625,https://openalex.org/W56456111,2010-01-01,2010
4626,https://openalex.org/W2073223107,2014-06-06,2014
4627,https://openalex.org/W2089340952,2000-10-01,2000
4628,https://openalex.org/W4293312747,2022-08-26,2022
4629,https://openalex.org/W2367606168,1990-12-01,1990
4630,https://openalex.org/W3040110676,2020-06-30,2020
4631,https://openalex.org/W1580538573,1990-10-15,1990
4632,https://openalex.org/W4231337214,2002-01-01,2002
4633,https://openalex.org/W161380197,2007-12-01,2007
4634,https://openalex.org/W1972365374,2012-07-01,2012
4635,https://openalex.org/W254525885,2009-01-01,2009
4636,https://openalex.org/W2143804513,2012-06-19,2012
4637,https://openalex.org/W7043076979,2012-01-01,2012
4638,https://openalex.org/W2179255088,2006-11-01,2006
4639,https://openalex.org/W2017200180,2011-06-14,2011
4640,https://openalex.org/W2087144481,2004-12-09,2004
4641,https://openalex.org/W2051273777,2002-09-01,2002
4642,https://openalex.org/W2150851921,2009-10-01,2009
4643,https://openalex.org/W4234102244,1957-02-01,1957
4644,https://openalex.org/W2148070429,2003-12-01,2003
4645,https://openalex.org/W2067063176,2008-05-01,2008
4646,https://openalex.org/W3215051274,2021-11-22,2021
4647,https://openalex.org/W3016224064,2019-11-01,2019
4648,https://openalex.org/W4388304859,2023-11-03,2023
4649,https://openalex.org/W330616439,1987-01-01,1987
4650,https://openalex.org/W2135406968,2001-02-24,2001
4651,https://openalex.org/W3009250177,2020-03-02,2020
4652,https://openalex.org/W2331722683,1992-09-01,1992
4653,https://openalex.org/W2157624181,1975-05-01,1975
4654,https://openalex.org/W2332376539,2016-04-11,2016
4655,https://openalex.org/W2056759040,1999-07-15,1999
4656,https://openalex.org/W2759330811,2017-09-23,2017
4657,https://openalex.org/W1991183231,2013-07-01,2013
4658,https://openalex.org/W1976928494,1998-01-01,1998
4659,https://openalex.org/W4385567745,2023-08-04,2023
4660,https://openalex.org/W4403586137,2024-09-09,2024
4661,https://openalex.org/W2321665613,2011-01-01,2011
4662,https://openalex.org/W2164125180,2007-01-01,2007
4663,https://openalex.org/W2012766449,1987-09-01,1987
4664,https://openalex.org/W2809904748,2018-01-01,2018
4665,https://openalex.org/W2137896763,2005-08-09,2005
4666,https://openalex.org/W4255749939,2018-12-30,2018
4667,https://openalex.org/W2803836575,2018-01-01,2018
4668,https://openalex.org/W2952703331,2019-06-13,2019
4669,https://openalex.org/W1531518640,1990-11-07,1990
4670,https://openalex.org/W2105725322,2003-05-01,2003
4671,https://openalex.org/W2794976130,2018-03-31,2018
4672,https://openalex.org/W2061506771,2013-05-01,2013
4673,https://openalex.org/W2362160615,2009-01-01,2009
4674,https://openalex.org/W1777883434,2015-01-01,2015
4675,https://openalex.org/W1967556268,1972-10-01,1972
4676,https://openalex.org/W1565373325,2006-01-01,2006
4677,https://openalex.org/W2461668686,1985-10-01,1985
4678,https://openalex.org/W2160626954,2009-03-04,2009
4679,https://openalex.org/W2924543944,2018-10-30,2018
4680,https://openalex.org/W3179501980,2021-07-06,2021
4681,https://openalex.org/W4294531227,2017-08-07,2017
4682,https://openalex.org/W4255683709,2019-03-05,2019
4683,https://openalex.org/W3216616831,2021-03-01,2021
4684,https://openalex.org/W2094290872,2013-03-07,2013
4685,https://openalex.org/W2031443385,2012-07-16,2012
4686,https://openalex.org/W2104738130,1994-04-01,1994
4687,https://openalex.org/W2089690318,2015-03-16,2015
4688,https://openalex.org/W4220992483,2022-03-11,2022
4689,https://openalex.org/W2927251908,2019-04-07,2019
4690,https://openalex.org/W2091569845,1992-02-01,1992
4691,https://openalex.org/W2013398316,2012-01-01,2012
4692,https://openalex.org/W4200235654,2021-12-09,2021
4693,https://openalex.org/W1502176494,2012-02-06,2012
4694,https://openalex.org/W2097109426,1995-11-01,1995
4695,https://openalex.org/W4407650836,2025-02-01,2025
4696,https://openalex.org/W900878537,2015-05-01,2015
4697,https://openalex.org/W2000958818,2005-01-01,2005
4698,https://openalex.org/W4316654524,2023-01-16,2023
4699,https://openalex.org/W119004040,2013-04-01,2013
4700,https://openalex.org/W4376609798,2023-05-15,2023
4701,https://openalex.org/W1993759605,1975-12-01,1975
4702,https://openalex.org/W92829800,2010-01-01,2010
4703,https://openalex.org/W2067385360,1990-02-01,1990
4704,https://openalex.org/W2016021639,1955-05-01,1955
4705,https://openalex.org/W4318602853,2022-11-01,2022
4706,https://openalex.org/W4391468679,2024-02-02,2024
4707,https://openalex.org/W2139297659,2009-12-01,2009
4708,https://openalex.org/W1988328208,2015-11-01,2015
4709,https://openalex.org/W2588482487,2014-01-01,2014
4710,https://openalex.org/W2534425708,2008-12-01,2008
4711,https://openalex.org/W4223989399,2022-04-16,2022
4712,https://openalex.org/W2088132036,1999-07-01,1999
4713,https://openalex.org/W4244877246,2011-12-01,2011
4714,https://openalex.org/W3209768198,2021-11-02,2021
4715,https://openalex.org/W4319823651,2023-02-09,2023
4716,https://openalex.org/W3197713139,2021-08-26,2021
4717,https://openalex.org/W2783544667,2017-11-01,2017
4718,https://openalex.org/W4402562080,2024-09-14,2024
4719,https://openalex.org/W4376143241,2023-05-11,2023
4720,https://openalex.org/W2123420860,2009-02-03,2009
4721,https://openalex.org/W2231755589,2012-01-01,2012
4722,https://openalex.org/W2042397585,1973-07-01,1973
4723,https://openalex.org/W12634568,2012-01-01,2012
4724,https://openalex.org/W2320971219,1940-07-01,1940
4725,https://openalex.org/W2513263449,2001-01-01,2001
4726,https://openalex.org/W2615838324,2017-01-01,2017
4727,https://openalex.org/W1993988107,1991-09-01,1991
4728,https://openalex.org/W2169007122,2004-01-01,2004
4729,https://openalex.org/W2378874932,2012-01-01,2012
4730,https://openalex.org/W3000120721,2020-01-01,2020
4731,https://openalex.org/W2371195086,2011-01-01,2011
4732,https://openalex.org/W2167579622,1997-04-01,1997
4733,https://openalex.org/W2100568639,1998-02-01,1998
4734,https://openalex.org/W3162815328,2021-02-10,2021
4735,https://openalex.org/W841103636,1993-06-01,1993
4736,https://openalex.org/W2017726535,2010-10-18,2010
4737,https://openalex.org/W2017077556,2005-03-01,2005
4738,https://openalex.org/W1996178320,2013-12-01,2013
4739,https://openalex.org/W1549545677,1981-08-01,1981
4740,https://openalex.org/W4380480962,2023-06-13,2023
4741,https://openalex.org/W2374052905,2010-01-01,2010
4742,https://openalex.org/W2063866295,1965-10-15,1965
4743,https://openalex.org/W1989656339,2005-06-01,2005
4744,https://openalex.org/W2463366758,2016-07-07,2016
4745,https://openalex.org/W2153631409,2013-01-01,2013
4746,https://openalex.org/W2317670477,2014-01-01,2014
4747,https://openalex.org/W2157507514,2004-11-01,2004
4748,https://openalex.org/W2133236236,2014-01-16,2014
4749,https://openalex.org/W2606170644,2017-01-01,2017
4750,https://openalex.org/W1984983075,2014-07-01,2014
4751,https://openalex.org/W4312837562,1985-01-01,1985
4752,https://openalex.org/W2097678048,2015-02-01,2015
4753,https://openalex.org/W2091889097,2004-01-01,2004
4754,https://openalex.org/W4245967909,1987-05-01,1987
4755,https://openalex.org/W2809675741,2018-06-21,2018
4756,https://openalex.org/W2013606309,2012-01-01,2012
4757,https://openalex.org/W2136962692,2002-05-01,2002
4758,https://openalex.org/W1795046808,1995-04-01,1995
4759,https://openalex.org/W2319479126,1947-02-01,1947
4760,https://openalex.org/W1964767890,2012-06-12,2012
4761,https://openalex.org/W2616327514,2017-05-16,2017
4762,https://openalex.org/W2034279489,2001-08-20,2001
4763,https://openalex.org/W2076076116,2014-10-24,2014
4764,https://openalex.org/W3135496146,2020-10-01,2020
4765,https://openalex.org/W2032843338,1992-10-01,1992
4766,https://openalex.org/W2741648361,2013-01-01,2013
4767,https://openalex.org/W1522260796,1993-11-01,1993
4768,https://openalex.org/W4296006124,2022-09-13,2022
4769,https://openalex.org/W2323147162,1910-07-01,1910
4770,https://openalex.org/W2133366266,2004-08-01,2004
4771,https://openalex.org/W1983425798,2000-06-06,2000
4772,https://openalex.org/W4409617720,2025-04-21,2025
4773,https://openalex.org/W2052390159,1962-01-01,1962
4774,https://openalex.org/W21451383,1992-01-01,1992
4775,https://openalex.org/W2808313818,2018-06-01,2018
4776,https://openalex.org/W1819100685,1989-04-15,1989
4777,https://openalex.org/W2090262543,2013-10-31,2013
4778,https://openalex.org/W2008282605,2012-12-09,2012
4779,https://openalex.org/W2165319825,2013-10-16,2013
4780,https://openalex.org/W2593085293,1978-12-01,1978
4781,https://openalex.org/W2736283257,2017-03-01,2017
4782,https://openalex.org/W2089687142,2004-08-02,2004
4783,https://openalex.org/W63510292,2003-04-01,2003
4784,https://openalex.org/W3023530816,2020-05-07,2020
4785,https://openalex.org/W2124981633,2002-08-01,2002
4786,https://openalex.org/W2793874755,2018-01-02,2018
4787,https://openalex.org/W4301180237,2022-10-04,2022
4788,https://openalex.org/W794035505,2006-08-01,2006
4789,https://openalex.org/W1991295960,2015-01-09,2015
4790,https://openalex.org/W4297914794,2006-09-01,2006
4791,https://openalex.org/W1963823997,2010-07-07,2010
4792,https://openalex.org/W2333324163,2009-01-01,2009
4793,https://openalex.org/W1507707038,2005-12-01,2005
4794,https://openalex.org/W2915787090,2019-02-25,2019
4795,https://openalex.org/W2099615468,1997-06-01,1997
4796,https://openalex.org/W2065173038,2014-09-12,2014
4797,https://openalex.org/W1604602566,1993-06-01,1993
4798,https://openalex.org/W2147579244,2002-11-01,2002
4799,https://openalex.org/W2002642012,2012-01-11,2012
4800,https://openalex.org/W4309307030,2022-11-15,2022
4801,https://openalex.org/W2944269734,2019-05-09,2019
4802,https://openalex.org/W2114660906,2011-10-10,2011
4803,https://openalex.org/W2953797599,2019-07-02,2019
4804,https://openalex.org/W2987833094,2019-04-13,2019
4805,https://openalex.org/W2037693947,1980-09-05,1980
4806,https://openalex.org/W4391407161,2024-01-31,2024
4807,https://openalex.org/W3107821080,2020-11-15,2020
4808,https://openalex.org/W2740479989,1996-01-01,1996
4809,https://openalex.org/W3173768495,2021-06-17,2021
4810,https://openalex.org/W586961756,2000-03-15,2000
4811,https://openalex.org/W2132783594,2013-11-30,2013
4812,https://openalex.org/W2150647009,2006-08-01,2006
4813,https://openalex.org/W2048127664,2006-06-09,2006
4814,https://openalex.org/W2566427669,2016-01-01,2016
4815,https://openalex.org/W2793541866,2018-03-14,2018
4816,https://openalex.org/W2132605838,1978-09-01,1978
4817,https://openalex.org/W4391747036,2024-02-12,2024
4818,https://openalex.org/W2067148648,1979-01-01,1979
4819,https://openalex.org/W2011608719,2009-02-28,2009
4820,https://openalex.org/W4400416535,2024-06-01,2024
4821,https://openalex.org/W2895126591,2018-10-08,2018
4822,https://openalex.org/W2001377831,2011-02-23,2011
4823,https://openalex.org/W2349296541,2010-01-01,2010
4824,https://openalex.org/W2085986908,2006-10-29,2006
4825,https://openalex.org/W2924169442,2019-01-01,2019
4826,https://openalex.org/W2125403226,2003-06-08,2003
4827,https://openalex.org/W6967274210,2022-02-26,2022
4828,https://openalex.org/W2559505210,2016-12-01,2016
4829,https://openalex.org/W2087473253,2001-09-01,2001
4830,https://openalex.org/W1971550213,1990-06-01,1990
4831,https://openalex.org/W2045261488,2000-01-01,2000
4832,https://openalex.org/W2096346213,2008-11-01,2008
4833,https://openalex.org/W2145546218,2013-03-06,2013
4834,https://openalex.org/W1974763023,1980-12-01,1980
4835,https://openalex.org/W4299985845,2009-05-26,2009
4836,https://openalex.org/W2024716820,2013-06-27,2013
4837,https://openalex.org/W2745275891,2017-01-01,2017
4838,https://openalex.org/W4229333574,2022-05-07,2022
4839,https://openalex.org/W2108927105,1998-01-01,1998
4840,https://openalex.org/W2319180178,2015-12-30,2015
4841,https://openalex.org/W4740768,1989-01-01,1989
4842,https://openalex.org/W1986933834,1970-03-01,1970
4843,https://openalex.org/W4223449266,2022-04-08,2022
4844,https://openalex.org/W2398157902,2002-09-01,2002
4845,https://openalex.org/W1981073939,2006-01-01,2006
4846,https://openalex.org/W2076145535,1985-12-01,1985
4847,https://openalex.org/W2076898573,1987-07-15,1987
4848,https://openalex.org/W2330822044,2015-09-01,2015
4849,https://openalex.org/W1981407446,2008-09-01,2008
4850,https://openalex.org/W1993617252,1982-01-01,1982
4851,https://openalex.org/W1954245584,2015-08-25,2015
4852,https://openalex.org/W1115507166,2011-05-01,2011
4853,https://openalex.org/W2403160476,2006-01-01,2006
4854,https://openalex.org/W2132759007,2014-10-22,2014
4855,https://openalex.org/W2037575183,2010-05-01,2010
4856,https://openalex.org/W4307640605,2022-10-27,2022
4857,https://openalex.org/W2971735783,2019-09-01,2019
4858,https://openalex.org/W2194081237,1991-10-01,1991
4859,https://openalex.org/W2009864747,2001-07-01,2001
4860,https://openalex.org/W1980837715,2012-06-30,2012
4861,https://openalex.org/W2111687504,1978-06-01,1978
4862,https://openalex.org/W2043429384,2012-01-18,2012
4863,https://openalex.org/W2285442137,1951-08-01,1951
4864,https://openalex.org/W2094263525,2011-10-01,2011
4865,https://openalex.org/W6893799896,2020-09-09,2020
4866,https://openalex.org/W2350843628,2012-01-01,2012
4867,https://openalex.org/W4309934809,2022-11-24,2022
4868,https://openalex.org/W2321734764,1967-02-01,1967
4869,https://openalex.org/W4392132435,2024-02-23,2024
4870,https://openalex.org/W4409403424,2025-04-14,2025
4871,https://openalex.org/W748629729,2014-01-22,2014
4872,https://openalex.org/W1537767236,2002-11-22,2002
4873,https://openalex.org/W1976790424,2014-08-09,2014
4874,https://openalex.org/W1998261131,1959-08-01,1959
4875,https://openalex.org/W2755712835,2017-03-31,2017
4876,https://openalex.org/W2123562854,1992-01-01,1992
4877,https://openalex.org/W2094638185,2001-02-08,2001
4878,https://openalex.org/W3080356810,2020-08-25,2020
4879,https://openalex.org/W2987381149,2019-11-18,2019
4880,https://openalex.org/W2159718889,2002-12-01,2002
4881,https://openalex.org/W2015495874,2001-02-24,2001
4882,https://openalex.org/W4312215946,2022-12-15,2022
4883,https://openalex.org/W3131778612,2021-02-17,2021
4884,https://openalex.org/W4205955591,2021-12-30,2021
4885,https://openalex.org/W2083332899,2007-11-01,2007
4886,https://openalex.org/W4380368931,2023-05-31,2023
4887,https://openalex.org/W4385305343,2023-07-27,2023
4888,https://openalex.org/W3091895349,2020-10-08,2020
4889,https://openalex.org/W1627513705,1972-11-01,1972
4890,https://openalex.org/W2966359455,2019-05-01,2019
4891,https://openalex.org/W2116309094,2014-01-02,2014
4892,https://openalex.org/W2014354530,1993-01-01,1993
4893,https://openalex.org/W2392120945,2011-01-01,2011
4894,https://openalex.org/W3211041731,2021-08-29,2021
4895,https://openalex.org/W2016608453,1985-07-01,1985
4896,https://openalex.org/W2651244195,2017-04-01,2017
4897,https://openalex.org/W2053373994,2012-08-01,2012
4898,https://openalex.org/W4387749486,2023-10-18,2023
4899,https://openalex.org/W2982240423,2019-10-22,2019
4900,https://openalex.org/W2378819938,2005-01-01,2005
4901,https://openalex.org/W2071857949,1982-04-01,1982
4902,https://openalex.org/W3202898411,2021-09-30,2021
4903,https://openalex.org/W2100864434,2007-01-01,2007
4904,https://openalex.org/W340309658,2009-06-16,2009
4905,https://openalex.org/W2529166661,2017-02-09,2017
4906,https://openalex.org/W2037273906,1985-01-01,1985
4907,https://openalex.org/W4399766612,2024-06-18,2024
4908,https://openalex.org/W1987295234,1981-09-01,1981
4909,https://openalex.org/W4255155788,1972-06-01,1972
4910,https://openalex.org/W3021881718,2020-05-01,2020
4911,https://openalex.org/W4320007937,2023-01-19,2023
4912,https://openalex.org/W4328048692,2023-03-21,2023
4913,https://openalex.org/W2179015955,2015-01-01,2015
4914,https://openalex.org/W4401806744,2024-08-23,2024
4915,https://openalex.org/W2149284440,2005-05-01,2005
4916,https://openalex.org/W2012016586,2014-11-08,2014
4917,https://openalex.org/W3036673206,2020-06-12,2020
4918,https://openalex.org/W2590602057,2007-01-01,2007
4919,https://openalex.org/W1496553157,2006-10-04,2006
4920,https://openalex.org/W3120294308,2021-01-01,2021
4921,https://openalex.org/W2051144337,2007-01-01,2007
4922,https://openalex.org/W2410249969,2003-03-01,2003
4923,https://openalex.org/W2810400911,2007-03-01,2007
4924,https://openalex.org/W797935685,1970-12-01,1970
4925,https://openalex.org/W2808413291,2018-06-16,2018
4926,https://openalex.org/W2150153155,2004-04-01,2004
4927,https://openalex.org/W4236569084,1987-07-01,1987
4928,https://openalex.org/W2255567326,2016-02-13,2016
4929,https://openalex.org/W2106903616,2015-12-30,2015
4930,https://openalex.org/W2007431993,2004-10-20,2004
4931,https://openalex.org/W2042767609,2000-09-01,2000
4932,https://openalex.org/W198748921,2013-01-01,2013
4933,https://openalex.org/W168986543,2009-12-01,2009
4934,https://openalex.org/W2970541341,2019-04-23,2019
4935,https://openalex.org/W2003367406,1993-01-01,1993
4936,https://openalex.org/W2979704403,2019-09-01,2019
4937,https://openalex.org/W2185701001,1990-01-01,1990
4938,https://openalex.org/W3151654453,2012-01-01,2012
4939,https://openalex.org/W1987581623,2011-08-24,2011
4940,https://openalex.org/W2125407743,1972-03-01,1972
4941,https://openalex.org/W4286895627,2022-02-21,2022
4942,https://openalex.org/W2166270476,1985-10-01,1985
4943,https://openalex.org/W2415667021,1980-01-01,1980
4944,https://openalex.org/W2143927902,2008-06-30,2008
4945,https://openalex.org/W2068924616,2010-11-01,2010
4946,https://openalex.org/W2404197389,1999-01-01,1999
4947,https://openalex.org/W4232985592,2015-04-29,2015
4948,https://openalex.org/W2989847986,2019-11-28,2019
4949,https://openalex.org/W2187571395,2018-08-27,2018
4950,https://openalex.org/W2153194924,2011-03-29,2011
4951,https://openalex.org/W4362534822,2023-04-04,2023
4952,https://openalex.org/W1973561563,1996-01-01,1996
4953,https://openalex.org/W2090966595,1998-08-01,1998
4954,https://openalex.org/W2551001103,2016-11-01,2016
4955,https://openalex.org/W2897340955,2019-09-17,2019
4956,https://openalex.org/W2322292547,1961-01-01,1961
4957,https://openalex.org/W105488969,1993-01-01,1993
4958,https://openalex.org/W268069710,1996-01-01,1996
4959,https://openalex.org/W2597165954,2017-01-01,2017
4960,https://openalex.org/W2069307948,2009-12-18,2009
4961,https://openalex.org/W3210248880,2021-10-26,2021
4962,https://openalex.org/W1985859985,2008-02-21,2008
4963,https://openalex.org/W2029454004,2015-01-06,2015
4964,https://openalex.org/W2074736596,2004-01-01,2004
4965,https://openalex.org/W2063771953,2002-05-12,2002
4966,https://openalex.org/W2039747641,2000-08-01,2000
4967,https://openalex.org/W2522236924,2016-07-31,2016
4968,https://openalex.org/W73248969,2001-05-01,2001
4969,https://openalex.org/W3124547216,2011-10-14,2011
4970,https://openalex.org/W4322744154,2023-02-28,2023
4971,https://openalex.org/W1976897514,1999-03-01,1999
4972,https://openalex.org/W604359155,2012-01-01,2012
4973,https://openalex.org/W2890818461,2019-07-02,2019
4974,https://openalex.org/W2149998267,1987-01-01,1987
4975,https://openalex.org/W2087253780,2009-01-01,2009
4976,https://openalex.org/W2313800377,2016-01-29,2016
4977,https://openalex.org/W2750034851,2016-04-01,2016
4978,https://openalex.org/W1999349025,2007-05-16,2007
4979,https://openalex.org/W2009333106,2012-11-02,2012
4980,https://openalex.org/W4285202647,2022-01-01,2022
4981,https://openalex.org/W104459505,2012-03-01,2012
4982,https://openalex.org/W2046823942,2012-09-07,2012
4983,https://openalex.org/W4250088847,2006-05-23,2006
4984,https://openalex.org/W3128323768,2020-07-30,2020
4985,https://openalex.org/W2008528544,2006-02-24,2006
4986,https://openalex.org/W1974321891,1993-05-01,1993
4987,https://openalex.org/W4246508250,1996-05-01,1996
4988,https://openalex.org/W4226338111,2022-04-05,2022
4989,https://openalex.org/W3184395390,2021-07-01,2021
4990,https://openalex.org/W122836976,1986-08-11,1986
4991,https://openalex.org/W2131014861,2004-12-01,2004
4992,https://openalex.org/W2037828588,1984-01-01,1984
4993,https://openalex.org/W2325975532,1974-08-01,1974
4994,https://openalex.org/W274965834,2002-01-01,2002
4995,https://openalex.org/W2166528584,2015-03-31,2015
4996,https://openalex.org/W2233504544,1995-09-14,1995
4997,https://openalex.org/W2617613042,2017-01-01,2017
4998,https://openalex.org/W4412385428,2025-07-14,2025
4999,https://openalex.org/W194924968,2004-01-01,2004
5000,https://openalex.org/W2988080598,2019-07-01,2019
5001,https://openalex.org/W4281569534,2022-05-26,2022
5002,https://openalex.org/W2624780413,2024-08-29,2024
5003,https://openalex.org/W2325912223,1978-03-01,1978
5004,https://openalex.org/W4307250547,2022-10-25,2022
5005,https://openalex.org/W3005895341,2020-02-14,2020
5006,https://openalex.org/W2005589311,1979-11-01,1979
5007,https://openalex.org/W2086146123,1997-03-01,1997
5008,https://openalex.org/W1894207778,2015-01-01,2015
5009,https://openalex.org/W1509707739,2017-06-19,2017
5010,https://openalex.org/W1971476969,2011-08-26,2011
5011,https://openalex.org/W2900513799,2017-06-01,2017
5012,https://openalex.org/W4395685360,2024-04-26,2024
5013,https://openalex.org/W2333536525,2009-01-01,2009
5014,https://openalex.org/W3138471953,2021-01-01,2021
5015,https://openalex.org/W2299686833,2016-01-31,2016
5016,https://openalex.org/W2144620832,2003-09-27,2003
5017,https://openalex.org/W2000165149,2014-03-07,2014
5018,https://openalex.org/W2808802416,2018-06-22,2018
5019,https://openalex.org/W4220676388,2022-03-21,2022
5020,https://openalex.org/W4401591112,2024-08-05,2024
5021,https://openalex.org/W2547330133,2016-06-01,2016
5022,https://openalex.org/W2599061586,2017-02-20,2017
5023,https://openalex.org/W1971950456,2004-03-04,2004
5024,https://openalex.org/W4406937428,2025-01-28,2025
5025,https://openalex.org/W3034698710,2020-01-01,2020
5026,https://openalex.org/W2130364221,1969-12-01,1969
5027,https://openalex.org/W2173649622,1993-01-01,1993
5028,https://openalex.org/W2180629310,2015-11-26,2015
5029,https://openalex.org/W2289770210,2015-11-29,2015
5030,https://openalex.org/W3049041789,2020-08-13,2020
5031,https://openalex.org/W2975878063,2019-01-01,2019
5032,https://openalex.org/W2094108976,1993-01-01,1993
5033,https://openalex.org/W2558562046,2016-10-01,2016
5034,https://openalex.org/W2607436005,2017-03-27,2017
5035,https://openalex.org/W4392369488,2024-03-04,2024
5036,https://openalex.org/W2321722481,1957-06-01,1957
5037,https://openalex.org/W4238348696,1998-08-01,1998
5038,https://openalex.org/W2119629255,1998-01-01,1998
5039,https://openalex.org/W2092705542,1984-03-01,1984
5040,https://openalex.org/W2522892545,2016-06-01,2016
5041,https://openalex.org/W68312346,1984-01-01,1984
5042,https://openalex.org/W2335428891,1985-01-01,1985
5043,https://openalex.org/W2905425463,2018-12-14,2018
5044,https://openalex.org/W4327684378,2023-03-17,2023
5045,https://openalex.org/W2269347608,2017-06-24,2017
5046,https://openalex.org/W4241345300,1990-06-01,1990
5047,https://openalex.org/W2203951011,2011-01-01,2011
5048,https://openalex.org/W3088214163,2020-09-08,2020
5049,https://openalex.org/W4381594976,2002-10-01,2002
5050,https://openalex.org/W2889891939,2018-04-23,2018
5051,https://openalex.org/W2350558143,2009-01-01,2009
5052,https://openalex.org/W4224230420,2022-04-21,2022
5053,https://openalex.org/W1581467043,2003-01-01,2003
5054,https://openalex.org/W1590390431,2014-03-10,2014
5055,https://openalex.org/W2010383345,1977-05-01,1977
5056,https://openalex.org/W2313009556,1971-05-01,1971
5057,https://openalex.org/W1519904482,2009-02-19,2009
5058,https://openalex.org/W2012596540,2004-10-07,2004
5059,https://openalex.org/W4399156154,2024-05-29,2024
5060,https://openalex.org/W2153003711,2013-05-22,2013
5061,https://openalex.org/W2073923461,2012-08-27,2012
5062,https://openalex.org/W2064403774,2010-05-01,2010
5063,https://openalex.org/W1972896817,2013-11-01,2013
5064,https://openalex.org/W4389725972,2023-10-02,2023
5065,https://openalex.org/W2026156159,2011-03-24,2011
5066,https://openalex.org/W2063608821,2005-06-23,2005
5067,https://openalex.org/W1982430874,2009-07-06,2009
5068,https://openalex.org/W3034717314,2020-06-16,2020
5069,https://openalex.org/W1981516534,2014-06-01,2014
5070,https://openalex.org/W2321728690,1954-09-01,1954
5071,https://openalex.org/W5066557,2008-01-01,2008
5072,https://openalex.org/W2314440685,2013-01-01,2013
5073,https://openalex.org/W2171208007,2014-11-25,2014
5074,https://openalex.org/W2009699298,2014-01-01,2014
5075,https://openalex.org/W2974765161,2019-01-01,2019
5076,https://openalex.org/W2512050813,2016-09-09,2016
5077,https://openalex.org/W2954964369,2019-06-07,2019
5078,https://openalex.org/W4283204931,2022-06-21,2022
5079,https://openalex.org/W4234308669,1976-06-01,1976
5080,https://openalex.org/W2566490825,2016-10-01,2016
5081,https://openalex.org/W1964897129,2001-01-01,2001
5082,https://openalex.org/W2013683336,1969-08-01,1969
5083,https://openalex.org/W2337830054,1999-01-01,1999
5084,https://openalex.org/W2001404644,2013-11-01,2013
5085,https://openalex.org/W2807269838,2018-05-08,2018
5086,https://openalex.org/W2119902407,2002-06-13,2002
5087,https://openalex.org/W2009353350,1940-05-01,1940
5088,https://openalex.org/W3045727392,2020-01-01,2020
5089,https://openalex.org/W2995818443,2019-03-17,2019
5090,https://openalex.org/W2085493066,2006-04-14,2006
5091,https://openalex.org/W4400470418,2024-07-05,2024
5092,https://openalex.org/W4362520787,2023-03-01,2023
5093,https://openalex.org/W2009797548,2005-01-01,2005
5094,https://openalex.org/W2036402999,2001-07-01,2001
5095,https://openalex.org/W4400969420,2024-07-25,2024
5096,https://openalex.org/W65516527,2000-01-01,2000
5097,https://openalex.org/W3047462473,2020-07-29,2020
5098,https://openalex.org/W4408135137,2025-03-04,2025
5099,https://openalex.org/W4377699347,2023-04-07,2023
5100,https://openalex.org/W3097221748,2020-09-17,2020
5101,https://openalex.org/W2014690461,2001-01-01,2001
5102,https://openalex.org/W3217344669,2020-02-01,2020
5103,https://openalex.org/W3092344320,2020-10-12,2020
5104,https://openalex.org/W2024838503,1988-01-01,1988
5105,https://openalex.org/W3094174388,2020-10-21,2020
5106,https://openalex.org/W2409608894,1975-05-02,1975
5107,https://openalex.org/W3184755569,2021-07-29,2021
5108,https://openalex.org/W2006689499,1998-01-01,1998
5109,https://openalex.org/W195095665,2000-01-01,2000
5110,https://openalex.org/W4400570788,2024-07-02,2024
5111,https://openalex.org/W1985594109,1970-06-01,1970
5112,https://openalex.org/W2418835939,1983-03-01,1983
5113,https://openalex.org/W2123281186,2014-05-07,2014
5114,https://openalex.org/W2134209052,2013-01-01,2013
5115,https://openalex.org/W41049491,1980-05-01,1980
5116,https://openalex.org/W4220909351,2022-03-23,2022
5117,https://openalex.org/W2319304278,2009-01-01,2009
5118,https://openalex.org/W4384517774,2023-06-01,2023
5119,https://openalex.org/W1976211160,1993-01-01,1993
5120,https://openalex.org/W4214689938,2022-03-01,2022
5121,https://openalex.org/W1979984413,2015-04-06,2015
5122,https://openalex.org/W2280879875,2016-02-23,2016
5123,https://openalex.org/W2081052876,2013-12-13,2013
5124,https://openalex.org/W1972869423,2012-09-18,2012
5125,https://openalex.org/W1981271678,1988-12-01,1988
5126,https://openalex.org/W2063387119,2007-03-07,2007
5127,https://openalex.org/W4311118585,2022-11-30,2022
5128,https://openalex.org/W2751531336,2017-09-02,2017
5129,https://openalex.org/W2002623071,2014-01-01,2014
5130,https://openalex.org/W4285614647,2022-01-01,2022
5131,https://openalex.org/W4296212655,2021-06-07,2021
5132,https://openalex.org/W4286781028,2022-06-08,2022
5133,https://openalex.org/W4406512540,2025-01-17,2025
5134,https://openalex.org/W1980081826,2002-10-01,2002
5135,https://openalex.org/W1966700737,2000-08-11,2000
5136,https://openalex.org/W3202962576,2021-08-23,2021
5137,https://openalex.org/W4225402102,2022-05-03,2022
5138,https://openalex.org/W1969631469,1992-01-01,1992
5139,https://openalex.org/W3167893425,2020-12-01,2020
5140,https://openalex.org/W2073462602,2010-10-01,2010
5141,https://openalex.org/W3011747319,2019-11-01,2019
5142,https://openalex.org/W3109235862,2020-11-25,2020
5143,https://openalex.org/W4387164554,2023-09-25,2023
5144,https://openalex.org/W2091584691,2012-06-01,2012
5145,https://openalex.org/W2269056363,1981-01-01,1981
5146,https://openalex.org/W2137861681,1969-01-01,1969
5147,https://openalex.org/W4399305695,2024-06-03,2024
5148,https://openalex.org/W2972163374,2019-09-06,2019
5149,https://openalex.org/W3038904680,2020-06-29,2020
5150,https://openalex.org/W3176061022,2021-06-17,2021
5151,https://openalex.org/W1938437663,2015-08-14,2015
5152,https://openalex.org/W2561529450,2016-12-01,2016
5153,https://openalex.org/W2165795986,2012-10-25,2012
5154,https://openalex.org/W2472178765,1993-09-02,1993
5155,https://openalex.org/W2142732734,2006-03-01,2006
5156,https://openalex.org/W2975597658,2018-07-27,2018
5157,https://openalex.org/W3158841466,2021-05-03,2021
5158,https://openalex.org/W2621084263,2017-06-01,2017
5159,https://openalex.org/W2104551034,2012-02-13,2012
5160,https://openalex.org/W4321168121,2023-02-17,2023
5161,https://openalex.org/W2765773936,2017-10-24,2017
5162,https://openalex.org/W2991812982,2012-01-01,2012
5163,https://openalex.org/W3204439657,2016-01-01,2016
5164,https://openalex.org/W1993151480,2010-02-02,2010
5165,https://openalex.org/W2160411078,2007-02-06,2007
5166,https://openalex.org/W2601434367,2017-03-20,2017
5167,https://openalex.org/W3007233220,2019-12-30,2019
5168,https://openalex.org/W4389933449,2023-12-19,2023
5169,https://openalex.org/W4287220056,2022-07-22,2022
5170,https://openalex.org/W2035662189,2013-06-07,2013
5171,https://openalex.org/W2596365754,2014-12-06,2014
5172,https://openalex.org/W3120378132,2020-12-01,2020
5173,https://openalex.org/W3215214400,2021-11-26,2021
5174,https://openalex.org/W2118214337,1977-06-01,1977
5175,https://openalex.org/W2034509369,2012-09-25,2012
5176,https://openalex.org/W2139486160,2005-03-01,2005
5177,https://openalex.org/W2965488989,2019-07-30,2019
5178,https://openalex.org/W2318413740,2014-07-24,2014
5179,https://openalex.org/W2142541103,1954-11-01,1954
5180,https://openalex.org/W2095130500,2012-01-01,2012
5181,https://openalex.org/W4409656282,2025-04-22,2025
5182,https://openalex.org/W2130490563,1969-01-01,1969
5183,https://openalex.org/W3022115074,2020-05-09,2020
5184,https://openalex.org/W2025645366,2015-07-01,2015
5185,https://openalex.org/W2959696137,2019-07-11,2019
5186,https://openalex.org/W3109265863,2020-11-16,2020
5187,https://openalex.org/W4283794563,2022-07-04,2022
5188,https://openalex.org/W2281156951,1989-05-01,1989
5189,https://openalex.org/W2144737266,2008-06-01,2008
5190,https://openalex.org/W4254997933,2015-01-01,2015
5191,https://openalex.org/W2066547658,2008-07-22,2008
5192,https://openalex.org/W4448431,2009-01-01,2009
5193,https://openalex.org/W2096117839,1947-04-01,1947
5194,https://openalex.org/W4206820993,2021-01-01,2021
5195,https://openalex.org/W4392900769,2024-03-18,2024
5196,https://openalex.org/W2758875740,2013-03-17,2013
5197,https://openalex.org/W6925367036,2023-11-22,2023
5198,https://openalex.org/W2745353037,2018-06-30,2018
5199,https://openalex.org/W4210555987,2022-02-01,2022
5200,https://openalex.org/W2067893395,1961-06-01,1961
5201,https://openalex.org/W3021517316,2019-01-07,2019
5202,https://openalex.org/W1969766377,2000-08-14,2000
5203,https://openalex.org/W1988399042,2011-01-01,2011
5204,https://openalex.org/W1974841994,1986-02-01,1986
5205,https://openalex.org/W2112201119,2005-01-28,2005
5206,https://openalex.org/W2023835009,1999-10-14,1999
5207,https://openalex.org/W2057226672,1996-07-01,1996
5208,https://openalex.org/W1528562957,2015-01-01,2015
5209,https://openalex.org/W2049015489,1946-05-01,1946
5210,https://openalex.org/W1922537661,1988-11-01,1988
5211,https://openalex.org/W2995186250,2019-10-01,2019
5212,https://openalex.org/W4391308137,2023-11-17,2023
5213,https://openalex.org/W2996277834,2019-12-12,2019
5214,https://openalex.org/W2418221135,1990-03-02,1990
5215,https://openalex.org/W2955603442,2006-05-01,2006
5216,https://openalex.org/W2411962139,1999-08-03,1999
5217,https://openalex.org/W2614165523,1964-04-01,1964
5218,https://openalex.org/W2765770449,2017-10-26,2017
5219,https://openalex.org/W2007983972,2006-05-17,2006
5220,https://openalex.org/W2146643789,1994-06-01,1994
5221,https://openalex.org/W3004172696,2020-01-01,2020
5222,https://openalex.org/W2592134595,2017-02-24,2017
5223,https://openalex.org/W2953592534,2019-06-26,2019
5224,https://openalex.org/W2162393131,2002-01-01,2002
5225,https://openalex.org/W2067686019,1998-06-01,1998
5226,https://openalex.org/W2171486364,2011-01-13,2011
5227,https://openalex.org/W2089959978,1978-04-01,1978
5228,https://openalex.org/W2735454655,2017-01-01,2017
5229,https://openalex.org/W1541350805,2016-08-19,2016
5230,https://openalex.org/W1967790540,1946-01-01,1946
5231,https://openalex.org/W4387256085,2023-07-26,2023
5232,https://openalex.org/W2475032343,2009-01-01,2009
5233,https://openalex.org/W1972039096,2013-04-19,2013
5234,https://openalex.org/W2020812856,1987-01-01,1987
5235,https://openalex.org/W2185428901,2009-07-01,2009
5236,https://openalex.org/W2135610135,2009-02-18,2009
5237,https://openalex.org/W2962939136,2019-01-01,2019
5238,https://openalex.org/W1811060438,1972-10-01,1972
5239,https://openalex.org/W2031807599,2008-05-12,2008
5240,https://openalex.org/W2574622463,2017-01-01,2017
5241,https://openalex.org/W2378727920,2006-01-01,2006
5242,https://openalex.org/W2414771301,1983-01-01,1983
5243,https://openalex.org/W2186500831,2004-01-01,2004
5244,https://openalex.org/W2136615848,2013-11-05,2013
5245,https://openalex.org/W4404540765,2024-11-20,2024
5246,https://openalex.org/W2120709061,1972-12-01,1972
5247,https://openalex.org/W3202792440,2021-07-01,2021
5248,https://openalex.org/W2979233941,2017-01-26,2017
5249,https://openalex.org/W2159250853,1972-04-01,1972
5250,https://openalex.org/W3149229888,2020-12-30,2020
5251,https://openalex.org/W2394405738,2013-01-01,2013
5252,https://openalex.org/W4364354190,2023-01-01,2023
5253,https://openalex.org/W2319641563,2010-12-01,2010
5254,https://openalex.org/W2332293747,2016-04-10,2016
5255,https://openalex.org/W4289544403,2022-08-03,2022
5256,https://openalex.org/W2118588482,2002-10-23,2002
5257,https://openalex.org/W986375278,2007-01-01,2007
5258,https://openalex.org/W75883688,1993-01-01,1993
5259,https://openalex.org/W3110387586,2020-11-27,2020
5260,https://openalex.org/W270496167,1988-04-01,1988
5261,https://openalex.org/W2947885493,2019-05-27,2019
5262,https://openalex.org/W2939784491,2019-01-01,2019
5263,https://openalex.org/W2126190234,2011-07-01,2011
5264,https://openalex.org/W3194419592,2021-08-24,2021
5265,https://openalex.org/W2007843391,1995-01-01,1995
5266,https://openalex.org/W2327197433,1961-01-01,1961
5267,https://openalex.org/W4236203448,1994-09-01,1994
5268,https://openalex.org/W2249169892,2007-04-01,2007
5269,https://openalex.org/W4402582203,2024-09-16,2024
5270,https://openalex.org/W1972254082,2003-08-04,2003
5271,https://openalex.org/W2034133483,2005-07-01,2005
5272,https://openalex.org/W2168815980,2007-09-05,2007
5273,https://openalex.org/W2299187578,2016-03-16,2016
5274,https://openalex.org/W2034309487,1985-01-01,1985
5275,https://openalex.org/W4223893364,2022-04-13,2022
5276,https://openalex.org/W2092151344,1988-10-01,1988
5277,https://openalex.org/W2964549276,2019-07-26,2019
5278,https://openalex.org/W4385689572,2023-08-09,2023
5279,https://openalex.org/W2060059709,2013-05-23,2013
5280,https://openalex.org/W2888049906,2018-07-09,2018
5281,https://openalex.org/W2897721866,2018-10-15,2018
5282,https://openalex.org/W2038544587,1999-08-15,1999
5283,https://openalex.org/W2566618404,2015-08-01,2015
5284,https://openalex.org/W2044569709,2012-08-01,2012
5285,https://openalex.org/W3008724305,2020-02-24,2020
5286,https://openalex.org/W2133644124,2015-07-21,2015
5287,https://openalex.org/W2085320330,1996-04-01,1996
5288,https://openalex.org/W2378709662,2006-01-01,2006
5289,https://openalex.org/W1606501333,2008-04-16,2008
5290,https://openalex.org/W2872050426,2018-07-04,2018
5291,https://openalex.org/W4205185629,2021-01-01,2021
5292,https://openalex.org/W138152552,2010-12-31,2010
5293,https://openalex.org/W2555671149,2006-11-16,2006
5294,https://openalex.org/W1999752983,1979-09-01,1979
5295,https://openalex.org/W1582658987,2013-12-19,2013
5296,https://openalex.org/W2303526161,2016-03-21,2016
5297,https://openalex.org/W2158389636,1975-01-01,1975
5298,https://openalex.org/W2022025950,1988-01-01,1988
5299,https://openalex.org/W4400171155,2024-06-30,2024
5300,https://openalex.org/W2398526225,2016-01-01,2016
5301,https://openalex.org/W2115333075,2002-11-22,2002
5302,https://openalex.org/W2600944630,2017-03-21,2017
5303,https://openalex.org/W2016950386,1991-08-15,1991
5304,https://openalex.org/W4392051588,2024-01-01,2024
5305,https://openalex.org/W7073551391,2016-11-01,2016
5306,https://openalex.org/W3119221551,2021-01-09,2021
5307,https://openalex.org/W2160842624,2011-06-22,2011
5308,https://openalex.org/W1968688220,1998-02-01,1998
5309,https://openalex.org/W2025149108,1971-09-01,1971
5310,https://openalex.org/W2898012473,2018-10-01,2018
5311,https://openalex.org/W2586635252,2013-06-01,2013
5312,https://openalex.org/W2514647062,2016-08-25,2016
5313,https://openalex.org/W2626939589,2017-06-14,2017
5314,https://openalex.org/W2409095101,2015-04-18,2015
5315,https://openalex.org/W2054390231,1958-07-01,1958
5316,https://openalex.org/W4286664512,2019-06-01,2019
5317,https://openalex.org/W3178974044,2021-07-01,2021
5318,https://openalex.org/W2095015407,2011-01-01,2011
5319,https://openalex.org/W2023282004,1981-11-15,1981
5320,https://openalex.org/W2129493765,2006-06-01,2006
5321,https://openalex.org/W3158839617,2021-05-05,2021
5322,https://openalex.org/W2026455572,1994-04-05,1994
5323,https://openalex.org/W2037545075,1977-01-01,1977
5324,https://openalex.org/W4362499127,2023-01-05,2023
5325,https://openalex.org/W2411694178,1996-10-22,1996
5326,https://openalex.org/W2313721508,2014-03-18,2014
5327,https://openalex.org/W2888664337,2018-08-21,2018
5328,https://openalex.org/W3144185850,2006-01-01,2006
5329,https://openalex.org/W4312199179,2022-11-24,2022
5330,https://openalex.org/W4368370695,2023-05-02,2023
5331,https://openalex.org/W2201275613,2005-05-11,2005
5332,https://openalex.org/W2032507538,2009-01-01,2009
5333,https://openalex.org/W633101757,1978-06-01,1978
5334,https://openalex.org/W2974563472,2019-09-18,2019
5335,https://openalex.org/W4402756105,2024-09-24,2024
5336,https://openalex.org/W2044488108,2010-01-28,2010
5337,https://openalex.org/W2152809218,2013-08-20,2013
5338,https://openalex.org/W4391831159,2004-03-01,2004
5339,https://openalex.org/W2126944205,1998-11-01,1998
5340,https://openalex.org/W2597526500,2017-02-01,2017
5341,https://openalex.org/W2050562212,1966-05-27,1966
5342,https://openalex.org/W2126918986,2008-01-01,2008
5343,https://openalex.org/W4294958074,2022-09-08,2022
5344,https://openalex.org/W4392763337,2024-03-13,2024
5345,https://openalex.org/W4393012649,2024-03-20,2024
5346,https://openalex.org/W2480998116,2013-01-01,2013
5347,https://openalex.org/W1997503905,1999-07-26,1999
5348,https://openalex.org/W1988061965,1994-09-01,1994
5349,https://openalex.org/W4205308866,2022-01-05,2022
5350,https://openalex.org/W2055794694,1992-06-01,1992
5351,https://openalex.org/W3134683971,2021-03-04,2021
5352,https://openalex.org/W1965727166,1992-10-01,1992
5353,https://openalex.org/W1993078308,2013-11-11,2013
5354,https://openalex.org/W1889810473,1980-04-01,1980
5355,https://openalex.org/W2062786183,2003-06-01,2003
5356,https://openalex.org/W4362700432,2023-04-06,2023
5357,https://openalex.org/W4315751641,2023-01-12,2023
5358,https://openalex.org/W2102878644,2014-03-01,2014
5359,https://openalex.org/W1982466040,2008-01-01,2008
5360,https://openalex.org/W2078377628,2012-04-15,2012
5361,https://openalex.org/W2031614214,2006-03-17,2006
5362,https://openalex.org/W2069099783,2011-01-01,2011
5363,https://openalex.org/W2112899062,1977-09-01,1977
5364,https://openalex.org/W3033239023,2020-06-04,2020
5365,https://openalex.org/W2049401951,2007-11-01,2007
5366,https://openalex.org/W2058018763,1994-10-01,1994
5367,https://openalex.org/W2339097746,1970-04-01,1970
5368,https://openalex.org/W2023961828,2014-01-01,2014
5369,https://openalex.org/W2765750626,2017-10-19,2017
5370,https://openalex.org/W2017769388,2012-06-28,2012
5371,https://openalex.org/W2079294732,1992-08-01,1992
5372,https://openalex.org/W2784958970,2018-01-23,2018
5373,https://openalex.org/W2143396133,2007-12-01,2007
5374,https://openalex.org/W1515436383,2015-01-01,2015
5375,https://openalex.org/W3102813223,2020-11-12,2020
5376,https://openalex.org/W2004573232,1978-09-01,1978
5377,https://openalex.org/W2128519754,1999-02-01,1999
5378,https://openalex.org/W2134216044,2006-06-06,2006
5379,https://openalex.org/W4400094272,2024-06-14,2024
5380,https://openalex.org/W2071566362,2013-06-01,2013
5381,https://openalex.org/W1987625962,1982-12-01,1982
5382,https://openalex.org/W2728225609,2016-05-01,2016
5383,https://openalex.org/W1588132864,2002-11-22,2002
5384,https://openalex.org/W1524239101,1985-12-01,1985
5385,https://openalex.org/W4367016574,2023-04-25,2023
5386,https://openalex.org/W2009604137,1985-01-01,1985
5387,https://openalex.org/W2270642550,2016-01-11,2016
5388,https://openalex.org/W2066274687,2019-01-10,2019
5389,https://openalex.org/W3082954545,2020-08-26,2020
5390,https://openalex.org/W2797722652,1963-05-01,1963
5391,https://openalex.org/W3090710326,2020-09-29,2020
5392,https://openalex.org/W3167382769,2021-06-11,2021
5393,https://openalex.org/W2020744069,1989-01-01,1989
5394,https://openalex.org/W4410831982,2025-05-28,2025
5395,https://openalex.org/W763329346,1992-01-01,1992
5396,https://openalex.org/W1014502651,2003-09-01,2003
5397,https://openalex.org/W2146300690,2014-02-01,2014
5398,https://openalex.org/W1968205337,2012-01-01,2012
5399,https://openalex.org/W2078933006,2009-05-01,2009
5400,https://openalex.org/W4382722876,2023-06-28,2023
5401,https://openalex.org/W2075183241,1974-01-01,1974
5402,https://openalex.org/W2186048000,2009-10-01,2009
5403,https://openalex.org/W4200350050,2021-12-16,2021
5404,https://openalex.org/W2504824929,1954-01-01,1954
5405,https://openalex.org/W2186928841,1996-01-01,1996
5406,https://openalex.org/W4404345751,2024-11-13,2024
5407,https://openalex.org/W3111258980,2020-12-14,2020
5408,https://openalex.org/W2120816431,1984-08-01,1984
5409,https://openalex.org/W2054600965,1996-06-01,1996
5410,https://openalex.org/W4244349942,2020-10-14,2020
5411,https://openalex.org/W2075036188,1996-12-31,1996
5412,https://openalex.org/W2072752861,2012-01-01,2012
5413,https://openalex.org/W2167633999,2014-08-01,2014
5414,https://openalex.org/W2016243663,1993-05-01,1993
5415,https://openalex.org/W2007121690,1998-01-01,1998
5416,https://openalex.org/W2029437198,1991-03-01,1991
5417,https://openalex.org/W1521798894,2010-04-01,2010
5418,https://openalex.org/W4230422929,2020-12-15,2020
5419,https://openalex.org/W2788198201,2017-11-14,2017
5420,https://openalex.org/W3190794883,2021-08-10,2021
5421,https://openalex.org/W1666136114,2015-07-01,2015
5422,https://openalex.org/W4396620219,2024-05-01,2024
5423,https://openalex.org/W3137266280,2021-03-25,2021
5424,https://openalex.org/W2137792706,2014-05-14,2014
5425,https://openalex.org/W1996971164,2005-02-28,2005
5426,https://openalex.org/W4364374126,2023-04-10,2023
5427,https://openalex.org/W2161908860,2008-05-09,2008
5428,https://openalex.org/W2512734654,2016-12-01,2016
5429,https://openalex.org/W3095960195,2020-11-05,2020
5430,https://openalex.org/W4393204198,2024-03-26,2024
5431,https://openalex.org/W2010274926,1987-09-01,1987
5432,https://openalex.org/W2008593950,1986-01-01,1986
5433,https://openalex.org/W2561858790,2013-05-24,2013
5434,https://openalex.org/W2100185457,1992-11-01,1992
5435,https://openalex.org/W4229600454,2021-11-01,2021
5436,https://openalex.org/W4312105538,2022-12-21,2022
5437,https://openalex.org/W2135684583,2008-06-01,2008
5438,https://openalex.org/W2129912648,2018-06-30,2018
5439,https://openalex.org/W2137274298,2010-09-23,2010
5440,https://openalex.org/W2007529242,2012-01-01,2012
5441,https://openalex.org/W2165857086,2011-07-01,2011
5442,https://openalex.org/W1538725722,2002-12-17,2002
5443,https://openalex.org/W4296618045,2022-09-02,2022
5444,https://openalex.org/W2075604354,2000-08-01,2000
5445,https://openalex.org/W2921340777,2019-03-11,2019
5446,https://openalex.org/W2339709050,2016-02-02,2016
5447,https://openalex.org/W1595235474,2003-08-27,2003
5448,https://openalex.org/W2071316594,2005-01-29,2005
5449,https://openalex.org/W1976752593,1977-08-15,1977
5450,https://openalex.org/W2164870520,2012-06-12,2012
5451,https://openalex.org/W2080099880,1998-01-01,1998
5452,https://openalex.org/W2073087291,2010-06-16,2010
5453,https://openalex.org/W3120796805,2021-08-28,2021
5454,https://openalex.org/W1516697601,1999-02-01,1999
5455,https://openalex.org/W2016556188,2007-01-01,2007
5456,https://openalex.org/W2062427823,2003-09-01,2003
5457,https://openalex.org/W2614141523,2017-05-16,2017
5458,https://openalex.org/W2370517558,2010-01-01,2010
5459,https://openalex.org/W4287377848,2022-07-25,2022
5460,https://openalex.org/W3011700560,2020-01-01,2020
5461,https://openalex.org/W2329125384,2014-04-03,2014
5462,https://openalex.org/W2601931856,2017-07-25,2017
5463,https://openalex.org/W2184159343,2012-01-01,2012
5464,https://openalex.org/W4372300585,2023-05-05,2023
5465,https://openalex.org/W3186182115,2021-07-28,2021
5466,https://openalex.org/W2025630924,1989-11-01,1989
5467,https://openalex.org/W2993897639,1997-01-01,1997
5468,https://openalex.org/W1731911755,2010-12-01,2010
5469,https://openalex.org/W4388445289,2021-02-10,2021
5470,https://openalex.org/W1989967334,1983-06-01,1983
5471,https://openalex.org/W4393150093,2024-03-25,2024
5472,https://openalex.org/W4252217753,2011-04-01,2011
5473,https://openalex.org/W4292537203,2022-04-30,2022
5474,https://openalex.org/W3205832138,2021-07-26,2021
5475,https://openalex.org/W4200306746,2021-11-01,2021
5476,https://openalex.org/W2015034987,2014-01-01,2014
5477,https://openalex.org/W2351724432,2007-01-01,2007
5478,https://openalex.org/W2389395589,2005-01-01,2005
5479,https://openalex.org/W2127557367,2012-05-30,2012
5480,https://openalex.org/W1993056430,2002-10-01,2002
5481,https://openalex.org/W1981658135,2005-05-25,2005
5482,https://openalex.org/W2319426630,2015-04-17,2015
5483,https://openalex.org/W1521051724,2013-05-28,2013
5484,https://openalex.org/W3216669827,2021-11-29,2021
5485,https://openalex.org/W2037600168,2004-11-01,2004
5486,https://openalex.org/W2354946683,2006-01-01,2006
5487,https://openalex.org/W3087216459,2020-09-01,2020
5488,https://openalex.org/W3129576467,2021-02-25,2021
5489,https://openalex.org/W4291017612,2022-01-01,2022
5490,https://openalex.org/W3194782051,2021-08-17,2021
5491,https://openalex.org/W4242792575,2014-01-01,2014
5492,https://openalex.org/W2029946134,2000-08-01,2000
5493,https://openalex.org/W2125808921,1993-10-01,1993
5494,https://openalex.org/W3133740502,2020-12-17,2020
5495,https://openalex.org/W4387653677,2023-10-15,2023
5496,https://openalex.org/W2607009597,2017-04-17,2017
5497,https://openalex.org/W4253035824,2011-11-23,2011
5498,https://openalex.org/W4402636066,2024-09-17,2024
5499,https://openalex.org/W2940063987,2019-04-11,2019
5500,https://openalex.org/W4407080354,2025-02-02,2025
5501,https://openalex.org/W2039325673,2008-03-28,2008
5502,https://openalex.org/W2316792488,2016-07-21,2016
5503,https://openalex.org/W2042476684,1974-08-01,1974
5504,https://openalex.org/W2884009302,2018-07-17,2018
5505,https://openalex.org/W880817566,2009-11-12,2009
5506,https://openalex.org/W4248189053,2017-09-17,2017
5507,https://openalex.org/W2388843316,2012-01-01,2012
5508,https://openalex.org/W2899514952,2018-10-02,2018
5509,https://openalex.org/W2791043815,2018-03-02,2018
5510,https://openalex.org/W2113430366,2009-02-01,2009
5511,https://openalex.org/W2079830938,1991-08-01,1991
5512,https://openalex.org/W3170705234,2021-06-15,2021
5513,https://openalex.org/W2606713975,2007-04-01,2007
5514,https://openalex.org/W2087461549,1997-04-21,1997
5515,https://openalex.org/W2272356798,1989-01-01,1989
5516,https://openalex.org/W2538294743,2016-01-01,2016
5517,https://openalex.org/W2591096517,2017-02-27,2017
5518,https://openalex.org/W2011903873,1969-11-01,1969
5519,https://openalex.org/W2169988722,2013-12-28,2013
5520,https://openalex.org/W2122549896,1975-01-01,1975
5521,https://openalex.org/W2027412547,2000-12-15,2000
5522,https://openalex.org/W2397260565,1988-03-01,1988
5523,https://openalex.org/W2243887600,1991-04-01,1991
5524,https://openalex.org/W2105682678,1987-01-01,1987
5525,https://openalex.org/W1993498975,2014-10-01,2014
5526,https://openalex.org/W2142272396,2008-06-20,2008
5527,https://openalex.org/W2044615130,1993-12-14,1993
5528,https://openalex.org/W2163862459,2000-08-01,2000
5529,https://openalex.org/W2775698286,2017-12-01,2017
5530,https://openalex.org/W2154713012,1993-10-01,1993
5531,https://openalex.org/W2070219930,1993-12-14,1993
5532,https://openalex.org/W2033874627,2014-01-01,2014
5533,https://openalex.org/W13665836,2005-09-01,2005
5534,https://openalex.org/W4389784984,2023-02-06,2023
5535,https://openalex.org/W1992258937,1988-11-01,1988
5536,https://openalex.org/W1965351802,2009-06-10,2009
5537,https://openalex.org/W2158501528,2013-05-09,2013
5538,https://openalex.org/W2105847279,2003-01-01,2003
5539,https://openalex.org/W2488011323,2016-07-01,2016
5540,https://openalex.org/W4281387369,2022-05-21,2022
5541,https://openalex.org/W4402853093,2024-06-12,2024
5542,https://openalex.org/W4301046395,2018-06-25,2018
5543,https://openalex.org/W2018414957,2007-11-08,2007
5544,https://openalex.org/W4231029303,1993-03-01,1993
5545,https://openalex.org/W2107398705,2007-03-01,2007
5546,https://openalex.org/W2517092238,2015-06-08,2015
5547,https://openalex.org/W1486183887,1993-01-15,1993
5548,https://openalex.org/W4318205018,2023-01-27,2023
5549,https://openalex.org/W1487982978,2010-12-30,2010
5550,https://openalex.org/W3200542430,2021-01-01,2021
5551,https://openalex.org/W2388834599,2008-01-01,2008
5552,https://openalex.org/W15915457,2013-09-01,2013
5553,https://openalex.org/W4389623604,2023-12-12,2023
5554,https://openalex.org/W2103059197,1999-02-01,1999
5555,https://openalex.org/W2417666386,2016-01-01,2016
5556,https://openalex.org/W2034844650,2005-04-14,2005
5557,https://openalex.org/W2328220849,2011-05-23,2011
5558,https://openalex.org/W604127520,1987-12-01,1987
5559,https://openalex.org/W2054024545,1988-05-01,1988
5560,https://openalex.org/W1511490497,2011-05-10,2011
5561,https://openalex.org/W4387021787,2023-09-25,2023
5562,https://openalex.org/W1996630887,2011-09-01,2011
5563,https://openalex.org/W2127623068,2011-03-03,2011
5564,https://openalex.org/W2944349554,2019-05-09,2019
5565,https://openalex.org/W2058604430,1995-01-01,1995
5566,https://openalex.org/W333893417,1968-01-01,1968
5567,https://openalex.org/W2019619882,2007-01-01,2007
5568,https://openalex.org/W3022474818,2020-05-01,2020
5569,https://openalex.org/W1996166018,2005-03-28,2005
5570,https://openalex.org/W2406701791,2016-05-21,2016
5571,https://openalex.org/W2109000789,2008-03-01,2008
5572,https://openalex.org/W1586939936,1995-07-19,1995
5573,https://openalex.org/W2049797561,2006-01-01,2006
5574,https://openalex.org/W4390144063,2023-12-22,2023
5575,https://openalex.org/W1997265333,1994-01-01,1994
5576,https://openalex.org/W281007215,2005-12-31,2005
5577,https://openalex.org/W2549924981,2010-01-01,2010
5578,https://openalex.org/W1706783521,2009-02-01,2009
5579,https://openalex.org/W1990986991,1999-01-01,1999
5580,https://openalex.org/W2141134783,2007-02-01,2007
5581,https://openalex.org/W2026480359,2014-11-17,2014
5582,https://openalex.org/W3180387033,2021-07-06,2021
5583,https://openalex.org/W2364959897,2012-01-01,2012
5584,https://openalex.org/W3007633517,2020-02-27,2020
5585,https://openalex.org/W2782470695,1993-11-01,1993
5586,https://openalex.org/W2001592333,2014-08-11,2014
5587,https://openalex.org/W4239884348,2009-07-17,2009
5588,https://openalex.org/W2045853521,2010-12-02,2010
5589,https://openalex.org/W2558193472,2016-11-29,2016
5590,https://openalex.org/W2989410333,1954-03-27,1954
5591,https://openalex.org/W2774417720,2017-06-01,2017
5592,https://openalex.org/W2480460194,2016-07-25,2016
5593,https://openalex.org/W2902590335,2018-11-01,2018
5594,https://openalex.org/W3166419244,2016-08-02,2016
5595,https://openalex.org/W2007285768,1971-10-01,1971
5596,https://openalex.org/W2021275764,2000-01-01,2000
5597,https://openalex.org/W4200076314,2021-12-02,2021
5598,https://openalex.org/W4200474601,2021-12-17,2021
5599,https://openalex.org/W1487855867,1959-02-01,1959
5600,https://openalex.org/W2372630626,2004-01-01,2004
5601,https://openalex.org/W4396724190,2024-01-01,2024
5602,https://openalex.org/W3153724679,2021-03-01,2021
5603,https://openalex.org/W2057695555,2008-12-22,2008
5604,https://openalex.org/W2296759786,2016-03-10,2016
5605,https://openalex.org/W2004242696,2013-01-01,2013
5606,https://openalex.org/W59117347,1983-01-01,1983
5607,https://openalex.org/W3137881640,2020-12-01,2020
5608,https://openalex.org/W2463978328,1998-01-01,1998
5609,https://openalex.org/W2079399859,2014-09-30,2014
5610,https://openalex.org/W3111729813,2020-11-30,2020
5611,https://openalex.org/W3032155394,2011-03-25,2011
5612,https://openalex.org/W2386310097,2013-01-01,2013
5613,https://openalex.org/W4250938187,2006-11-01,2006
5614,https://openalex.org/W4388629040,2023-04-01,2023
5615,https://openalex.org/W2304886140,2016-03-18,2016
5616,https://openalex.org/W2057713656,2014-05-28,2014
5617,https://openalex.org/W2114524809,2009-10-01,2009
5618,https://openalex.org/W2998972320,2019-12-31,2019
5619,https://openalex.org/W2979871965,2015-12-11,2015
5620,https://openalex.org/W3202603233,2021-08-17,2021
5621,https://openalex.org/W4220959216,2022-03-28,2022
5622,https://openalex.org/W4360977139,2023-03-26,2023
5623,https://openalex.org/W4377200891,2022-11-30,2022
5624,https://openalex.org/W4407073535,2024-11-22,2024
5625,https://openalex.org/W2155952358,2011-11-21,2011
5626,https://openalex.org/W1973780430,2015-03-24,2015
5627,https://openalex.org/W3193539518,2021-05-26,2021
5628,https://openalex.org/W2050578121,1987-02-17,1987
5629,https://openalex.org/W1896395416,2006-09-01,2006
5630,https://openalex.org/W2556225479,2016-11-15,2016
5631,https://openalex.org/W2793703494,2018-01-01,2018
5632,https://openalex.org/W1759489726,2007-07-03,2007
5633,https://openalex.org/W4400268514,2024-07-03,2024
5634,https://openalex.org/W4294031599,2022-09-01,2022
5635,https://openalex.org/W4254907319,1998-08-01,1998
5636,https://openalex.org/W1999685843,2007-05-15,2007
5637,https://openalex.org/W1951460484,1999-04-01,1999
5638,https://openalex.org/W2037521978,1988-04-01,1988
5639,https://openalex.org/W2147660955,2014-02-21,2014
5640,https://openalex.org/W2325173405,2014-05-30,2014
5641,https://openalex.org/W2045250272,2009-10-27,2009
5642,https://openalex.org/W2023286064,2011-01-01,2011
5643,https://openalex.org/W3211093192,2021-08-06,2021
5644,https://openalex.org/W1994428602,2006-07-15,2006
5645,https://openalex.org/W2045473619,2007-05-01,2007
5646,https://openalex.org/W4399327640,2024-06-04,2024
5647,https://openalex.org/W4318618172,2023-01-31,2023
5648,https://openalex.org/W1931267693,2012-04-19,2012
5649,https://openalex.org/W2625711710,2017-06-14,2017
5650,https://openalex.org/W2466247506,1982-01-01,1982
5651,https://openalex.org/W2132290777,2004-04-01,2004
5652,https://openalex.org/W2003156589,1989-01-01,1989
5653,https://openalex.org/W4281702435,2022-06-06,2022
5654,https://openalex.org/W2117314683,2012-01-01,2012
5655,https://openalex.org/W4391044809,2023-06-19,2023
5656,https://openalex.org/W2137786893,2013-07-29,2013
5657,https://openalex.org/W2000077354,1970-01-01,1970
5658,https://openalex.org/W3024738436,2020-05-11,2020
5659,https://openalex.org/W2520484869,2016-01-01,2016
5660,https://openalex.org/W4297094415,2022-09-26,2022
5661,https://openalex.org/W2141114538,2012-05-29,2012
5662,https://openalex.org/W1736076239,2010-09-01,2010
5663,https://openalex.org/W2333819271,2012-01-01,2012
5664,https://openalex.org/W32245236,2007-01-01,2007
5665,https://openalex.org/W2008490038,1994-01-01,1994
5666,https://openalex.org/W1541759019,2009-04-14,2009
5667,https://openalex.org/W3044482490,2020-02-29,2020
5668,https://openalex.org/W3161362704,2021-05-07,2021
5669,https://openalex.org/W2319268313,2013-12-04,2013
5670,https://openalex.org/W2595042171,2016-01-01,2016
5671,https://openalex.org/W2790269451,2018-01-01,2018
5672,https://openalex.org/W2160112747,2002-11-23,2002
5673,https://openalex.org/W2071354439,1974-12-01,1974
5674,https://openalex.org/W2329143197,2013-08-15,2013
5675,https://openalex.org/W2119973301,2004-01-01,2004
5676,https://openalex.org/W2058375537,2013-12-01,2013
5677,https://openalex.org/W2341099553,2017-01-01,2017
5678,https://openalex.org/W2889741598,2018-09-18,2018
5679,https://openalex.org/W2419394680,1996-01-01,1996
5680,https://openalex.org/W4245596853,2003-03-05,2003
5681,https://openalex.org/W7074098884,2017-11-01,2017
5682,https://openalex.org/W2051694023,1999-09-01,1999
5683,https://openalex.org/W4294756224,2022-09-05,2022
5684,https://openalex.org/W3008215755,2019-07-01,2019
5685,https://openalex.org/W4386154383,2016-07-10,2016
5686,https://openalex.org/W1973775776,2002-09-01,2002
5687,https://openalex.org/W3131501576,2021-02-22,2021
5688,https://openalex.org/W3214494638,2021-11-08,2021
5689,https://openalex.org/W4289711485,2022-08-03,2022
5690,https://openalex.org/W3095568932,2020-10-19,2020
5691,https://openalex.org/W1970237276,2014-03-10,2014
5692,https://openalex.org/W1988698953,2004-01-06,2004
5693,https://openalex.org/W2066425910,2009-02-10,2009
5694,https://openalex.org/W4312636844,2022-08-19,2022
5695,https://openalex.org/W4401510489,2024-08-12,2024
5696,https://openalex.org/W2136647164,2009-06-01,2009
5697,https://openalex.org/W2109383385,2010-11-08,2010
5698,https://openalex.org/W2000281730,2014-03-01,2014
5699,https://openalex.org/W3174943011,2021-06-30,2021
5700,https://openalex.org/W2029025262,2013-07-01,2013
5701,https://openalex.org/W2060797486,1995-06-01,1995
5702,https://openalex.org/W2124709964,1999-01-01,1999
5703,https://openalex.org/W2013735215,2007-07-20,2007
5704,https://openalex.org/W2081666268,2005-09-01,2005
5705,https://openalex.org/W4238368604,1998-12-01,1998
5706,https://openalex.org/W2959713094,2019-07-02,2019
5707,https://openalex.org/W4380589897,2023-06-15,2023
5708,https://openalex.org/W2594367243,2017-01-30,2017
5709,https://openalex.org/W3211775293,2021-11-17,2021
5710,https://openalex.org/W1968847246,1992-08-01,1992
5711,https://openalex.org/W2040642583,2014-02-05,2014
5712,https://openalex.org/W2889812919,1980-04-01,1980
5713,https://openalex.org/W2102116449,2003-09-01,2003
5714,https://openalex.org/W2965322788,2019-08-02,2019
5715,https://openalex.org/W1992272911,2011-07-01,2011
5716,https://openalex.org/W2020384940,1988-07-01,1988
5717,https://openalex.org/W2761881553,2017-10-04,2017
5718,https://openalex.org/W2340645246,2016-04-04,2016
5719,https://openalex.org/W1829622275,1996-04-01,1996
5720,https://openalex.org/W2108906583,2013-06-30,2013
5721,https://openalex.org/W1967577725,1972-06-01,1972
5722,https://openalex.org/W2034330558,2002-05-28,2002
5723,https://openalex.org/W2035442089,2008-04-15,2008
5724,https://openalex.org/W3211018051,2021-11-01,2021
5725,https://openalex.org/W2941697239,2019-11-01,2019
5726,https://openalex.org/W2915474012,2019-02-23,2019
5727,https://openalex.org/W2030737520,1980-01-01,1980
5728,https://openalex.org/W32304191,2000-01-01,2000
5729,https://openalex.org/W3184305137,2025-07-18,2025
5730,https://openalex.org/W2806643222,2018-05-30,2018
5731,https://openalex.org/W2153945054,1996-06-01,1996
5732,https://openalex.org/W2156763320,1972-12-01,1972
5733,https://openalex.org/W2409305501,1995-10-01,1995
5734,https://openalex.org/W2211674450,2014-09-01,2014
5735,https://openalex.org/W1885196300,2013-10-30,2013
5736,https://openalex.org/W4290997496,2022-05-27,2022
5737,https://openalex.org/W2155343140,2011-05-01,2011
5738,https://openalex.org/W2890551569,2018-08-14,2018
5739,https://openalex.org/W2039755394,2003-02-01,2003
5740,https://openalex.org/W4302440465,1939-08-01,1939
5741,https://openalex.org/W1977084994,1988-12-15,1988
5742,https://openalex.org/W2156516172,2000-03-01,2000
5743,https://openalex.org/W3209491793,2021-11-02,2021
5744,https://openalex.org/W1619977734,2007-12-18,2007
5745,https://openalex.org/W155178827,2008-04-23,2008
5746,https://openalex.org/W3026036586,2020-05-20,2020
5747,https://openalex.org/W1990524309,2008-05-01,2008
5748,https://openalex.org/W15623938,2011-01-01,2011
5749,https://openalex.org/W2883638082,2017-01-01,2017
5750,https://openalex.org/W2131676402,1997-05-01,1997
5751,https://openalex.org/W2603982485,2014-04-01,2014
5752,https://openalex.org/W2041263968,1981-01-01,1981
5753,https://openalex.org/W4294797014,2022-09-06,2022
5754,https://openalex.org/W3037054278,2020-02-26,2020
5755,https://openalex.org/W2400181968,2005-03-11,2005
5756,https://openalex.org/W4401379111,2024-06-30,2024
5757,https://openalex.org/W2749317681,2017-08-28,2017
5758,https://openalex.org/W4377287569,2023-05-22,2023
5759,https://openalex.org/W2034796911,2002-12-01,2002
5760,https://openalex.org/W2060937550,1945-06-01,1945
5761,https://openalex.org/W4282938407,2022-05-24,2022
5762,https://openalex.org/W2996465988,2019-12-23,2019
5763,https://openalex.org/W2069896490,2011-09-22,2011
5764,https://openalex.org/W2147491110,2006-10-01,2006
5765,https://openalex.org/W2118796720,2011-12-03,2011
5766,https://openalex.org/W3119516131,2021-01-05,2021
5767,https://openalex.org/W2472095988,2016-07-15,2016
5768,https://openalex.org/W2529844081,2015-04-17,2015
5769,https://openalex.org/W2360766026,2010-01-01,2010
5770,https://openalex.org/W4241526790,2018-12-01,2018
5771,https://openalex.org/W1974799856,1994-01-01,1994
5772,https://openalex.org/W4382403818,2023-06-26,2023
5773,https://openalex.org/W2124433503,2013-01-01,2013
5774,https://openalex.org/W2193226386,2015-08-01,2015
5775,https://openalex.org/W2801782041,2018-05-15,2018
5776,https://openalex.org/W3003968563,2011-08-01,2011
5777,https://openalex.org/W2810192319,2018-01-01,2018
5778,https://openalex.org/W1967493620,2013-05-01,2013
5779,https://openalex.org/W2547484169,2013-04-01,2013
5780,https://openalex.org/W2741024158,2013-08-01,2013
5781,https://openalex.org/W2884238863,2011-01-01,2011
5782,https://openalex.org/W4308058252,2022-11-02,2022
5783,https://openalex.org/W4385984216,2023-08-15,2023
5784,https://openalex.org/W2286611439,1928-05-01,1928
5785,https://openalex.org/W2800764692,2017-01-01,2017
5786,https://openalex.org/W1894854447,2015-10-26,2015
5787,https://openalex.org/W2129720806,2009-02-01,2009
5788,https://openalex.org/W1993109249,1951-01-01,1951
5789,https://openalex.org/W2184450547,2008-06-03,2008
5790,https://openalex.org/W3005526650,2020-01-01,2020
5791,https://openalex.org/W1972377868,2011-01-01,2011
5792,https://openalex.org/W4213238780,2022-02-16,2022
5793,https://openalex.org/W2116897882,1996-08-01,1996
5794,https://openalex.org/W7073970753,1999-05-01,1999
5795,https://openalex.org/W2003009934,1974-12-01,1974
5796,https://openalex.org/W2899885931,2018-06-01,2018
5797,https://openalex.org/W2734981798,2017-07-09,2017
5798,https://openalex.org/W2149604454,1984-11-01,1984
5799,https://openalex.org/W3011033459,2020-03-16,2020
5800,https://openalex.org/W2411286496,1977-02-10,1977
5801,https://openalex.org/W4317722107,2023-01-23,2023
5802,https://openalex.org/W3163593377,2021-05-01,2021
5803,https://openalex.org/W2157675451,2010-02-08,2010
5804,https://openalex.org/W2058796754,2004-08-31,2004
5805,https://openalex.org/W4323968960,2016-06-29,2016
5806,https://openalex.org/W2928907890,2019-04-01,2019
5807,https://openalex.org/W219475010,1991-12-01,1991
5808,https://openalex.org/W2181674725,2010-01-01,2010
5809,https://openalex.org/W2320953791,2012-01-01,2012
5810,https://openalex.org/W2408850144,2016-05-30,2016
5811,https://openalex.org/W2511277129,1991-01-01,1991
5812,https://openalex.org/W2508241670,1983-01-01,1983
5813,https://openalex.org/W273474983,1986-02-01,1986
5814,https://openalex.org/W2022061798,1996-04-01,1996
5815,https://openalex.org/W3011395366,2019-11-01,2019
5816,https://openalex.org/W2277098592,2015-06-16,2015
5817,https://openalex.org/W1974178568,1997-09-18,1997
5818,https://openalex.org/W3108736357,2021-05-26,2021
5819,https://openalex.org/W4317826781,2022-07-01,2022
5820,https://openalex.org/W2329766173,2013-12-24,2013
5821,https://openalex.org/W2112350648,1993-03-08,1993
5822,https://openalex.org/W3048856373,2019-11-06,2019
5823,https://openalex.org/W85227141,2014-05-13,2014
5824,https://openalex.org/W1967960833,1988-01-01,1988
5825,https://openalex.org/W2294355739,2016-03-10,2016
5826,https://openalex.org/W7054543790,2011-01-01,2011
5827,https://openalex.org/W4312700692,2022-06-01,2022
5828,https://openalex.org/W1980695769,2001-09-26,2001
5829,https://openalex.org/W1984565349,2009-10-08,2009
5830,https://openalex.org/W2048550930,2011-01-01,2011
5831,https://openalex.org/W2063676148,1992-04-01,1992
5832,https://openalex.org/W606333411,1987-01-01,1987
5833,https://openalex.org/W2279617784,2016-01-15,2016
5834,https://openalex.org/W4233844780,1996-01-24,1996
5835,https://openalex.org/W3157037943,2006-01-01,2006
5836,https://openalex.org/W3121232118,2018-01-16,2018
5837,https://openalex.org/W4251911893,1991-04-01,1991
5838,https://openalex.org/W2149240400,2010-08-31,2010
5839,https://openalex.org/W4392554048,2024-01-01,2024
5840,https://openalex.org/W1888395367,2015-06-01,2015
5841,https://openalex.org/W2157589864,1982-06-01,1982
5842,https://openalex.org/W4385615083,2023-08-06,2023
5843,https://openalex.org/W2330976036,2014-08-21,2014
5844,https://openalex.org/W2143649857,1974-10-01,1974
5845,https://openalex.org/W1608309417,2005-04-11,2005
5846,https://openalex.org/W1981502667,2002-02-01,2002
5847,https://openalex.org/W4230536987,1988-03-01,1988
5848,https://openalex.org/W3020654690,2020-04-24,2020
5849,https://openalex.org/W2189082521,2014-01-01,2014
5850,https://openalex.org/W2904262384,2018-12-14,2018
5851,https://openalex.org/W4404845540,2024-11-29,2024
5852,https://openalex.org/W2026130664,1982-12-15,1982
5853,https://openalex.org/W2891452764,2018-07-27,2018
5854,https://openalex.org/W7075577607,2009-01-01,2009
5855,https://openalex.org/W2064367659,2009-04-01,2009
5856,https://openalex.org/W2374675468,2002-01-01,2002
5857,https://openalex.org/W3043061348,2020-07-14,2020
5858,https://openalex.org/W2003801772,2011-01-01,2011
5859,https://openalex.org/W2144039057,2012-09-21,2012
5860,https://openalex.org/W2978956365,2019-10-04,2019
5861,https://openalex.org/W2021528145,1996-06-01,1996
5862,https://openalex.org/W4283814887,2022-07-05,2022
5863,https://openalex.org/W3097473636,2020-11-04,2020
5864,https://openalex.org/W4379740016,2023-06-05,2023
5865,https://openalex.org/W4401895711,2024-08-28,2024
5866,https://openalex.org/W2320721382,1982-07-01,1982
5867,https://openalex.org/W2014088200,2003-12-08,2003
5868,https://openalex.org/W2316293095,2008-01-01,2008
5869,https://openalex.org/W2155401371,2004-09-01,2004
5870,https://openalex.org/W2802044874,2018-04-01,2018
5871,https://openalex.org/W4411253402,2025-06-12,2025
5872,https://openalex.org/W4210933851,2020-11-13,2020
5873,https://openalex.org/W4280515822,2022-02-28,2022
5874,https://openalex.org/W1994510632,2011-10-11,2011
5875,https://openalex.org/W2083168269,2004-08-25,2004
5876,https://openalex.org/W4312670939,2021-12-30,2021
5877,https://openalex.org/W2077869751,2000-04-01,2000
5878,https://openalex.org/W4247679876,2004-03-01,2004
5879,https://openalex.org/W2768953345,2017-11-09,2017
5880,https://openalex.org/W2399415032,2012-03-01,2012
5881,https://openalex.org/W4404044417,2024-11-02,2024
5882,https://openalex.org/W2298953104,2016-09-06,2016
5883,https://openalex.org/W2899349869,2018-10-29,2018
5884,https://openalex.org/W2321697733,2016-04-06,2016
5885,https://openalex.org/W4366418482,2023-04-19,2023
5886,https://openalex.org/W2156651796,1996-01-01,1996
5887,https://openalex.org/W2044305157,2003-06-13,2003
5888,https://openalex.org/W2034808888,1976-11-01,1976
5889,https://openalex.org/W2142563577,1992-01-01,1992
5890,https://openalex.org/W2167176608,2000-01-01,2000
5891,https://openalex.org/W6959741453,2009-01-02,2009
5892,https://openalex.org/W2003997025,1999-01-01,1999
5893,https://openalex.org/W2340012207,2015-06-01,2015
5894,https://openalex.org/W2987129916,2019-01-01,2019
5895,https://openalex.org/W3123414018,2008-01-01,2008
5896,https://openalex.org/W2795892063,2018-01-01,2018
5897,https://openalex.org/W2006541404,1983-02-01,1983
5898,https://openalex.org/W2972293598,2019-09-06,2019
5899,https://openalex.org/W3197522613,2005-06-01,2005
5900,https://openalex.org/W2017756413,2003-07-15,2003
5901,https://openalex.org/W3209789710,2021-10-19,2021
5902,https://openalex.org/W14529734,2012-01-01,2012
5903,https://openalex.org/W2943010195,2019-04-01,2019
5904,https://openalex.org/W4220791801,2022-04-01,2022
5905,https://openalex.org/W2014007351,2005-06-01,2005
5906,https://openalex.org/W2319664758,2010-11-22,2010
5907,https://openalex.org/W4387031082,2023-01-01,2023
5908,https://openalex.org/W167662590,1964-02-01,1964
5909,https://openalex.org/W4384526064,2023-07-15,2023
5910,https://openalex.org/W2920801476,2019-03-16,2019
5911,https://openalex.org/W6906571082,2020-12-02,2020
5912,https://openalex.org/W4378363729,2023-05-26,2023
5913,https://openalex.org/W2047656798,2000-01-01,2000
5914,https://openalex.org/W2996081599,2019-12-01,2019
5915,https://openalex.org/W2064890820,1994-09-15,1994
5916,https://openalex.org/W2584448017,2017-01-31,2017
5917,https://openalex.org/W2330903344,2012-12-01,2012
5918,https://openalex.org/W1992705325,2014-01-01,2014
5919,https://openalex.org/W2094071436,2001-06-01,2001
5920,https://openalex.org/W7073945990,1996-10-01,1996
5921,https://openalex.org/W2566119849,2017-12-05,2017
5922,https://openalex.org/W2035018596,1994-09-01,1994
5923,https://openalex.org/W2886259918,2018-07-02,2018
5924,https://openalex.org/W2436200917,2016-01-30,2016
5925,https://openalex.org/W4386422388,2023-09-01,2023
5926,https://openalex.org/W3123933670,2015-01-01,2015
5927,https://openalex.org/W2065376500,2000-01-01,2000
5928,https://openalex.org/W2565872961,1994-01-01,1994
5929,https://openalex.org/W2015715527,2005-10-03,2005
5930,https://openalex.org/W2011241696,2010-11-25,2010
5931,https://openalex.org/W2053522181,2011-07-14,2011
5932,https://openalex.org/W4238966481,2018-12-06,2018
5933,https://openalex.org/W2570908980,2016-12-21,2016
5934,https://openalex.org/W2056662969,2009-01-01,2009
5935,https://openalex.org/W2031133529,1999-01-01,1999
5936,https://openalex.org/W4280654060,2022-05-16,2022
5937,https://openalex.org/W1612992353,2002-07-01,2002
5938,https://openalex.org/W3012345228,2020-03-20,2020
5939,https://openalex.org/W3004312754,2019-09-01,2019
5940,https://openalex.org/W1849505415,2005-03-18,2005
5941,https://openalex.org/W3134573035,2021-03-01,2021
5942,https://openalex.org/W3156968886,2021-02-15,2021
5943,https://openalex.org/W4392166307,2024-02-26,2024
5944,https://openalex.org/W2506102182,2016-07-01,2016
5945,https://openalex.org/W2803989461,2018-07-03,2018
5946,https://openalex.org/W4404187155,2024-11-08,2024
5947,https://openalex.org/W1994165808,2007-11-01,2007
5948,https://openalex.org/W2186798781,2009-07-01,2009
5949,https://openalex.org/W2019914962,2012-08-16,2012
5950,https://openalex.org/W2897377998,2015-08-30,2015
5951,https://openalex.org/W4312755548,2022-01-01,2022
5952,https://openalex.org/W4394576060,2024-04-08,2024
5953,https://openalex.org/W2155360833,2004-09-20,2004
5954,https://openalex.org/W4401393262,2024-08-07,2024
5955,https://openalex.org/W3088453788,2020-09-25,2020
5956,https://openalex.org/W2023455207,2012-08-06,2012
5957,https://openalex.org/W2049586207,1970-01-01,1970
5958,https://openalex.org/W4320018585,2023-01-01,2023
5959,https://openalex.org/W2403441396,2003-08-28,2003
5960,https://openalex.org/W2003412209,2008-02-28,2008
5961,https://openalex.org/W1994747279,1983-05-01,1983
5962,https://openalex.org/W3091839203,2020-10-07,2020
5963,https://openalex.org/W2982306658,2019-01-01,2019
5964,https://openalex.org/W2259363913,2016-01-25,2016
5965,https://openalex.org/W2294640169,2014-01-01,2014
5966,https://openalex.org/W3039992793,2020-07-06,2020
5967,https://openalex.org/W2592757791,2017-02-27,2017
5968,https://openalex.org/W4291219640,2022-09-30,2022
5969,https://openalex.org/W2075177133,2005-10-12,2005
5970,https://openalex.org/W2323244348,1980-12-01,1980
5971,https://openalex.org/W3187827103,2021-01-01,2021
5972,https://openalex.org/W2414531794,1972-03-01,1972
5973,https://openalex.org/W4313379092,2022-12-18,2022
5974,https://openalex.org/W2020960998,2013-07-01,2013
5975,https://openalex.org/W4368404609,2023-05-02,2023
5976,https://openalex.org/W2952058808,2005-02-01,2005
5977,https://openalex.org/W2219338244,2015-09-22,2015
5978,https://openalex.org/W4252122675,2000-12-18,2000
5979,https://openalex.org/W2031289429,1972-01-01,1972
5980,https://openalex.org/W1983825351,1972-01-01,1972
5981,https://openalex.org/W1534054728,2006-01-01,2006
5982,https://openalex.org/W2015459788,2002-08-01,2002
5983,https://openalex.org/W4281738941,2022-05-27,2022
5984,https://openalex.org/W2045296738,1992-04-01,1992
5985,https://openalex.org/W4405087538,2024-12-04,2024
5986,https://openalex.org/W1777422638,2007-10-26,2007
5987,https://openalex.org/W2095260577,2014-11-26,2014
5988,https://openalex.org/W2108333349,2012-10-11,2012
5989,https://openalex.org/W4393931114,2024-04-01,2024
5990,https://openalex.org/W2083758538,2003-01-23,2003
5991,https://openalex.org/W2020824221,1991-06-01,1991
5992,https://openalex.org/W3213622775,2021-11-09,2021
5993,https://openalex.org/W2042596846,2012-04-23,2012
5994,https://openalex.org/W2937420973,2019-04-15,2019
5995,https://openalex.org/W2120669001,2012-12-20,2012
5996,https://openalex.org/W2301447381,2016-01-28,2016
5997,https://openalex.org/W2015234703,1998-07-01,1998
5998,https://openalex.org/W2965702776,2019-07-29,2019
5999,https://openalex.org/W1973999121,2012-08-13,2012
6000,https://openalex.org/W2625189448,2017-06-15,2017
6001,https://openalex.org/W2765133642,2017-09-02,2017
6002,https://openalex.org/W4319033743,2023-01-27,2023
6003,https://openalex.org/W4221052296,2022-03-31,2022
6004,https://openalex.org/W4284670615,2022-07-05,2022
6005,https://openalex.org/W107183734,2014-12-29,2014
6006,https://openalex.org/W2564254928,2016-01-01,2016
6007,https://openalex.org/W2103480029,2011-08-09,2011
6008,https://openalex.org/W2796351403,1936-02-01,1936
6009,https://openalex.org/W2061804208,2008-07-08,2008
6010,https://openalex.org/W2136425274,2003-05-28,2003
6011,https://openalex.org/W3088440558,2020-09-17,2020
6012,https://openalex.org/W2416512485,2016-06-01,2016
6013,https://openalex.org/W3148406042,2014-01-01,2014
6014,https://openalex.org/W2107371544,1995-10-01,1995
6015,https://openalex.org/W4390367242,2023-12-28,2023
6016,https://openalex.org/W2095387805,2003-01-01,2003
6017,https://openalex.org/W2615144563,2014-03-01,2014
6018,https://openalex.org/W2022866455,2003-01-01,2003
6019,https://openalex.org/W2167185244,2001-02-01,2001
6020,https://openalex.org/W4319017574,2023-02-02,2023
6021,https://openalex.org/W4403387665,2024-10-14,2024
6022,https://openalex.org/W2969746798,2019-08-22,2019
6023,https://openalex.org/W2789335164,2017-09-01,2017
6024,https://openalex.org/W2918230835,2002-01-01,2002
6025,https://openalex.org/W2030265955,1999-01-11,1999
6026,https://openalex.org/W3012225271,2020-03-17,2020
6027,https://openalex.org/W2259034203,2009-01-01,2009
6028,https://openalex.org/W1974767016,2013-10-01,2013
6029,https://openalex.org/W3030936501,2020-05-26,2020
6030,https://openalex.org/W2785718782,2018-02-02,2018
6031,https://openalex.org/W1974677264,2000-09-01,2000
6032,https://openalex.org/W3098235720,2020-01-01,2020
6033,https://openalex.org/W4403733890,2024-10-24,2024
6034,https://openalex.org/W3209389171,2021-11-05,2021
6035,https://openalex.org/W2145500535,2011-11-01,2011
6036,https://openalex.org/W2324464759,2014-06-04,2014
6037,https://openalex.org/W2944708026,2019-01-01,2019
6038,https://openalex.org/W1903501951,1982-04-01,1982
6039,https://openalex.org/W4376636400,2023-04-15,2023
6040,https://openalex.org/W4235308510,2008-07-23,2008
6041,https://openalex.org/W3122678901,1985-01-01,1985
6042,https://openalex.org/W1747660207,2015-09-21,2015
6043,https://openalex.org/W1987672192,2004-12-01,2004
6044,https://openalex.org/W1559861960,2003-12-02,2003
6045,https://openalex.org/W2951701605,2010-07-06,2010
6046,https://openalex.org/W1658545,2000-05-15,2000
6047,https://openalex.org/W2072763952,1952-01-01,1952
6048,https://openalex.org/W4387219643,2023-09-30,2023
6049,https://openalex.org/W4403305940,2024-10-09,2024
6050,https://openalex.org/W2036518895,2015-03-10,2015
6051,https://openalex.org/W2113477199,1990-10-01,1990
6052,https://openalex.org/W2565716088,2012-10-01,2012
6053,https://openalex.org/W2061451796,2000-01-01,2000
6054,https://openalex.org/W2061539138,2013-06-01,2013
6055,https://openalex.org/W773520781,2002-01-01,2002
6056,https://openalex.org/W4245696840,2021-01-01,2021
6057,https://openalex.org/W2549769174,2016-01-01,2016
6058,https://openalex.org/W4233689498,1978-04-01,1978
6059,https://openalex.org/W4389045855,2023-11-27,2023
6060,https://openalex.org/W3106172173,2018-10-25,2018
6061,https://openalex.org/W2245383229,2015-01-01,2015
6062,https://openalex.org/W2117616731,2005-01-01,2005
6063,https://openalex.org/W4387521833,2023-09-30,2023
6064,https://openalex.org/W2285747616,2015-09-01,2015
6065,https://openalex.org/W2003696821,1941-11-01,1941
6066,https://openalex.org/W2130138900,2000-09-01,2000
6067,https://openalex.org/W4243770611,2013-11-13,2013
6068,https://openalex.org/W2763929814,2017-10-11,2017
6069,https://openalex.org/W2323036426,1940-08-01,1940
6070,https://openalex.org/W1984307368,2001-11-01,2001
6071,https://openalex.org/W4406135608,2025-01-01,2025
6072,https://openalex.org/W2065078894,2006-05-16,2006
6073,https://openalex.org/W2130992886,1998-10-01,1998
6074,https://openalex.org/W2349181682,2012-01-01,2012
6075,https://openalex.org/W4245841024,2008-07-10,2008
6076,https://openalex.org/W2356095105,2008-01-01,2008
6077,https://openalex.org/W2043847489,2005-12-30,2005
6078,https://openalex.org/W2027577066,1997-05-01,1997
6079,https://openalex.org/W2894624991,2018-03-01,2018
6080,https://openalex.org/W2970817504,2019-08-10,2019
6081,https://openalex.org/W3212085523,2021-11-08,2021
6082,https://openalex.org/W1990027410,2006-11-01,2006
6083,https://openalex.org/W2613584075,2017-05-01,2017
6084,https://openalex.org/W4307320867,2022-10-26,2022
6085,https://openalex.org/W2089790027,2011-01-01,2011
6086,https://openalex.org/W2018319024,1992-07-01,1992
6087,https://openalex.org/W2965683172,2019-07-31,2019
6088,https://openalex.org/W2910145970,2018-11-29,2018
6089,https://openalex.org/W2060849649,1990-01-01,1990
6090,https://openalex.org/W3027980681,2020-05-20,2020
6091,https://openalex.org/W2021925073,1994-03-01,1994
6092,https://openalex.org/W2186924693,2009-01-01,2009
6093,https://openalex.org/W2134841199,2013-06-11,2013
6094,https://openalex.org/W2022350326,2009-02-01,2009
6095,https://openalex.org/W148231119,2021-10-05,2021
6096,https://openalex.org/W3037097539,2020-06-23,2020
6097,https://openalex.org/W822665728,2015-03-01,2015
6098,https://openalex.org/W1978429474,1976-04-01,1976
6099,https://openalex.org/W2976118516,2019-09-27,2019
6100,https://openalex.org/W2967240566,2016-06-30,2016
6101,https://openalex.org/W4285390462,2022-07-14,2022
6102,https://openalex.org/W2014158652,2012-09-12,2012
6103,https://openalex.org/W2916715433,2012-01-01,2012
6104,https://openalex.org/W2104965630,2011-11-29,2011
6105,https://openalex.org/W4386631103,2023-07-29,2023
6106,https://openalex.org/W1994059088,2003-03-27,2003
6107,https://openalex.org/W2022110996,1995-01-01,1995
6108,https://openalex.org/W4388846924,2023-11-21,2023
6109,https://openalex.org/W3017282194,2020-04-18,2020
6110,https://openalex.org/W2090993566,1976-01-01,1976
6111,https://openalex.org/W2013011069,1991-07-01,1991
6112,https://openalex.org/W1995354075,2007-07-30,2007
6113,https://openalex.org/W2095637810,1971-10-09,1971
6114,https://openalex.org/W1520752161,2015-01-30,2015
6115,https://openalex.org/W2556170607,2016-11-08,2016
6116,https://openalex.org/W4379601059,2023-06-07,2023
6117,https://openalex.org/W2010508195,1987-08-01,1987
6118,https://openalex.org/W2098466042,2007-12-13,2007
6119,https://openalex.org/W2088929015,1972-11-01,1972
6120,https://openalex.org/W290107612,2006-08-01,2006
6121,https://openalex.org/W2098907233,1999-05-01,1999
6122,https://openalex.org/W2000399626,1996-09-01,1996
6123,https://openalex.org/W3166976658,2021-06-10,2021
6124,https://openalex.org/W2895266179,2018-01-01,2018
6125,https://openalex.org/W7065642392,2014-01-01,2014
6126,https://openalex.org/W2156804011,2005-01-01,2005
6127,https://openalex.org/W2619020088,2017-05-27,2017
6128,https://openalex.org/W2472324110,2016-06-28,2016
6129,https://openalex.org/W2526601380,2016-01-01,2016
6130,https://openalex.org/W2129282928,2004-01-24,2004
6131,https://openalex.org/W1799757670,2009-12-10,2009
6132,https://openalex.org/W3154516541,2021-03-30,2021
6133,https://openalex.org/W2414289348,1997-01-01,1997
6134,https://openalex.org/W2293692565,2016-02-11,2016
6135,https://openalex.org/W370322714,1984-01-01,1984
6136,https://openalex.org/W4205217231,2021-07-28,2021
6137,https://openalex.org/W4295777362,2000-06-01,2000
6138,https://openalex.org/W2329524360,2016-01-01,2016
6139,https://openalex.org/W2983421014,2019-11-15,2019
6140,https://openalex.org/W2013776041,2015-04-08,2015
6141,https://openalex.org/W4220686242,2022-03-07,2022
6142,https://openalex.org/W2079949652,2011-05-31,2011
6143,https://openalex.org/W1975941380,2006-07-07,2006
6144,https://openalex.org/W2039464406,1996-11-01,1996
6145,https://openalex.org/W1820490589,1994-01-01,1994
6146,https://openalex.org/W2953355669,2005-04-07,2005
6147,https://openalex.org/W4320084323,2022-01-01,2022
6148,https://openalex.org/W2822141983,2018-07-12,2018
6149,https://openalex.org/W1966002548,1980-01-01,1980
6150,https://openalex.org/W2016605596,2010-05-01,2010
6151,https://openalex.org/W2094429365,1995-07-01,1995
6152,https://openalex.org/W1968545999,2014-05-01,2014
6153,https://openalex.org/W2790230962,2018-02-23,2018
6154,https://openalex.org/W2021507178,2010-01-01,2010
6155,https://openalex.org/W192312693,2012-06-01,2012
6156,https://openalex.org/W2895010809,2018-10-03,2018
6157,https://openalex.org/W2394651831,2001-04-01,2001
6158,https://openalex.org/W2106338393,2014-09-23,2014
6159,https://openalex.org/W4251155323,2018-05-01,2018
6160,https://openalex.org/W2407002361,1989-01-01,1989
6161,https://openalex.org/W2010972302,1983-12-01,1983
6162,https://openalex.org/W1544759605,2007-01-01,2007
6163,https://openalex.org/W4232896721,2009-03-01,2009
6164,https://openalex.org/W2972926389,2020-01-01,2020
6165,https://openalex.org/W2059419277,2012-08-03,2012
6166,https://openalex.org/W1881411051,2001-04-01,2001
6167,https://openalex.org/W2999186648,2021-04-23,2021
6168,https://openalex.org/W2162153808,1987-08-01,1987
6169,https://openalex.org/W2113664223,1994-12-01,1994
6170,https://openalex.org/W3155504427,2022-09-14,2022
6171,https://openalex.org/W2090768933,2002-01-01,2002
6172,https://openalex.org/W2026080341,2013-08-01,2013
6173,https://openalex.org/W2131867119,2015-02-06,2015
6174,https://openalex.org/W4402067192,2024-08-30,2024
6175,https://openalex.org/W2430961308,1996-06-01,1996
6176,https://openalex.org/W330145653,2014-09-15,2014
6177,https://openalex.org/W2911257709,2019-01-01,2019
6178,https://openalex.org/W4320496595,2023-02-11,2023
6179,https://openalex.org/W2014318340,2015-02-18,2015
6180,https://openalex.org/W4308694171,2022-11-10,2022
6181,https://openalex.org/W2077037957,2006-10-20,2006
6182,https://openalex.org/W2010588413,2003-06-05,2003
6183,https://openalex.org/W2356605451,2013-01-01,2013
6184,https://openalex.org/W2024174451,2012-01-01,2012
6185,https://openalex.org/W1973612113,2008-08-26,2008
6186,https://openalex.org/W1533690164,2012-07-27,2012
6187,https://openalex.org/W2317967461,2005-09-01,2005
6188,https://openalex.org/W2032691746,2011-05-19,2011
6189,https://openalex.org/W2159584322,1985-11-01,1985
6190,https://openalex.org/W2323967116,1986-01-01,1986
6191,https://openalex.org/W3035202438,2020-06-11,2020
6192,https://openalex.org/W1492151964,2015-04-01,2015
6193,https://openalex.org/W2328808393,2005-05-16,2005
6194,https://openalex.org/W2168468502,1988-09-01,1988
6195,https://openalex.org/W6920850284,2020-10-13,2020
6196,https://openalex.org/W1599995024,2009-06-26,2009
6197,https://openalex.org/W1969201282,2011-01-31,2011
6198,https://openalex.org/W7051883997,2021-07-01,2021
6199,https://openalex.org/W7010144049,2003-08-01,2003
6200,https://openalex.org/W3197873479,2021-09-09,2021
6201,https://openalex.org/W181613588,2010-11-23,2010
6202,https://openalex.org/W7070167344,2014-12-17,2014
6203,https://openalex.org/W4321605696,2023-02-23,2023
6204,https://openalex.org/W2972378698,2019-05-28,2019
6205,https://openalex.org/W2185159827,2015-12-03,2015
6206,https://openalex.org/W3149890088,2013-01-01,2013
6207,https://openalex.org/W2063687309,2014-09-10,2014
6208,https://openalex.org/W3165068730,2021-05-23,2021
6209,https://openalex.org/W4413098013,2025-07-29,2025
6210,https://openalex.org/W2043244802,2013-12-30,2013
6211,https://openalex.org/W4282832593,2022-05-16,2022
6212,https://openalex.org/W100802125,1981-01-01,1981
6213,https://openalex.org/W4378765489,2023-05-30,2023
6214,https://openalex.org/W2095113317,1998-01-01,1998
6215,https://openalex.org/W1809869182,2015-07-27,2015
6216,https://openalex.org/W2980283429,2015-12-03,2015
6217,https://openalex.org/W4406171371,2025-01-08,2025
6218,https://openalex.org/W2914305455,2013-09-19,2013
6219,https://openalex.org/W7087650341,2008-04-01,2008
6220,https://openalex.org/W6991758423,2015-01-01,2015
6221,https://openalex.org/W1989242174,2011-01-01,2011
6222,https://openalex.org/W2140921400,2004-09-01,2004
6223,https://openalex.org/W2796320544,2018-04-02,2018
6224,https://openalex.org/W2016487036,2010-01-01,2010
6225,https://openalex.org/W3006550401,2019-01-01,2019
6226,https://openalex.org/W2188169968,2009-01-01,2009
6227,https://openalex.org/W2072285476,1978-01-01,1978
6228,https://openalex.org/W2413964820,1994-01-01,1994
6229,https://openalex.org/W3165348994,2017-12-27,2017
6230,https://openalex.org/W3172659812,2021-06-12,2021
6231,https://openalex.org/W2050259931,2007-01-01,2007
6232,https://openalex.org/W1581402845,2009-10-10,2009
6233,https://openalex.org/W1463691283,2007-09-17,2007
6234,https://openalex.org/W1993723366,1981-01-01,1981
6235,https://openalex.org/W2128034913,2005-06-14,2005
6236,https://openalex.org/W4255840982,1984-07-01,1984
6237,https://openalex.org/W1987266531,1962-10-01,1962
6238,https://openalex.org/W2334351257,1914-01-01,1914
6239,https://openalex.org/W2127810858,2005-03-24,2005
6240,https://openalex.org/W6911021947,2025-05-15,2025
6241,https://openalex.org/W2740668659,2010-01-01,2010
6242,https://openalex.org/W2012453207,2014-11-14,2014
6243,https://openalex.org/W3113607091,2020-11-25,2020
6244,https://openalex.org/W4282549663,2022-06-13,2022
6245,https://openalex.org/W2138714006,1991-08-19,1991
6246,https://openalex.org/W2793204277,2018-03-14,2018
6247,https://openalex.org/W2409373867,2016-06-02,2016
6248,https://openalex.org/W4406184943,2024-11-30,2024
6249,https://openalex.org/W2139137059,2012-07-10,2012
6250,https://openalex.org/W2789461879,2018-03-07,2018
6251,https://openalex.org/W1529552938,1987-12-01,1987
6252,https://openalex.org/W1969404212,2009-09-14,2009
6253,https://openalex.org/W3011453582,2020-03-17,2020
6254,https://openalex.org/W2010967441,2009-01-01,2009
6255,https://openalex.org/W3176012395,2021-06-18,2021
6256,https://openalex.org/W1971124289,2002-09-06,2002
6257,https://openalex.org/W2002563315,2007-03-23,2007
6258,https://openalex.org/W4377030709,2023-05-18,2023
6259,https://openalex.org/W2583927402,2017-01-31,2017
6260,https://openalex.org/W2091559392,1997-01-01,1997
6261,https://openalex.org/W1970524676,1983-10-22,1983
6262,https://openalex.org/W3107471280,2020-11-24,2020
6263,https://openalex.org/W2375981314,2009-01-01,2009
6264,https://openalex.org/W2361280886,2003-01-01,2003
6265,https://openalex.org/W3039767651,2020-05-08,2020
6266,https://openalex.org/W2409186072,1983-10-01,1983
6267,https://openalex.org/W4311361835,2022-11-30,2022
6268,https://openalex.org/W4401331982,2024-08-05,2024
6269,https://openalex.org/W4406451892,2025-01-17,2025
6270,https://openalex.org/W2020095683,2013-01-01,2013
6271,https://openalex.org/W1935535498,2015-07-01,2015
6272,https://openalex.org/W3028060815,2020-01-01,2020
6273,https://openalex.org/W3165233741,2021-05-21,2021
6274,https://openalex.org/W2162739310,2003-07-01,2003
6275,https://openalex.org/W2039215350,2013-04-04,2013
6276,https://openalex.org/W2419018350,2002-11-04,2002
6277,https://openalex.org/W2056893346,1998-12-08,1998
6278,https://openalex.org/W2134338499,2011-07-05,2011
6279,https://openalex.org/W3006141532,2018-04-25,2018
6280,https://openalex.org/W2055020674,2009-03-10,2009
6281,https://openalex.org/W2186234581,2014-01-01,2014
6282,https://openalex.org/W2346719123,2013-01-30,2013
6283,https://openalex.org/W3005335576,2020-02-04,2020
6284,https://openalex.org/W2743306763,2007-01-01,2007
6285,https://openalex.org/W2340318412,2016-06-08,2016
6286,https://openalex.org/W2796787512,2018-04-09,2018
6287,https://openalex.org/W2951074358,2019-06-24,2019
6288,https://openalex.org/W2126691849,1997-10-01,1997
6289,https://openalex.org/W2093455243,2003-07-15,2003
6290,https://openalex.org/W2146839209,2012-03-22,2012
6291,https://openalex.org/W4255621902,1939-02-01,1939
6292,https://openalex.org/W3216669776,1969-05-01,1969
6293,https://openalex.org/W3116870294,2020-01-01,2020
6294,https://openalex.org/W4405467348,2024-12-17,2024
6295,https://openalex.org/W2124026121,2002-11-22,2002
6296,https://openalex.org/W2142099066,2005-12-23,2005
6297,https://openalex.org/W2379840412,2005-01-01,2005
6298,https://openalex.org/W2902769478,2018-11-26,2018
6299,https://openalex.org/W6929366677,2022-03-20,2022
6300,https://openalex.org/W4281761984,2022-06-09,2022
6301,https://openalex.org/W2031116570,1986-01-01,1986
6302,https://openalex.org/W3094121941,2020-10-22,2020
6303,https://openalex.org/W4296876647,2022-09-23,2022
6304,https://openalex.org/W2531643005,1996-01-01,1996
6305,https://openalex.org/W2102823748,2005-10-01,2005
6306,https://openalex.org/W1964631034,2008-07-16,2008
6307,https://openalex.org/W2973655045,2019-09-18,2019
6308,https://openalex.org/W2138842623,2006-01-31,2006
6309,https://openalex.org/W2124119170,1999-05-01,1999
6310,https://openalex.org/W2471933862,2016-06-23,2016
6311,https://openalex.org/W2008286696,2012-10-25,2012
6312,https://openalex.org/W2134687374,2014-04-15,2014
6313,https://openalex.org/W1999469068,1987-06-01,1987
6314,https://openalex.org/W2123102670,2002-11-07,2002
6315,https://openalex.org/W2133451077,2014-03-19,2014
6316,https://openalex.org/W910578938,2015-04-01,2015
6317,https://openalex.org/W2740862170,2017-07-27,2017
6318,https://openalex.org/W4301174453,2008-01-01,2008
6319,https://openalex.org/W2000914804,2006-10-01,2006
6320,https://openalex.org/W2592116127,2017-03-01,2017
6321,https://openalex.org/W4213082006,2017-05-04,2017
6322,https://openalex.org/W2022702734,2014-07-15,2014
6323,https://openalex.org/W4311633593,2022-12-06,2022
6324,https://openalex.org/W2048086821,2005-01-01,2005
6325,https://openalex.org/W2996086560,2019-01-01,2019
6326,https://openalex.org/W2954734260,2019-06-28,2019
6327,https://openalex.org/W4200336892,2021-12-01,2021
6328,https://openalex.org/W2588797876,1977-05-01,1977
6329,https://openalex.org/W4387676623,2023-09-30,2023
6330,https://openalex.org/W2005231101,2006-10-31,2006
6331,https://openalex.org/W2029100199,2003-08-01,2003
6332,https://openalex.org/W1983939474,2006-03-01,2006
6333,https://openalex.org/W3012019178,2019-12-01,2019
6334,https://openalex.org/W1500365126,2011-08-25,2011
6335,https://openalex.org/W3175641574,2021-06-24,2021
6336,https://openalex.org/W1976792094,1978-02-01,1978
6337,https://openalex.org/W2029103084,1996-12-01,1996
6338,https://openalex.org/W2317026027,2012-04-01,2012
6339,https://openalex.org/W3130809224,2021-01-22,2021
6340,https://openalex.org/W3013588000,2019-09-30,2019
6341,https://openalex.org/W2791312728,2018-01-01,2018
6342,https://openalex.org/W2596677655,2017-03-13,2017
6343,https://openalex.org/W2804977045,2017-08-01,2017
6344,https://openalex.org/W4213437290,2022-01-01,2022
6345,https://openalex.org/W2524111760,2011-06-01,2011
6346,https://openalex.org/W2767299446,2017-09-01,2017
6347,https://openalex.org/W2130894765,1993-01-01,1993
6348,https://openalex.org/W2068052469,1994-07-01,1994
6349,https://openalex.org/W2050877434,2013-01-01,2013
6350,https://openalex.org/W2331226910,1949-11-01,1949
6351,https://openalex.org/W2029871527,2009-07-31,2009
6352,https://openalex.org/W2113892994,2008-04-01,2008
6353,https://openalex.org/W2739510030,2017-07-27,2017
6354,https://openalex.org/W2037109911,2008-09-23,2008
6355,https://openalex.org/W2906563102,2018-12-22,2018
6356,https://openalex.org/W2923766898,2014-12-01,2014
6357,https://openalex.org/W4387572664,2023-09-20,2023
6358,https://openalex.org/W4210453013,2022-02-01,2022
6359,https://openalex.org/W2185636145,2007-12-31,2007
6360,https://openalex.org/W4396882112,2024-09-16,2024
6361,https://openalex.org/W2335516415,1975-03-17,1975
6362,https://openalex.org/W2593313990,2016-12-31,2016
6363,https://openalex.org/W2033844399,2000-11-24,2000
6364,https://openalex.org/W950325709,2015-03-03,2015
6365,https://openalex.org/W638269048,1994-01-01,1994
6366,https://openalex.org/W2014021455,2013-09-27,2013
6367,https://openalex.org/W3080768635,2020-08-17,2020
6368,https://openalex.org/W2070862864,2002-08-01,2002
6369,https://openalex.org/W1966016012,1982-05-01,1982
6370,https://openalex.org/W2033367179,2009-01-01,2009
6371,https://openalex.org/W2367284896,2007-01-01,2007
6372,https://openalex.org/W4406832836,2025-01-27,2025
6373,https://openalex.org/W2075290908,1983-06-01,1983
6374,https://openalex.org/W4303983265,2022-10-09,2022
6375,https://openalex.org/W4376120071,2023-05-10,2023
6376,https://openalex.org/W4200171292,2021-01-01,2021
6377,https://openalex.org/W2519948496,2016-01-01,2016
6378,https://openalex.org/W2073888562,1996-10-01,1996
6379,https://openalex.org/W2124698774,1991-07-01,1991
6380,https://openalex.org/W4391441309,1964-01-01,1964
6381,https://openalex.org/W3138480175,2020-11-08,2020
6382,https://openalex.org/W1995728702,1958-05-31,1958
6383,https://openalex.org/W3156756389,2020-08-31,2020
6384,https://openalex.org/W2333856897,2012-01-01,2012
6385,https://openalex.org/W4309332631,2022-11-16,2022
6386,https://openalex.org/W3194372858,2021-08-17,2021
6387,https://openalex.org/W2036249978,2004-01-01,2004
6388,https://openalex.org/W2532412475,2016-10-19,2016
6389,https://openalex.org/W3036253146,2020-06-20,2020
6390,https://openalex.org/W2063693603,1992-03-24,1992
6391,https://openalex.org/W2320634639,1991-05-01,1991
6392,https://openalex.org/W2151454788,1994-10-01,1994
6393,https://openalex.org/W1521002306,2011-01-31,2011
6394,https://openalex.org/W2320391390,2011-10-05,2011
6395,https://openalex.org/W2057174513,2008-08-01,2008
6396,https://openalex.org/W4390678398,2023-11-20,2023
6397,https://openalex.org/W1991984638,2010-01-01,2010
6398,https://openalex.org/W2312435242,1987-01-01,1987
6399,https://openalex.org/W2312913308,2005-01-01,2005
6400,https://openalex.org/W3032152751,2020-05-20,2020
6401,https://openalex.org/W4289952947,2022-08-04,2022
6402,https://openalex.org/W3001867526,2020-01-22,2020
6403,https://openalex.org/W4404586965,2024-11-21,2024
6404,https://openalex.org/W4391325294,2024-01-01,2024
6405,https://openalex.org/W2154088147,1995-03-01,1995
6406,https://openalex.org/W2148109568,2008-05-22,2008
6407,https://openalex.org/W2086677925,1962-11-01,1962
6408,https://openalex.org/W78046797,1999-10-01,1999
6409,https://openalex.org/W2110244141,2007-10-01,2007
6410,https://openalex.org/W2116755417,2013-05-01,2013
6411,https://openalex.org/W2726600420,2017-04-01,2017
6412,https://openalex.org/W276245677,2014-01-01,2014
6413,https://openalex.org/W3047402740,2020-08-03,2020
6414,https://openalex.org/W2333259307,2012-12-11,2012
6415,https://openalex.org/W4247156488,1998-01-01,1998
6416,https://openalex.org/W2088773990,2010-01-01,2010
6417,https://openalex.org/W2030863609,2006-01-01,2006
6418,https://openalex.org/W2013294597,2003-07-01,2003
6419,https://openalex.org/W2116855181,2001-05-18,2001
6420,https://openalex.org/W2904556611,2018-12-10,2018
6421,https://openalex.org/W2133573498,2008-10-01,2008
6422,https://openalex.org/W2058749395,1998-08-01,1998
6423,https://openalex.org/W2000948604,2004-12-31,2004
6424,https://openalex.org/W2418182801,1998-08-01,1998
6425,https://openalex.org/W2943446439,2019-04-25,2019
6426,https://openalex.org/W2170783628,2011-03-07,2011
6427,https://openalex.org/W2724984895,2017-06-01,2017
6428,https://openalex.org/W1552359778,1992-12-01,1992
6429,https://openalex.org/W4405438951,2024-12-16,2024
6430,https://openalex.org/W4283009734,2022-06-16,2022
6431,https://openalex.org/W4246809937,1952-01-01,1952
6432,https://openalex.org/W1531377717,1967-09-01,1967
6433,https://openalex.org/W2307682716,2012-01-01,2012
6434,https://openalex.org/W1982523877,1995-01-01,1995
6435,https://openalex.org/W2149448947,1996-05-01,1996
6436,https://openalex.org/W2089490005,2008-08-21,2008
6437,https://openalex.org/W2018765988,2015-01-10,2015
6438,https://openalex.org/W125001513,1991-01-01,1991
6439,https://openalex.org/W3013364393,2019-01-01,2019
6440,https://openalex.org/W2767352935,2017-11-10,2017
6441,https://openalex.org/W1981759266,2000-10-01,2000
6442,https://openalex.org/W2921538697,2019-02-01,2019
6443,https://openalex.org/W1901579352,2015-07-02,2015
6444,https://openalex.org/W2282173164,1969-09-01,1969
6445,https://openalex.org/W2019553804,2005-11-23,2005
6446,https://openalex.org/W2017199755,1993-01-01,1993
6447,https://openalex.org/W2603050980,2017-03-31,2017
6448,https://openalex.org/W2117822539,2013-07-15,2013
6449,https://openalex.org/W2504145598,2016-06-01,2016
6450,https://openalex.org/W4225793521,2021-12-01,2021
6451,https://openalex.org/W2071671115,1999-12-01,1999
6452,https://openalex.org/W2016385638,2009-10-12,2009
6453,https://openalex.org/W2941715143,2007-03-21,2007
6454,https://openalex.org/W2353946502,2014-01-01,2014
6455,https://openalex.org/W2029574910,1965-01-01,1965
6456,https://openalex.org/W2968377105,2019-08-15,2019
6457,https://openalex.org/W2011851818,1970-07-01,1970
6458,https://openalex.org/W2165785801,2003-10-30,2003
6459,https://openalex.org/W2939657740,2018-03-30,2018
6460,https://openalex.org/W2127656962,1994-06-01,1994
6461,https://openalex.org/W2108316849,2012-10-29,2012
6462,https://openalex.org/W4400619754,2024-07-14,2024
6463,https://openalex.org/W3137750821,2021-03-14,2021
6464,https://openalex.org/W2046227514,2013-09-30,2013
6465,https://openalex.org/W1972339363,1989-12-01,1989
6466,https://openalex.org/W1666198725,1993-12-07,1993
6467,https://openalex.org/W4322630958,2023-02-27,2023
6468,https://openalex.org/W3151950299,2021-01-01,2021
6469,https://openalex.org/W2002485272,2004-07-23,2004
6470,https://openalex.org/W2159370977,2010-05-28,2010
6471,https://openalex.org/W1973849985,2008-04-01,2008
6472,https://openalex.org/W2074737225,1982-08-01,1982
6473,https://openalex.org/W2964755344,2019-07-25,2019
6474,https://openalex.org/W2415176581,1991-12-31,1991
6475,https://openalex.org/W3122050929,2014-01-01,2014
6476,https://openalex.org/W2187408039,2011-01-01,2011
6477,https://openalex.org/W3091884260,2020-10-01,2020
6478,https://openalex.org/W2621841497,2017-09-01,2017
6479,https://openalex.org/W2020379705,2004-12-22,2004
6480,https://openalex.org/W64036813,1986-07-23,1986
6481,https://openalex.org/W2043018576,2009-06-16,2009
6482,https://openalex.org/W2001138404,2013-05-16,2013
6483,https://openalex.org/W2914256782,2019-01-25,2019
6484,https://openalex.org/W4214733890,2020-02-04,2020
6485,https://openalex.org/W2127770467,2010-01-01,2010
6486,https://openalex.org/W2161571887,2009-06-14,2009
6487,https://openalex.org/W2064613286,1964-05-01,1964
6488,https://openalex.org/W3124188427,2021-01-25,2021
6489,https://openalex.org/W4313430526,2022-12-19,2022
6490,https://openalex.org/W2754081724,2017-01-01,2017
6491,https://openalex.org/W4281680829,2022-06-01,2022
6492,https://openalex.org/W4235677011,2019-01-21,2019
6493,https://openalex.org/W2584586834,2016-12-01,2016
6494,https://openalex.org/W2130316596,2013-06-01,2013
6495,https://openalex.org/W2159580700,2015-10-15,2015
6496,https://openalex.org/W2082198463,2012-04-10,2012
6497,https://openalex.org/W3125292944,2020-04-28,2020
6498,https://openalex.org/W2102359565,2008-06-04,2008
6499,https://openalex.org/W3127412393,2020-11-28,2020
6500,https://openalex.org/W2411323556,2002-10-01,2002
6501,https://openalex.org/W2884543034,2017-11-01,2017
6502,https://openalex.org/W3118910827,2021-04-06,2021
6503,https://openalex.org/W4308807234,2022-10-26,2022
6504,https://openalex.org/W4403761604,2024-10-25,2024
6505,https://openalex.org/W2193014478,2005-04-01,2005
6506,https://openalex.org/W1957060535,1998-01-01,1998
6507,https://openalex.org/W2605878031,2017-01-01,2017
6508,https://openalex.org/W1691115796,1994-01-01,1994
6509,https://openalex.org/W596592775,1971-01-01,1971
6510,https://openalex.org/W2254624546,1991-12-01,1991
6511,https://openalex.org/W2026622898,2006-04-01,2006
6512,https://openalex.org/W2155223361,1997-12-01,1997
6513,https://openalex.org/W1720913811,1993-11-01,1993
6514,https://openalex.org/W1989752575,2002-06-15,2002
6515,https://openalex.org/W4200232676,2021-12-28,2021
6516,https://openalex.org/W1987673761,2012-11-01,2012
6517,https://openalex.org/W2414403566,2015-08-17,2015
6518,https://openalex.org/W2008373631,1995-08-01,1995
6519,https://openalex.org/W3080362846,2020-08-20,2020
6520,https://openalex.org/W2098880828,2009-10-15,2009
6521,https://openalex.org/W3206415735,2021-01-01,2021
6522,https://openalex.org/W4367317785,2023-04-27,2023
6523,https://openalex.org/W2950519345,2019-06-12,2019
6524,https://openalex.org/W2388616563,2013-01-01,2013
6525,https://openalex.org/W4404823141,2024-11-28,2024
6526,https://openalex.org/W4391332521,2021-12-17,2021
6527,https://openalex.org/W2621349812,2017-04-01,2017
6528,https://openalex.org/W6945210262,2023-05-01,2023
6529,https://openalex.org/W2210025319,2015-12-01,2015
6530,https://openalex.org/W4390342362,2023-12-28,2023
6531,https://openalex.org/W928273933,1999-09-01,1999
6532,https://openalex.org/W1673782286,2015-08-01,2015
6533,https://openalex.org/W2006141633,2013-11-06,2013
6534,https://openalex.org/W2246850472,2015-11-01,2015
6535,https://openalex.org/W2341691204,2016-04-01,2016
6536,https://openalex.org/W4400412999,2024-07-06,2024
6537,https://openalex.org/W2120170481,2008-08-12,2008
6538,https://openalex.org/W2022811614,1985-04-01,1985
6539,https://openalex.org/W2023547800,1970-06-01,1970
6540,https://openalex.org/W4292862884,2022-08-07,2022
6541,https://openalex.org/W2795291772,2018-03-26,2018
6542,https://openalex.org/W2006439844,1973-03-01,1973
6543,https://openalex.org/W2181869254,2012-02-01,2012
6544,https://openalex.org/W2948146181,2019-03-01,2019
6545,https://openalex.org/W3120907790,2021-01-14,2021
6546,https://openalex.org/W2023145696,1994-12-01,1994
6547,https://openalex.org/W2143807546,2014-01-01,2014
6548,https://openalex.org/W4315491057,2023-01-09,2023
6549,https://openalex.org/W4200491153,2021-12-28,2021
6550,https://openalex.org/W2093897433,1975-12-01,1975
6551,https://openalex.org/W2009435644,2014-05-23,2014
6552,https://openalex.org/W1480724998,2015-07-21,2015
6553,https://openalex.org/W2034130113,1996-12-02,1996
6554,https://openalex.org/W4402035849,2024-08-30,2024
6555,https://openalex.org/W2135871464,2009-09-30,2009
6556,https://openalex.org/W4238429579,2005-07-01,2005
6557,https://openalex.org/W4409571171,1969-03-10,1969
6558,https://openalex.org/W2483730659,2016-08-11,2016
6559,https://openalex.org/W2108901221,2005-06-16,2005
6560,https://openalex.org/W2084598522,2012-01-01,2012
6561,https://openalex.org/W2047293079,1974-01-01,1974
6562,https://openalex.org/W2027165635,2008-03-01,2008
6563,https://openalex.org/W1968237035,1971-12-01,1971
6564,https://openalex.org/W2043324081,1970-08-01,1970
6565,https://openalex.org/W2062684287,2004-10-01,2004
6566,https://openalex.org/W1494510678,2007-08-22,2007
6567,https://openalex.org/W4210679198,2022-01-31,2022
6568,https://openalex.org/W2110942893,1999-05-01,1999
6569,https://openalex.org/W2118905035,1999-05-01,1999
6570,https://openalex.org/W1972313955,2011-12-11,2011
6571,https://openalex.org/W4286587865,2022-07-21,2022
6572,https://openalex.org/W4402973138,2024-09-30,2024
6573,https://openalex.org/W2957153969,2019-07-12,2019
6574,https://openalex.org/W2329300826,1991-01-01,1991
6575,https://openalex.org/W4390050518,2023-12-21,2023
6576,https://openalex.org/W2079661951,2011-10-01,2011
6577,https://openalex.org/W4382197579,2023-06-27,2023
6578,https://openalex.org/W4408093607,2025-03-01,2025
6579,https://openalex.org/W1990640401,2006-08-16,2006
6580,https://openalex.org/W4392388087,2024-03-01,2024
6581,https://openalex.org/W2030600109,1999-12-01,1999
6582,https://openalex.org/W2588421572,2016-10-01,2016
6583,https://openalex.org/W1504878800,1988-09-01,1988
6584,https://openalex.org/W4306391564,2022-10-15,2022
6585,https://openalex.org/W2612591632,2017-04-03,2017
6586,https://openalex.org/W2004955212,2013-09-26,2013
6587,https://openalex.org/W4380324925,2023-05-04,2023
6588,https://openalex.org/W2808203724,2018-06-11,2018
6589,https://openalex.org/W2330025564,2014-11-17,2014
6590,https://openalex.org/W2080912408,1966-01-29,1966
6591,https://openalex.org/W4393105575,2024-03-22,2024
6592,https://openalex.org/W2901825141,2016-12-01,2016
6593,https://openalex.org/W2902346957,2018-11-27,2018
6594,https://openalex.org/W32593688,1999-04-28,1999
6595,https://openalex.org/W4396217762,2024-04-28,2024
6596,https://openalex.org/W1976841241,2013-08-08,2013
6597,https://openalex.org/W25522641,1976-01-01,1976
6598,https://openalex.org/W2283226758,2015-10-01,2015
6599,https://openalex.org/W1548777273,2012-11-16,2012
6600,https://openalex.org/W1506112645,1992-08-01,1992
6601,https://openalex.org/W2035311988,2010-11-30,2010
6602,https://openalex.org/W2152896908,2011-01-01,2011
6603,https://openalex.org/W2163024055,2013-01-10,2013
6604,https://openalex.org/W2045695358,2009-02-18,2009
6605,https://openalex.org/W1917612634,2011-08-08,2011
6606,https://openalex.org/W260123577,1966-02-01,1966
6607,https://openalex.org/W3091145025,2020-10-02,2020
6608,https://openalex.org/W2061688529,2012-11-01,2012
6609,https://openalex.org/W4234264081,2019-07-01,2019
6610,https://openalex.org/W4362586807,2023-03-31,2023
6611,https://openalex.org/W2252942104,2015-11-24,2015
6612,https://openalex.org/W4287888457,2022-01-01,2022
6613,https://openalex.org/W1563184097,2009-07-01,2009
6614,https://openalex.org/W2056751493,2015-03-19,2015
6615,https://openalex.org/W4238668926,1977-02-01,1977
6616,https://openalex.org/W2391011037,2011-01-01,2011
6617,https://openalex.org/W1988551198,2009-08-19,2009
6618,https://openalex.org/W2791387749,2018-01-01,2018
6619,https://openalex.org/W2594418556,2017-01-04,2017
6620,https://openalex.org/W2512963576,1997-09-01,1997
6621,https://openalex.org/W2250251043,1995-01-01,1995
6622,https://openalex.org/W2209009808,2015-11-01,2015
6623,https://openalex.org/W2410739852,2007-01-01,2007
6624,https://openalex.org/W2063444546,1995-11-01,1995
6625,https://openalex.org/W2057568511,2006-07-11,2006
6626,https://openalex.org/W2341024912,2014-01-01,2014
6627,https://openalex.org/W1978637977,2010-03-30,2010
6628,https://openalex.org/W3035201191,2020-06-16,2020
6629,https://openalex.org/W4283076424,2022-06-18,2022
6630,https://openalex.org/W2407660413,1992-09-01,1992
6631,https://openalex.org/W2956827939,2019-01-01,2019
6632,https://openalex.org/W4235033335,2007-04-01,2007
6633,https://openalex.org/W3033024878,2020-01-15,2020
6634,https://openalex.org/W3111141617,2020-12-13,2020
6635,https://openalex.org/W2029103076,1992-12-01,1992
6636,https://openalex.org/W1996933618,1979-03-12,1979
6637,https://openalex.org/W2033170941,1991-01-01,1991
6638,https://openalex.org/W2108238489,2002-11-19,2002
6639,https://openalex.org/W2198298357,2006-01-01,2006
6640,https://openalex.org/W2149978395,2007-11-01,2007
6641,https://openalex.org/W2018548944,2003-07-01,2003
6642,https://openalex.org/W4400653071,2024-07-15,2024
6643,https://openalex.org/W2595721946,1974-01-01,1974
6644,https://openalex.org/W2767145070,2017-10-18,2017
6645,https://openalex.org/W604216394,1970-03-01,1970
6646,https://openalex.org/W3047930904,2020-08-01,2020
6647,https://openalex.org/W2100713358,2012-01-01,2012
6648,https://openalex.org/W2090813885,1994-01-01,1994
6649,https://openalex.org/W4390975918,2024-01-05,2024
6650,https://openalex.org/W2278125772,1974-02-01,1974
6651,https://openalex.org/W2284388155,2007-01-01,2007
6652,https://openalex.org/W4207032903,2022-01-24,2022
6653,https://openalex.org/W4319439693,2019-05-30,2019
6654,https://openalex.org/W2473903537,2002-10-01,2002
6655,https://openalex.org/W3197650976,2021-08-30,2021
6656,https://openalex.org/W2139133344,2004-07-01,2004
6657,https://openalex.org/W120961662,2000-10-01,2000
6658,https://openalex.org/W2027266889,1992-04-01,1992
6659,https://openalex.org/W4392399901,2024-01-01,2024
6660,https://openalex.org/W4395081598,2024-04-24,2024
6661,https://openalex.org/W1619093546,2010-01-01,2010
6662,https://openalex.org/W1972854571,2008-06-01,2008
6663,https://openalex.org/W1994632088,2024-08-29,2024
6664,https://openalex.org/W3136855045,2021-01-27,2021
6665,https://openalex.org/W2951386886,2019-06-21,2019
6666,https://openalex.org/W2160587770,1991-05-01,1991
6667,https://openalex.org/W2947633108,2019-08-19,2019
6668,https://openalex.org/W2082270326,1992-07-01,1992
6669,https://openalex.org/W4319601170,2023-02-07,2023
6670,https://openalex.org/W2156098021,1986-01-01,1986
6671,https://openalex.org/W2471854251,2024-08-29,2024
6672,https://openalex.org/W4254239906,2002-01-01,2002
6673,https://openalex.org/W2063576113,1998-01-01,1998
6674,https://openalex.org/W1498678092,2003-01-20,2003
6675,https://openalex.org/W1986551192,2006-02-02,2006
6676,https://openalex.org/W2135200175,1988-01-01,1988
6677,https://openalex.org/W1997495171,2009-01-01,2009
6678,https://openalex.org/W4315647635,2023-01-11,2023
6679,https://openalex.org/W4232612766,2005-02-01,2005
6680,https://openalex.org/W1485391064,2005-01-01,2005
6681,https://openalex.org/W4372319687,2023-05-04,2023
6682,https://openalex.org/W7005246828,2018-09-01,2018
6683,https://openalex.org/W2783300406,2018-01-09,2018
6684,https://openalex.org/W651057970,1954-10-09,1954
6685,https://openalex.org/W1631076104,2003-05-01,2003
6686,https://openalex.org/W193143797,1999-01-01,1999
6687,https://openalex.org/W4390147807,2023-07-30,2023
6688,https://openalex.org/W19450112,1992-01-01,1992
6689,https://openalex.org/W2035212661,1956-05-01,1956
6690,https://openalex.org/W2803187445,2018-05-22,2018
6691,https://openalex.org/W2408176968,1992-03-01,1992
6692,https://openalex.org/W2560812110,2016-12-07,2016
6693,https://openalex.org/W2155596531,2006-05-22,2006
6694,https://openalex.org/W2045633949,1982-02-01,1982
6695,https://openalex.org/W2348197927,2010-12-01,2010
6696,https://openalex.org/W2030157708,1996-02-01,1996
6697,https://openalex.org/W2557783710,2016-11-30,2016
6698,https://openalex.org/W3102903426,2020-01-01,2020
6699,https://openalex.org/W2051659138,1995-01-01,1995
6700,https://openalex.org/W2037024129,1993-07-01,1993
6701,https://openalex.org/W2332560361,2013-10-21,2013
6702,https://openalex.org/W4213449292,2022-02-24,2022
6703,https://openalex.org/W1986312131,2003-07-01,2003
6704,https://openalex.org/W1984815532,1956-04-01,1956
6705,https://openalex.org/W2426205065,1986-01-01,1986
6706,https://openalex.org/W2606547093,2019-12-19,2019
6707,https://openalex.org/W2480798959,2016-08-01,2016
6708,https://openalex.org/W2072437653,2011-06-21,2011
6709,https://openalex.org/W3134140047,2021-03-01,2021
6710,https://openalex.org/W2077650983,2005-10-06,2005
6711,https://openalex.org/W639632597,1942-11-01,1942
6712,https://openalex.org/W2038888010,2001-04-03,2001
6713,https://openalex.org/W2020946338,1996-09-01,1996
6714,https://openalex.org/W1919146403,2015-01-01,2015
6715,https://openalex.org/W1977118087,2009-01-01,2009
6716,https://openalex.org/W2397254916,2001-12-07,2001
6717,https://openalex.org/W2418710796,2006-06-01,2006
6718,https://openalex.org/W2130826403,1997-01-01,1997
6719,https://openalex.org/W2012718266,1968-03-01,1968
6720,https://openalex.org/W4313824693,2023-01-07,2023
6721,https://openalex.org/W234565405,1998-01-01,1998
6722,https://openalex.org/W3000657153,2020-01-10,2020
6723,https://openalex.org/W3163189794,2022-04-02,2022
6724,https://openalex.org/W2057405542,1951-12-01,1951
6725,https://openalex.org/W2093693991,2007-08-07,2007
6726,https://openalex.org/W2898977742,2018-10-30,2018
6727,https://openalex.org/W2622292313,2017-06-08,2017
6728,https://openalex.org/W2319708605,2013-01-01,2013
6729,https://openalex.org/W2975479544,2019-07-01,2019
6730,https://openalex.org/W3003339633,2020-01-31,2020
6731,https://openalex.org/W3157657889,2021-05-05,2021
6732,https://openalex.org/W1990487020,2012-07-16,2012
6733,https://openalex.org/W1963515199,2010-12-08,2010
6734,https://openalex.org/W4365138588,2023-04-12,2023
6735,https://openalex.org/W4241638822,1999-01-01,1999
6736,https://openalex.org/W3185231276,2021-07-24,2021
6737,https://openalex.org/W2026315860,2011-01-01,2011
6738,https://openalex.org/W4318940200,2023-02-03,2023
6739,https://openalex.org/W3004676100,2020-01-01,2020
6740,https://openalex.org/W2003816577,2012-06-01,2012
6741,https://openalex.org/W2552452069,2017-01-01,2017
6742,https://openalex.org/W4297875012,2022-09-20,2022
6743,https://openalex.org/W2088184791,1984-08-01,1984
6744,https://openalex.org/W2895885519,2018-10-24,2018
6745,https://openalex.org/W3106742736,2020-12-01,2020
6746,https://openalex.org/W2046340040,2014-08-01,2014
6747,https://openalex.org/W2083644984,2004-01-01,2004
6748,https://openalex.org/W2028808613,1977-05-16,1977
6749,https://openalex.org/W2083298418,1992-11-01,1992
6750,https://openalex.org/W4388631072,2023-11-13,2023
6751,https://openalex.org/W2463329368,2016-07-15,2016
6752,https://openalex.org/W2306296840,2016-03-01,2016
6753,https://openalex.org/W2002059431,2015-02-20,2015
6754,https://openalex.org/W2767442223,2017-06-01,2017
6755,https://openalex.org/W2058732744,2014-10-02,2014
6756,https://openalex.org/W1517185536,1981-08-05,1981
6757,https://openalex.org/W2371428279,2016-01-01,2016
6758,https://openalex.org/W2787676051,2022-03-02,2022
6759,https://openalex.org/W4388726627,2023-10-16,2023
6760,https://openalex.org/W2146162532,1999-02-01,1999
6761,https://openalex.org/W2058363897,1964-02-01,1964
6762,https://openalex.org/W4406176239,2006-06-01,2006
6763,https://openalex.org/W2629337785,2017-03-25,2017
6764,https://openalex.org/W2058524019,1989-01-01,1989
6765,https://openalex.org/W2760210988,2017-09-27,2017
6766,https://openalex.org/W4394874751,2024-03-05,2024
6767,https://openalex.org/W2525029957,2016-09-24,2016
6768,https://openalex.org/W2061122167,1977-11-01,1977
6769,https://openalex.org/W2884894415,2018-07-25,2018
6770,https://openalex.org/W2963304024,2019-07-31,2019
6771,https://openalex.org/W3191876762,2021-07-31,2021
6772,https://openalex.org/W2042738078,2014-01-16,2014
6773,https://openalex.org/W2050050574,1986-10-01,1986
6774,https://openalex.org/W4395034201,2024-04-23,2024
6775,https://openalex.org/W4410188258,2025-05-08,2025
6776,https://openalex.org/W2038412560,2004-07-01,2004
6777,https://openalex.org/W2755246315,2017-08-01,2017
6778,https://openalex.org/W2085650447,2009-01-01,2009
6779,https://openalex.org/W1823895328,2011-08-31,2011
6780,https://openalex.org/W36245942,2004-11-01,2004
6781,https://openalex.org/W2168040200,2004-02-01,2004
6782,https://openalex.org/W4303182803,2022-10-01,2022
6783,https://openalex.org/W3215607535,2021-11-25,2021
6784,https://openalex.org/W2551245411,1991-07-01,1991
6785,https://openalex.org/W4393153295,2024-01-01,2024
6786,https://openalex.org/W3130928744,2020-01-01,2020
6787,https://openalex.org/W4413252103,2023-11-22,2023
6788,https://openalex.org/W2087820210,1986-09-23,1986
6789,https://openalex.org/W4391623195,2023-11-22,2023
6790,https://openalex.org/W1999295999,2010-01-01,2010
6791,https://openalex.org/W2607013165,2017-04-21,2017
6792,https://openalex.org/W2159894498,2006-07-28,2006
6793,https://openalex.org/W4324012538,2022-08-01,2022
6794,https://openalex.org/W2789797884,2018-03-25,2018
6795,https://openalex.org/W2067794316,2005-09-12,2005
6796,https://openalex.org/W2057851886,2008-01-01,2008
6797,https://openalex.org/W4380538398,2023-06-13,2023
6798,https://openalex.org/W2059148621,1975-01-01,1975
6799,https://openalex.org/W2976168136,2019-09-25,2019
6800,https://openalex.org/W2219907145,2007-01-01,2007
6801,https://openalex.org/W2766895606,2017-06-23,2017
6802,https://openalex.org/W2124119483,1999-01-01,1999
6803,https://openalex.org/W2412513127,1986-08-01,1986
6804,https://openalex.org/W229218071,1980-06-01,1980
6805,https://openalex.org/W1993089974,2007-01-01,2007
6806,https://openalex.org/W2138660131,2014-06-21,2014
6807,https://openalex.org/W2008395871,1998-03-01,1998
6808,https://openalex.org/W2094099419,2014-04-03,2014
6809,https://openalex.org/W4379536710,2023-05-31,2023
6810,https://openalex.org/W2739867524,2017-07-27,2017
6811,https://openalex.org/W2006538795,2005-11-15,2005
6812,https://openalex.org/W3119153715,2020-08-24,2020
6813,https://openalex.org/W2414543315,1996-01-01,1996
6814,https://openalex.org/W2217950367,2004-09-16,2004
6815,https://openalex.org/W2894531958,2018-02-01,2018
6816,https://openalex.org/W2053255678,2012-06-06,2012
6817,https://openalex.org/W2027943173,2009-04-22,2009
6818,https://openalex.org/W4318474723,2023-01-01,2023
6819,https://openalex.org/W1631068721,2005-03-01,2005
6820,https://openalex.org/W2613744952,2012-06-01,2012
6821,https://openalex.org/W3022498709,2020-05-08,2020
6822,https://openalex.org/W2990911475,2019-01-01,2019
6823,https://openalex.org/W2582428110,2017-01-01,2017
6824,https://openalex.org/W4379185297,2023-06-02,2023
6825,https://openalex.org/W4400969952,2024-07-25,2024
6826,https://openalex.org/W1544632592,1999-02-24,1999
6827,https://openalex.org/W2475201044,2016-07-08,2016
6828,https://openalex.org/W2762523936,2017-10-06,2017
6829,https://openalex.org/W3089139519,2020-09-23,2020
6830,https://openalex.org/W2028087075,1993-06-01,1993
6831,https://openalex.org/W7062090072,1946-01-01,1946
6832,https://openalex.org/W1968755324,2011-01-01,2011
6833,https://openalex.org/W2032149563,2009-01-01,2009
6834,https://openalex.org/W2074538893,1977-01-01,1977
6835,https://openalex.org/W2577865511,2016-01-01,2016
6836,https://openalex.org/W4390398156,2023-12-29,2023
6837,https://openalex.org/W4386003927,2023-07-31,2023
6838,https://openalex.org/W4389881059,2023-10-07,2023
6839,https://openalex.org/W2795290774,2018-03-01,2018
6840,https://openalex.org/W324762579,1980-01-01,1980
6841,https://openalex.org/W2039048966,2010-08-06,2010
6842,https://openalex.org/W2955695105,2019-04-01,2019
6843,https://openalex.org/W2978015312,2007-03-16,2007
6844,https://openalex.org/W1999464631,2014-03-06,2014
6845,https://openalex.org/W2147333550,2003-06-25,2003
6846,https://openalex.org/W2161320063,2008-01-18,2008
6847,https://openalex.org/W4403806317,2024-01-01,2024
6848,https://openalex.org/W2087338360,1982-01-01,1982
6849,https://openalex.org/W2327954872,1990-09-01,1990
6850,https://openalex.org/W1492731833,2005-12-13,2005
6851,https://openalex.org/W2790123945,2018-01-30,2018
6852,https://openalex.org/W1505715958,1979-12-01,1979
6853,https://openalex.org/W2020211983,2013-05-01,2013
6854,https://openalex.org/W2314141226,1985-01-01,1985
6855,https://openalex.org/W644826307,1990-07-01,1990
6856,https://openalex.org/W2884353527,2017-10-11,2017
6857,https://openalex.org/W2620884071,2017-01-01,2017
6858,https://openalex.org/W2021085042,1995-01-01,1995
6859,https://openalex.org/W2187652564,2004-09-23,2004
6860,https://openalex.org/W2792728875,2018-01-01,2018
6861,https://openalex.org/W3183124605,2021-07-13,2021
6862,https://openalex.org/W2897502503,2018-12-28,2018
6863,https://openalex.org/W2180640939,2015-11-25,2015
6864,https://openalex.org/W2004681478,1970-12-01,1970
6865,https://openalex.org/W2155353006,1988-11-01,1988
6866,https://openalex.org/W2115344687,2009-06-01,2009
6867,https://openalex.org/W2515628262,2016-01-01,2016
6868,https://openalex.org/W2399021913,2018-07-24,2018
6869,https://openalex.org/W4411236649,2025-06-12,2025
6870,https://openalex.org/W1977447015,1989-01-01,1989
6871,https://openalex.org/W208462358,2000-11-01,2000
6872,https://openalex.org/W2411533163,1999-02-01,1999
6873,https://openalex.org/W4247627109,2019-09-05,2019
6874,https://openalex.org/W2332927780,1987-01-01,1987
6875,https://openalex.org/W1611785076,1973-02-01,1973
6876,https://openalex.org/W4405967805,2024-12-30,2024
6877,https://openalex.org/W2017078976,1999-01-01,1999
6878,https://openalex.org/W4312741039,2022-01-01,2022
6879,https://openalex.org/W6995875807,2001-01-01,2001
6880,https://openalex.org/W2770243372,2017-12-26,2017
6881,https://openalex.org/W2071957599,1994-04-15,1994
6882,https://openalex.org/W4413380297,2025-08-14,2025
6883,https://openalex.org/W2029588940,2006-02-15,2006
6884,https://openalex.org/W4312706905,2022-08-30,2022
6885,https://openalex.org/W2076733067,2011-01-01,2011
6886,https://openalex.org/W3045521189,2020-06-01,2020
6887,https://openalex.org/W4367593903,2022-05-25,2022
6888,https://openalex.org/W2567432601,2015-01-01,2015
6889,https://openalex.org/W2315629575,2000-10-01,2000
6890,https://openalex.org/W1967758221,2006-11-28,2006
6891,https://openalex.org/W1963687425,1984-12-01,1984
6892,https://openalex.org/W2088263795,1989-09-01,1989
6893,https://openalex.org/W2032774741,1995-04-01,1995
6894,https://openalex.org/W2082384413,2011-05-25,2011
6895,https://openalex.org/W1844237901,1982-07-01,1982
6896,https://openalex.org/W3128599388,2021-02-07,2021
6897,https://openalex.org/W2088010330,2004-11-05,2004
6898,https://openalex.org/W4285133328,2022-01-01,2022
6899,https://openalex.org/W2958023057,2019-07-17,2019
6900,https://openalex.org/W1036108248,2015-06-01,2015
6901,https://openalex.org/W2014998908,2009-06-12,2009
6902,https://openalex.org/W1511167031,2011-07-01,2011
6903,https://openalex.org/W4234777934,2021-01-01,2021
6904,https://openalex.org/W2530957553,2016-01-01,2016
6905,https://openalex.org/W2099560590,2014-01-09,2014
6906,https://openalex.org/W1496253336,2010-12-28,2010
6907,https://openalex.org/W2473121442,2024-02-02,2024
6908,https://openalex.org/W2218553974,2015-10-31,2015
6909,https://openalex.org/W2062212615,2013-03-22,2013
6910,https://openalex.org/W2405720382,2016-05-17,2016
6911,https://openalex.org/W2002232563,1982-01-01,1982
6912,https://openalex.org/W4380485305,2023-01-01,2023
6913,https://openalex.org/W2897050113,2018-09-01,2018
6914,https://openalex.org/W1763830924,2015-01-01,2015
6915,https://openalex.org/W3186691930,2021-07-01,2021
6916,https://openalex.org/W2065876293,1975-05-01,1975
6917,https://openalex.org/W4251486057,2019-10-24,2019
6918,https://openalex.org/W2953113064,2019-04-01,2019
6919,https://openalex.org/W2327849212,1983-01-01,1983
6920,https://openalex.org/W2123839758,2005-03-01,2005
6921,https://openalex.org/W2115621481,2010-10-09,2010
6922,https://openalex.org/W2287085652,2015-12-02,2015
6923,https://openalex.org/W2053056160,1973-12-01,1973
6924,https://openalex.org/W2344440921,2016-01-01,2016
6925,https://openalex.org/W2106525346,2012-10-12,2012
6926,https://openalex.org/W2808671939,2018-04-01,2018
6927,https://openalex.org/W4281864780,2022-05-25,2022
6928,https://openalex.org/W1993393204,2008-05-01,2008
6929,https://openalex.org/W2035958647,1997-01-01,1997
6930,https://openalex.org/W2973815180,2019-01-01,2019
6931,https://openalex.org/W2506406801,2016-01-10,2016
6932,https://openalex.org/W2964207803,2019-01-01,2019
6933,https://openalex.org/W3001938546,2019-12-31,2019
6934,https://openalex.org/W2081105032,2001-06-07,2001
6935,https://openalex.org/W2418124006,2016-06-01,2016
6936,https://openalex.org/W4366966768,2022-12-17,2022
6937,https://openalex.org/W2162106282,2009-10-23,2009
6938,https://openalex.org/W4399728762,2023-10-03,2023
6939,https://openalex.org/W2961599804,2019-07-12,2019
6940,https://openalex.org/W2129728678,2007-07-10,2007
6941,https://openalex.org/W4388869322,2023-11-20,2023
6942,https://openalex.org/W4400700085,2024-07-16,2024
6943,https://openalex.org/W2930954102,2019-03-30,2019
6944,https://openalex.org/W2895423699,2018-10-01,2018
6945,https://openalex.org/W2474866300,2002-01-04,2002
6946,https://openalex.org/W3199398188,2021-09-22,2021
6947,https://openalex.org/W3046837407,2020-07-01,2020
6948,https://openalex.org/W2789437272,2018-01-01,2018
6949,https://openalex.org/W4321795464,2023-01-01,2023
6950,https://openalex.org/W2082062651,2010-10-01,2010
6951,https://openalex.org/W2581063725,2016-12-01,2016
6952,https://openalex.org/W2125878441,2010-03-01,2010
6953,https://openalex.org/W3162738723,2020-07-30,2020
6954,https://openalex.org/W4387476164,2023-10-10,2023
6955,https://openalex.org/W2900446334,2020-09-10,2020
6956,https://openalex.org/W2015438715,1992-04-01,1992
6957,https://openalex.org/W4307021311,2021-11-01,2021
6958,https://openalex.org/W2256748338,1995-07-01,1995
6959,https://openalex.org/W4396598373,2024-05-02,2024
6960,https://openalex.org/W2886147229,2018-08-11,2018
6961,https://openalex.org/W4212786978,2022-01-29,2022
6962,https://openalex.org/W2171764926,2008-05-01,2008
6963,https://openalex.org/W4294732719,2022-01-01,2022
6964,https://openalex.org/W2107574581,2012-06-01,2012
6965,https://openalex.org/W2184061413,2007-01-01,2007
6966,https://openalex.org/W3092784051,2020-10-18,2020
6967,https://openalex.org/W32682627,2000-01-01,2000
6968,https://openalex.org/W2163576531,2014-06-18,2014
6969,https://openalex.org/W2749223283,1996-01-01,1996
6970,https://openalex.org/W4322584618,2020-06-01,2020
6971,https://openalex.org/W2075701612,2010-03-05,2010
6972,https://openalex.org/W2049716807,2010-03-08,2010
6973,https://openalex.org/W2763667389,2022-03-04,2022
6974,https://openalex.org/W1551483909,2011-02-04,2011
6975,https://openalex.org/W4281398635,2022-04-14,2022
6976,https://openalex.org/W3197684618,2021-08-27,2021
6977,https://openalex.org/W4225315082,2022-05-03,2022
6978,https://openalex.org/W4385400733,2023-07-30,2023
6979,https://openalex.org/W2162121817,1992-02-01,1992
6980,https://openalex.org/W1969152308,1987-06-01,1987
6981,https://openalex.org/W2028304766,2008-06-06,2008
6982,https://openalex.org/W2052502873,1987-12-02,1987
6983,https://openalex.org/W1989998199,1997-02-27,1997
6984,https://openalex.org/W3197754558,2021-08-30,2021
6985,https://openalex.org/W2053434583,2003-03-01,2003
6986,https://openalex.org/W3213934754,2021-11-01,2021
6987,https://openalex.org/W767136139,1988-03-01,1988
6988,https://openalex.org/W2091297719,2003-12-01,2003
6989,https://openalex.org/W4294193217,2022-09-01,2022
6990,https://openalex.org/W2166537324,2003-10-16,2003
6991,https://openalex.org/W2096276975,2012-02-02,2012
6992,https://openalex.org/W2966717117,1979-12-01,1979
6993,https://openalex.org/W2053300941,2003-05-30,2003
6994,https://openalex.org/W2004091154,1972-10-01,1972
6995,https://openalex.org/W2016737056,2014-02-28,2014
6996,https://openalex.org/W2027709337,2005-05-18,2005
6997,https://openalex.org/W2371424274,2007-01-01,2007
6998,https://openalex.org/W1972871291,2005-02-01,2005
6999,https://openalex.org/W2054331984,2002-01-01,2002
7000,https://openalex.org/W2060602985,2005-01-01,2005
7001,https://openalex.org/W2382391102,2008-01-01,2008
7002,https://openalex.org/W1978405751,2010-01-01,2010
7003,https://openalex.org/W2538815689,2004-08-23,2004
7004,https://openalex.org/W3022844980,2021-04-10,2021
7005,https://openalex.org/W2998019807,2020-02-01,2020
7006,https://openalex.org/W31747619,1998-01-01,1998
7007,https://openalex.org/W4254089946,2007-12-01,2007
7008,https://openalex.org/W580256426,2015-01-01,2015
7009,https://openalex.org/W92513728,2014-08-26,2014
7010,https://openalex.org/W3194499564,2021-08-24,2021
7011,https://openalex.org/W4388675617,2023-08-01,2023
7012,https://openalex.org/W2136681817,2014-09-04,2014
7013,https://openalex.org/W4385984455,2023-08-17,2023
7014,https://openalex.org/W3154302012,2014-05-01,2014
7015,https://openalex.org/W2733294617,1981-01-01,1981
7016,https://openalex.org/W2170860152,2008-01-01,2008
7017,https://openalex.org/W2052826654,2000-04-27,2000
7018,https://openalex.org/W275811952,1996-10-24,1996
7019,https://openalex.org/W1973312009,2009-10-01,2009
7020,https://openalex.org/W1998903310,1995-06-01,1995
7021,https://openalex.org/W2466067028,2015-10-07,2015
7022,https://openalex.org/W4393051252,2024-03-21,2024
7023,https://openalex.org/W2128442990,2014-08-01,2014
7024,https://openalex.org/W2739310834,2017-07-17,2017
7025,https://openalex.org/W4388783284,2023-11-01,2023
7026,https://openalex.org/W1565944568,2010-04-01,2010
7027,https://openalex.org/W2996782434,2021-11-30,2021
7028,https://openalex.org/W2796799785,2018-04-12,2018
7029,https://openalex.org/W2921365680,2019-03-07,2019
7030,https://openalex.org/W2940458545,2019-01-01,2019
7031,https://openalex.org/W2137635604,2014-08-01,2014
7032,https://openalex.org/W2116449689,2008-04-01,2008
7033,https://openalex.org/W4396955314,2024-05-16,2024
7034,https://openalex.org/W2086807703,1997-06-01,1997
7035,https://openalex.org/W4246510849,2020-01-01,2020
7036,https://openalex.org/W3125317253,2021-01-19,2021
7037,https://openalex.org/W2325471167,1982-01-01,1982
7038,https://openalex.org/W2075897766,1996-05-15,1996
7039,https://openalex.org/W2529619305,2016-10-04,2016
7040,https://openalex.org/W2982670780,2019-10-28,2019
7041,https://openalex.org/W1586428676,2009-11-01,2009
7042,https://openalex.org/W2042307848,2013-04-04,2013
7043,https://openalex.org/W2115474922,2014-12-09,2014
7044,https://openalex.org/W3145856456,2008-01-01,2008
7045,https://openalex.org/W3082317877,2020-08-30,2020
7046,https://openalex.org/W3133857457,2021-03-08,2021
7047,https://openalex.org/W2169632870,2009-12-04,2009
7048,https://openalex.org/W2111727485,1997-01-01,1997
7049,https://openalex.org/W2104831106,1994-01-01,1994
7050,https://openalex.org/W2158134346,2005-01-31,2005
7051,https://openalex.org/W2043495445,2009-09-01,2009
7052,https://openalex.org/W2602901539,2008-01-01,2008
7053,https://openalex.org/W2511728985,2016-08-08,2016
7054,https://openalex.org/W2103384537,2013-07-01,2013
7055,https://openalex.org/W4283077521,2022-04-17,2022
7056,https://openalex.org/W2615837790,2009-11-01,2009
7057,https://openalex.org/W4235060904,2013-06-20,2013
7058,https://openalex.org/W2039657651,2003-01-01,2003
7059,https://openalex.org/W2357498701,2007-01-01,2007
7060,https://openalex.org/W2887634811,2018-07-30,2018
7061,https://openalex.org/W2779764380,2017-12-21,2017
7062,https://openalex.org/W4200548521,2021-12-01,2021
7063,https://openalex.org/W4403063387,2024-10-02,2024
7064,https://openalex.org/W2063893672,2012-06-01,2012
7065,https://openalex.org/W2064590392,2012-01-23,2012
7066,https://openalex.org/W3122757383,2018-07-03,2018
7067,https://openalex.org/W2057563073,1987-02-01,1987
7068,https://openalex.org/W2082233590,1928-02-01,1928
7069,https://openalex.org/W4408122181,2025-03-02,2025
7070,https://openalex.org/W4402840603,2024-09-01,2024
7071,https://openalex.org/W4404713027,2024-11-26,2024
7072,https://openalex.org/W2898331299,2018-10-25,2018
7073,https://openalex.org/W2610806740,2009-04-23,2009
7074,https://openalex.org/W2294673027,2016-01-01,2016
7075,https://openalex.org/W1701141768,1988-05-01,1988
7076,https://openalex.org/W2142329059,2013-01-14,2013
7077,https://openalex.org/W2142921429,2009-02-01,2009
7078,https://openalex.org/W2324923207,1976-04-01,1976
7079,https://openalex.org/W2039288420,2010-10-01,2010
7080,https://openalex.org/W1543787997,2010-06-07,2010
7081,https://openalex.org/W2170203886,2012-09-28,2012
7082,https://openalex.org/W4412149816,2025-07-09,2025
7083,https://openalex.org/W1997052066,2004-09-01,2004
7084,https://openalex.org/W2107065534,2005-02-18,2005
7085,https://openalex.org/W50609362,2006-03-01,2006
7086,https://openalex.org/W2323866009,2012-01-01,2012
7087,https://openalex.org/W2046811681,2001-05-01,2001
7088,https://openalex.org/W4311807280,2022-11-14,2022
7089,https://openalex.org/W2744936779,2018-05-10,2018
7090,https://openalex.org/W3090874226,2020-08-01,2020
7091,https://openalex.org/W1995139501,2014-01-01,2014
7092,https://openalex.org/W1981197310,2011-04-01,2011
7093,https://openalex.org/W2103804053,1995-01-01,1995
7094,https://openalex.org/W2007707703,2012-01-01,2012
7095,https://openalex.org/W4212794720,1997-02-01,1997
7096,https://openalex.org/W2157144577,2010-06-28,2010
7097,https://openalex.org/W4323900484,2022-01-01,2022
7098,https://openalex.org/W57056853,1973-01-01,1973
7099,https://openalex.org/W4361806078,2023-04-04,2023
7100,https://openalex.org/W2481069368,2016-07-20,2016
7101,https://openalex.org/W1632440172,2010-04-14,2010
7102,https://openalex.org/W2589790723,2017-02-23,2017
7103,https://openalex.org/W2007677065,1964-01-01,1964
7104,https://openalex.org/W31611828,1991-01-01,1991
7105,https://openalex.org/W1518466240,2009-08-01,2009
7106,https://openalex.org/W122546562,1987-01-01,1987
7107,https://openalex.org/W2081241584,1997-01-01,1997
7108,https://openalex.org/W2467813483,2002-11-01,2002
7109,https://openalex.org/W2060565212,1994-05-01,1994
7110,https://openalex.org/W2314698654,2013-12-15,2013
7111,https://openalex.org/W2042924687,1978-04-01,1978
7112,https://openalex.org/W2019738894,2008-06-25,2008
7113,https://openalex.org/W2891512469,2018-09-13,2018
7114,https://openalex.org/W2070147964,1997-09-11,1997
7115,https://openalex.org/W2055884325,2001-08-01,2001
7116,https://openalex.org/W2166903831,2014-10-01,2014
7117,https://openalex.org/W2057014747,2012-02-01,2012
7118,https://openalex.org/W1577123152,2000-05-01,2000
7119,https://openalex.org/W2157595846,2015-01-01,2015
7120,https://openalex.org/W4296340124,2022-07-20,2022
7121,https://openalex.org/W2026704085,1992-03-24,1992
7122,https://openalex.org/W3136095909,2019-10-30,2019
7123,https://openalex.org/W2102272264,2004-01-01,2004
7124,https://openalex.org/W2613083771,2017-05-04,2017
7125,https://openalex.org/W3039997853,2020-06-30,2020
7126,https://openalex.org/W2065127798,2013-09-01,2013
7127,https://openalex.org/W2468306295,1989-05-01,1989
7128,https://openalex.org/W4390229836,2023-12-21,2023
7129,https://openalex.org/W2037350835,2011-07-04,2011
7130,https://openalex.org/W4401726165,2024-08-21,2024
7131,https://openalex.org/W1984400729,2012-06-01,2012
7132,https://openalex.org/W3095591362,2020-09-03,2020
7133,https://openalex.org/W4239014944,1976-04-26,1976
7134,https://openalex.org/W2062322602,1995-01-01,1995
7135,https://openalex.org/W4246690805,2015-12-01,2015
7136,https://openalex.org/W1987522622,1964-02-01,1964
7137,https://openalex.org/W2059627601,1989-11-01,1989
7138,https://openalex.org/W2427550506,1990-04-01,1990
7139,https://openalex.org/W2023772492,2010-01-01,2010
7140,https://openalex.org/W2321698436,2014-06-01,2014
7141,https://openalex.org/W2112098956,2002-03-01,2002
7142,https://openalex.org/W2462740438,2016-05-12,2016
7143,https://openalex.org/W2805310582,2018-05-31,2018
7144,https://openalex.org/W1980830054,2005-07-01,2005
7145,https://openalex.org/W302934554,2007-01-01,2007
7146,https://openalex.org/W2074261112,2006-01-13,2006
7147,https://openalex.org/W2126889706,2002-11-13,2002
7148,https://openalex.org/W1957317733,2015-09-03,2015
7149,https://openalex.org/W2284672269,2015-01-01,2015
7150,https://openalex.org/W2048167411,1995-12-01,1995
7151,https://openalex.org/W4210393335,2022-01-24,2022
7152,https://openalex.org/W3048946090,2020-08-17,2020
7153,https://openalex.org/W4308206589,2022-11-04,2022
7154,https://openalex.org/W2040744542,2010-12-01,2010
7155,https://openalex.org/W3129856734,2021-02-13,2021
7156,https://openalex.org/W4285046769,2022-06-30,2022
7157,https://openalex.org/W1585621252,2009-06-25,2009
7158,https://openalex.org/W2000140517,2012-04-13,2012
7159,https://openalex.org/W1968678041,2012-02-23,2012
7160,https://openalex.org/W2124498790,2014-05-15,2014
7161,https://openalex.org/W2011011037,2008-12-04,2008
7162,https://openalex.org/W3118789753,2021-01-11,2021
7163,https://openalex.org/W2147670997,2003-01-01,2003
7164,https://openalex.org/W2874358480,2017-06-30,2017
7165,https://openalex.org/W2535391844,2012-10-01,2012
7166,https://openalex.org/W2042318988,1950-06-01,1950
7167,https://openalex.org/W3098161552,2020-01-01,2020
7168,https://openalex.org/W2150525275,1982-02-01,1982
7169,https://openalex.org/W4285596712,2022-07-14,2022
7170,https://openalex.org/W2084383701,2013-09-03,2013
7171,https://openalex.org/W2035854798,1991-10-01,1991
7172,https://openalex.org/W1480733049,1994-02-01,1994
7173,https://openalex.org/W2756258288,2017-01-01,2017
7174,https://openalex.org/W4205672295,2022-01-17,2022
7175,https://openalex.org/W4377294159,2023-05-22,2023
7176,https://openalex.org/W1966463308,1989-01-01,1989
7177,https://openalex.org/W2993077155,2010-01-01,2010
7178,https://openalex.org/W2166121254,1989-01-01,1989
7179,https://openalex.org/W3202678637,2021-10-03,2021
7180,https://openalex.org/W2127090403,2000-12-01,2000
7181,https://openalex.org/W2047342647,1992-11-01,1992
7182,https://openalex.org/W1991035443,1995-12-01,1995
7183,https://openalex.org/W2346743715,1988-12-01,1988
7184,https://openalex.org/W2048535292,1999-12-01,1999
7185,https://openalex.org/W4233154719,2017-12-30,2017
7186,https://openalex.org/W4396629599,2024-05-03,2024
7187,https://openalex.org/W4387568526,2023-10-12,2023
7188,https://openalex.org/W2142446768,2012-12-05,2012
7189,https://openalex.org/W2320382562,2014-09-01,2014
7190,https://openalex.org/W2729447387,2017-10-01,2017
7191,https://openalex.org/W2003910114,1994-11-30,1994
7192,https://openalex.org/W3014177682,2019-12-01,2019
7193,https://openalex.org/W1900801434,1980-10-01,1980
7194,https://openalex.org/W589800037,1967-01-01,1967
7195,https://openalex.org/W2763782726,2017-09-30,2017
7196,https://openalex.org/W2085685955,1978-01-01,1978
7197,https://openalex.org/W2015285932,2008-01-01,2008
7198,https://openalex.org/W4213010368,2022-02-21,2022
7199,https://openalex.org/W68188595,1996-12-01,1996
7200,https://openalex.org/W2795015666,2017-10-01,2017
7201,https://openalex.org/W1537909695,2002-12-23,2002
7202,https://openalex.org/W2061585875,2006-03-25,2006
7203,https://openalex.org/W1975823261,2013-05-01,2013
7204,https://openalex.org/W2409075603,1989-07-01,1989
7205,https://openalex.org/W2133102544,2004-10-15,2004
7206,https://openalex.org/W2960422646,2019-07-08,2019
7207,https://openalex.org/W1496199567,2004-01-01,2004
7208,https://openalex.org/W1992050919,2010-01-01,2010
7209,https://openalex.org/W4385602705,2023-08-05,2023
7210,https://openalex.org/W4402842974,2024-01-01,2024
7211,https://openalex.org/W2024104654,2011-03-01,2011
7212,https://openalex.org/W2987385785,2019-01-01,2019
7213,https://openalex.org/W1572054656,1968-05-01,1968
7214,https://openalex.org/W2056890953,2002-09-01,2002
7215,https://openalex.org/W2134397285,2010-11-01,2010
7216,https://openalex.org/W4233485163,2012-03-28,2012
7217,https://openalex.org/W3103387038,2020-11-14,2020
7218,https://openalex.org/W2015098794,2007-11-12,2007
7219,https://openalex.org/W2622440170,2017-06-08,2017
7220,https://openalex.org/W1497227806,2012-02-03,2012
7221,https://openalex.org/W2899172816,2018-11-01,2018
7222,https://openalex.org/W2807928027,2015-01-01,2015
7223,https://openalex.org/W4320918405,2023-02-15,2023
7224,https://openalex.org/W2345485297,2016-01-01,2016
7225,https://openalex.org/W2016451891,2008-08-12,2008
7226,https://openalex.org/W3113694592,2020-01-01,2020
7227,https://openalex.org/W2184279864,2000-01-01,2000
7228,https://openalex.org/W3170635312,2021-06-15,2021
7229,https://openalex.org/W1988468168,1998-01-01,1998
7230,https://openalex.org/W333567951,1998-06-01,1998
7231,https://openalex.org/W2417082018,1967-07-01,1967
7232,https://openalex.org/W4311456965,2022-12-14,2022
7233,https://openalex.org/W2019956479,1995-09-01,1995
7234,https://openalex.org/W2061892392,1998-07-01,1998
7235,https://openalex.org/W3216139481,2021-11-15,2021
7236,https://openalex.org/W1550123215,1999-06-01,1999
7237,https://openalex.org/W2120557194,1991-01-01,1991
7238,https://openalex.org/W4200192274,2021-11-30,2021
7239,https://openalex.org/W2216850224,2016-01-02,2016
7240,https://openalex.org/W3135645002,2021-03-04,2021
7241,https://openalex.org/W157127588,1974-03-01,1974
7242,https://openalex.org/W4400038213,2024-06-26,2024
7243,https://openalex.org/W2091025797,2010-01-01,2010
7244,https://openalex.org/W6931478778,2017-05-14,2017
7245,https://openalex.org/W3164214639,2021-04-30,2021
7246,https://openalex.org/W2082623239,2003-04-29,2003
7247,https://openalex.org/W2026515421,2014-03-19,2014
7248,https://openalex.org/W2946294953,2019-05-24,2019
7249,https://openalex.org/W2149890896,2002-01-01,2002
7250,https://openalex.org/W1553088074,2008-07-01,2008
7251,https://openalex.org/W1985388285,1996-05-01,1996
7252,https://openalex.org/W2136828394,1987-05-01,1987
7253,https://openalex.org/W2463891529,1974-11-01,1974
7254,https://openalex.org/W2072206203,2012-05-01,2012
7255,https://openalex.org/W2473640131,1978-10-01,1978
7256,https://openalex.org/W1728234983,2015-07-22,2015
7257,https://openalex.org/W3000307372,2019-12-22,2019
7258,https://openalex.org/W4251958640,2019-08-30,2019
7259,https://openalex.org/W3205408721,2021-07-11,2021
7260,https://openalex.org/W188330122,2012-01-01,2012
7261,https://openalex.org/W2566924226,2016-12-16,2016
7262,https://openalex.org/W2059220070,2007-06-01,2007
7263,https://openalex.org/W291682859,1998-01-01,1998
7264,https://openalex.org/W2131334694,2013-01-01,2013
7265,https://openalex.org/W2060987744,2012-01-01,2012
7266,https://openalex.org/W2110582869,1988-02-01,1988
7267,https://openalex.org/W4402533484,2024-09-13,2024
7268,https://openalex.org/W2134999715,2013-06-24,2013
7269,https://openalex.org/W1844968816,2007-05-25,2007
7270,https://openalex.org/W4392450306,2024-03-05,2024
7271,https://openalex.org/W4298396175,2022-10-01,2022
7272,https://openalex.org/W2131298639,2007-10-02,2007
7273,https://openalex.org/W2326305382,2012-07-01,2012
7274,https://openalex.org/W2965775606,2019-08-01,2019
7275,https://openalex.org/W2022074294,1969-05-01,1969
7276,https://openalex.org/W2343893962,2016-03-01,2016
7277,https://openalex.org/W2994249748,2011-03-25,2011
7278,https://openalex.org/W4403487383,2024-10-16,2024
7279,https://openalex.org/W1967514474,2005-10-28,2005
7280,https://openalex.org/W4391715301,2024-02-10,2024
7281,https://openalex.org/W2069921265,2004-04-28,2004
7282,https://openalex.org/W2009007843,2004-01-01,2004
7283,https://openalex.org/W4288751291,2022-01-01,2022
7284,https://openalex.org/W2113535967,2009-01-01,2009
7285,https://openalex.org/W2074159992,2007-01-01,2007
7286,https://openalex.org/W2100748291,2003-06-06,2003
7287,https://openalex.org/W1914448576,1987-08-01,1987
7288,https://openalex.org/W2020044390,1986-03-01,1986
7289,https://openalex.org/W2790439347,2018-02-22,2018
7290,https://openalex.org/W3037959537,2020-01-01,2020
7291,https://openalex.org/W2790842421,2018-02-01,2018
7292,https://openalex.org/W2912002037,2018-01-01,2018
7293,https://openalex.org/W2036494302,1991-01-01,1991
7294,https://openalex.org/W3119104055,2021-01-06,2021
7295,https://openalex.org/W4387714543,2023-05-14,2023
7296,https://openalex.org/W3006813961,2020-02-25,2020
7297,https://openalex.org/W2769932971,2017-11-20,2017
7298,https://openalex.org/W3195886516,2021-08-18,2021
7299,https://openalex.org/W2136377810,2002-03-01,2002
7300,https://openalex.org/W3203317182,2021-01-01,2021
7301,https://openalex.org/W2408995194,1987-01-01,1987
7302,https://openalex.org/W2038819180,2003-09-12,2003
7303,https://openalex.org/W2326650117,2010-07-25,2010
7304,https://openalex.org/W2046581996,2014-01-01,2014
7305,https://openalex.org/W3174901348,2017-12-01,2017
7306,https://openalex.org/W2030605681,2014-04-01,2014
7307,https://openalex.org/W2376267002,2004-09-16,2004
7308,https://openalex.org/W1583328345,1989-11-01,1989
7309,https://openalex.org/W2059459207,2008-03-04,2008
7310,https://openalex.org/W1617291598,2010-11-08,2010
7311,https://openalex.org/W3007902479,2018-03-01,2018
7312,https://openalex.org/W2014001227,2000-10-01,2000
7313,https://openalex.org/W1996217820,1994-03-01,1994
7314,https://openalex.org/W1992143124,2008-05-23,2008
7315,https://openalex.org/W2310599083,2006-01-01,2006
7316,https://openalex.org/W2553881545,2016-11-14,2016
7317,https://openalex.org/W2794415758,2018-02-01,2018
7318,https://openalex.org/W4395666811,2024-04-26,2024
7319,https://openalex.org/W3083563826,2020-09-04,2020
7320,https://openalex.org/W3026177271,2020-05-21,2020
7321,https://openalex.org/W2396987378,1989-12-01,1989
7322,https://openalex.org/W2161692933,1976-01-01,1976
7323,https://openalex.org/W2088985226,2005-01-01,2005
7324,https://openalex.org/W2266094435,2008-01-01,2008
7325,https://openalex.org/W2083469755,1988-07-01,1988
7326,https://openalex.org/W1718690176,2003-01-20,2003
7327,https://openalex.org/W2992931149,2020-09-18,2020
7328,https://openalex.org/W2111672753,2000-01-01,2000
7329,https://openalex.org/W2990436651,2019-11-01,2019
7330,https://openalex.org/W2005701884,2010-04-01,2010
7331,https://openalex.org/W3133500041,2020-10-05,2020
7332,https://openalex.org/W4205563747,2016-01-01,2016
7333,https://openalex.org/W2003003860,1986-08-01,1986
7334,https://openalex.org/W2949267055,1975-04-01,1975
7335,https://openalex.org/W1607229117,2010-01-01,2010
7336,https://openalex.org/W4306761169,2022-10-18,2022
7337,https://openalex.org/W4210607279,2022-02-01,2022
7338,https://openalex.org/W2985999400,2019-11-13,2019
7339,https://openalex.org/W4220852938,2022-03-18,2022
7340,https://openalex.org/W2040471016,1993-01-01,1993
7341,https://openalex.org/W2168385765,2014-08-15,2014
7342,https://openalex.org/W2102429900,2013-01-18,2013
7343,https://openalex.org/W3096932704,2020-10-31,2020
7344,https://openalex.org/W4255072837,2009-10-08,2009
7345,https://openalex.org/W4200366402,2021-09-06,2021
7346,https://openalex.org/W4361212955,2023-03-28,2023
7347,https://openalex.org/W2391650079,2006-01-01,2006
7348,https://openalex.org/W2003504486,1991-05-01,1991
7349,https://openalex.org/W2013833490,1970-01-01,1970
7350,https://openalex.org/W3192038365,2021-01-01,2021
7351,https://openalex.org/W2352131239,2012-01-01,2012
7352,https://openalex.org/W7057976144,2021-12-15,2021
7353,https://openalex.org/W2004479139,1992-01-01,1992
7354,https://openalex.org/W2080282753,2013-10-01,2013
7355,https://openalex.org/W2499689590,2016-08-03,2016
7356,https://openalex.org/W4365788277,2022-11-25,2022
7357,https://openalex.org/W821549432,1996-11-01,1996
7358,https://openalex.org/W1986092228,2010-10-05,2010
7359,https://openalex.org/W1656187835,1994-01-01,1994
7360,https://openalex.org/W1984935932,2008-03-15,2008
7361,https://openalex.org/W2184514707,2009-01-01,2009
7362,https://openalex.org/W2071750322,1967-06-01,1967
7363,https://openalex.org/W1970840736,1962-08-01,1962
7364,https://openalex.org/W284876315,2004-01-01,2004
7365,https://openalex.org/W2940345177,2019-04-17,2019
7366,https://openalex.org/W4366084016,2023-04-16,2023
7367,https://openalex.org/W2121103318,2014-12-08,2014
7368,https://openalex.org/W4400657884,2024-07-15,2024
7369,https://openalex.org/W4407204261,2025-02-06,2025
7370,https://openalex.org/W2462757515,1995-07-01,1995
7371,https://openalex.org/W2981924350,2019-10-25,2019
7372,https://openalex.org/W1975643327,2003-06-13,2003
7373,https://openalex.org/W7074098311,1997-11-25,1997
7374,https://openalex.org/W4232135290,2016-01-01,2016
7375,https://openalex.org/W4200199061,2021-12-15,2021
7376,https://openalex.org/W4391760767,2023-12-15,2023
7377,https://openalex.org/W4239377971,1972-09-01,1972
7378,https://openalex.org/W2081858517,1974-04-01,1974
7379,https://openalex.org/W4386201099,2023-08-26,2023
7380,https://openalex.org/W3175539527,2021-07-03,2021
7381,https://openalex.org/W2002512764,1993-01-01,1993
7382,https://openalex.org/W4320518069,2023-02-13,2023
7383,https://openalex.org/W2152184363,2007-01-01,2007
7384,https://openalex.org/W2984839092,2019-01-01,2019
7385,https://openalex.org/W2048230046,2001-07-24,2001
7386,https://openalex.org/W2808630671,2018-06-15,2018
7387,https://openalex.org/W4283313070,2022-06-22,2022
7388,https://openalex.org/W2043819495,1997-09-01,1997
7389,https://openalex.org/W1964411446,2001-02-01,2001
7390,https://openalex.org/W1651429079,2015-01-01,2015
7391,https://openalex.org/W2133133430,2011-11-14,2011
7392,https://openalex.org/W2037890245,2010-06-01,2010
7393,https://openalex.org/W3123218950,2010-01-01,2010
7394,https://openalex.org/W1989496735,2009-02-27,2009
7395,https://openalex.org/W2035908088,1965-10-01,1965
7396,https://openalex.org/W2030374487,1999-01-01,1999
7397,https://openalex.org/W1525330226,2005-01-01,2005
7398,https://openalex.org/W2072839815,2012-01-01,2012
7399,https://openalex.org/W4377138564,2023-05-20,2023
7400,https://openalex.org/W2889557058,2018-01-01,2018
7401,https://openalex.org/W2062423017,2009-08-01,2009
7402,https://openalex.org/W2623866847,2014-01-01,2014
7403,https://openalex.org/W4309679264,2022-11-16,2022
7404,https://openalex.org/W2131715574,2006-11-01,2006
7405,https://openalex.org/W1968526034,2010-03-15,2010
7406,https://openalex.org/W4386944504,2023-09-22,2023
7407,https://openalex.org/W2139003722,2014-08-11,2014
7408,https://openalex.org/W1975047955,2014-01-01,2014
7409,https://openalex.org/W1968051835,1997-01-06,1997
7410,https://openalex.org/W2950059295,1997-10-07,1997
7411,https://openalex.org/W70676186,1987-02-01,1987
7412,https://openalex.org/W2112025147,2012-07-01,2012
7413,https://openalex.org/W2187196101,2013-01-01,2013
7414,https://openalex.org/W2508190319,2016-08-22,2016
7415,https://openalex.org/W2078000085,2005-08-30,2005
7416,https://openalex.org/W2999442309,2019-01-01,2019
7417,https://openalex.org/W4247507077,2018-09-26,2018
7418,https://openalex.org/W2124642651,2003-01-01,2003
7419,https://openalex.org/W4376866125,2023-05-18,2023
7420,https://openalex.org/W3189273126,2023-08-04,2023
7421,https://openalex.org/W2896513823,2018-10-11,2018
7422,https://openalex.org/W1978728514,2006-04-24,2006
7423,https://openalex.org/W2127265949,2008-08-14,2008
7424,https://openalex.org/W2410027359,1980-04-01,1980
7425,https://openalex.org/W2117188805,2000-01-01,2000
7426,https://openalex.org/W1979560304,1998-06-01,1998
7427,https://openalex.org/W1999853407,2014-05-27,2014
7428,https://openalex.org/W2955598422,1985-06-01,1985
7429,https://openalex.org/W4401339323,2024-08-05,2024
7430,https://openalex.org/W2583158657,2017-02-01,2017
7431,https://openalex.org/W2026350550,2011-10-24,2011
7432,https://openalex.org/W2145370866,2005-05-01,2005
7433,https://openalex.org/W3112668924,2020-12-05,2020
7434,https://openalex.org/W2575061014,2013-02-20,2013
7435,https://openalex.org/W2000125048,2012-12-26,2012
7436,https://openalex.org/W2113971969,2005-12-13,2005
7437,https://openalex.org/W2743091908,2011-01-01,2011
7438,https://openalex.org/W2060569461,1938-10-01,1938
7439,https://openalex.org/W2100445196,2008-06-30,2008
7440,https://openalex.org/W3011027314,2020-03-12,2020
7441,https://openalex.org/W2156254732,2010-01-01,2010
7442,https://openalex.org/W2001945194,1988-09-01,1988
7443,https://openalex.org/W2923797603,2019-03-21,2019
7444,https://openalex.org/W2978694757,2018-09-15,2018
7445,https://openalex.org/W2210118122,1993-04-01,1993
7446,https://openalex.org/W2915355774,2019-01-01,2019
7447,https://openalex.org/W2606728437,2017-04-10,2017
7448,https://openalex.org/W4200092554,2021-12-06,2021
7449,https://openalex.org/W2582164355,2016-09-01,2016
7450,https://openalex.org/W2776249564,2017-12-18,2017
7451,https://openalex.org/W2947388447,2019-05-31,2019
7452,https://openalex.org/W2997380075,2019-12-26,2019
7453,https://openalex.org/W2949472071,2019-06-13,2019
7454,https://openalex.org/W2805484414,2018-01-31,2018
7455,https://openalex.org/W2332460299,2015-03-26,2015
7456,https://openalex.org/W2118776927,1982-05-27,1982
7457,https://openalex.org/W6926539102,2020-08-19,2020
7458,https://openalex.org/W3130482066,2021-01-10,2021
7459,https://openalex.org/W4251075214,1997-09-01,1997
7460,https://openalex.org/W4321443808,2023-02-21,2023
7461,https://openalex.org/W3124285136,2021-01-01,2021
7462,https://openalex.org/W4225467064,2022-03-21,2022
7463,https://openalex.org/W4310521350,2022-10-09,2022
7464,https://openalex.org/W4322007923,2023-02-25,2023
7465,https://openalex.org/W4381249015,2023-06-19,2023
7466,https://openalex.org/W2152645040,1985-11-01,1985
7467,https://openalex.org/W2517911743,2016-04-01,2016
7468,https://openalex.org/W2753281238,2017-01-01,2017
7469,https://openalex.org/W2164778590,1992-12-01,1992
7470,https://openalex.org/W2004834869,2006-09-01,2006
7471,https://openalex.org/W1951460726,2012-01-20,2012
7472,https://openalex.org/W1969192247,2012-10-09,2012
7473,https://openalex.org/W2096896636,1979-09-01,1979
7474,https://openalex.org/W2610528531,2017-01-01,2017
7475,https://openalex.org/W1568441711,2011-05-13,2011
7476,https://openalex.org/W2018263227,1994-09-01,1994
7477,https://openalex.org/W2042637448,1991-10-01,1991
7478,https://openalex.org/W2945387139,2018-07-01,2018
7479,https://openalex.org/W2008474792,1994-04-01,1994
7480,https://openalex.org/W1525340732,2006-08-03,2006
7481,https://openalex.org/W2166153181,2011-01-12,2011
7482,https://openalex.org/W2276564673,2015-02-05,2015
7483,https://openalex.org/W2546615415,2016-11-02,2016
7484,https://openalex.org/W3173763969,2021-06-22,2021
7485,https://openalex.org/W2109462266,2008-04-01,2008
7486,https://openalex.org/W2509740556,2012-11-16,2012
7487,https://openalex.org/W2063793209,2003-06-10,2003
7488,https://openalex.org/W2172266312,2014-06-30,2014
7489,https://openalex.org/W2083550657,2014-07-25,2014
7490,https://openalex.org/W2042343251,2002-01-01,2002
7491,https://openalex.org/W107883307,2010-06-01,2010
7492,https://openalex.org/W2970648892,2019-02-22,2019
7493,https://openalex.org/W4360973014,2021-06-30,2021
7494,https://openalex.org/W4292583088,2022-08-22,2022
7495,https://openalex.org/W4213049357,2022-02-14,2022
7496,https://openalex.org/W3202347426,2021-10-07,2021
7497,https://openalex.org/W2995757765,1997-01-01,1997
7498,https://openalex.org/W3118447157,2021-01-01,2021
7499,https://openalex.org/W4226351000,2021-12-14,2021
7500,https://openalex.org/W2076463538,2002-02-27,2002
7501,https://openalex.org/W4221130052,2022-03-09,2022
7502,https://openalex.org/W4300002986,2022-10-01,2022
7503,https://openalex.org/W2019189742,1990-01-01,1990
7504,https://openalex.org/W4405771494,2024-12-24,2024
7505,https://openalex.org/W2966749108,2019-07-26,2019
7506,https://openalex.org/W4401050536,2023-09-30,2023
7507,https://openalex.org/W2004785276,2002-03-01,2002
7508,https://openalex.org/W105562399,2005-12-01,2005
7509,https://openalex.org/W2466677160,2016-06-28,2016
7510,https://openalex.org/W2333569924,1963-05-01,1963
7511,https://openalex.org/W20268316,2009-08-01,2009
7512,https://openalex.org/W4300505101,2016-05-24,2016
7513,https://openalex.org/W4387641507,2023-09-30,2023
7514,https://openalex.org/W4319313183,2023-02-06,2023
7515,https://openalex.org/W2016632001,1993-04-15,1993
7516,https://openalex.org/W1807268550,1973-02-01,1973
7517,https://openalex.org/W4396830138,2024-05-10,2024
7518,https://openalex.org/W2064956455,2007-11-27,2007
7519,https://openalex.org/W2001642652,2003-05-17,2003
7520,https://openalex.org/W1782420359,1971-12-01,1971
7521,https://openalex.org/W2325839789,1991-12-01,1991
7522,https://openalex.org/W2793769441,2018-02-17,2018
7523,https://openalex.org/W2900472364,2018-11-23,2018
7524,https://openalex.org/W4300893171,1951-03-01,1951
7525,https://openalex.org/W4403881179,2024-10-28,2024
7526,https://openalex.org/W2321651847,2016-02-28,2016
7527,https://openalex.org/W2047138321,1995-03-20,1995
7528,https://openalex.org/W2005463244,2010-05-01,2010
7529,https://openalex.org/W2010427670,2008-06-01,2008
7530,https://openalex.org/W4407188616,2025-01-17,2025
7531,https://openalex.org/W2087132372,2015-01-01,2015
7532,https://openalex.org/W1535989828,2014-04-04,2014
7533,https://openalex.org/W2103082261,2017-06-02,2017
7534,https://openalex.org/W4353097453,2023-03-01,2023
7535,https://openalex.org/W2054962838,2002-01-01,2002
7536,https://openalex.org/W4387270106,2023-05-01,2023
7537,https://openalex.org/W2098369417,1996-01-01,1996
7538,https://openalex.org/W2761359406,2017-10-01,2017
7539,https://openalex.org/W2143805322,2006-10-02,2006
7540,https://openalex.org/W4231124569,1997-04-01,1997
7541,https://openalex.org/W2080588323,2009-03-01,2009
7542,https://openalex.org/W3138454017,2021-03-23,2021
7543,https://openalex.org/W2061600675,2006-05-01,2006
7544,https://openalex.org/W3098376997,2020-11-16,2020
7545,https://openalex.org/W2051066849,2010-03-01,2010
7546,https://openalex.org/W1484621267,2002-12-17,2002
7547,https://openalex.org/W139985578,1984-05-01,1984
7548,https://openalex.org/W2064902127,2012-01-01,2012
7549,https://openalex.org/W270870393,1998-10-01,1998
7550,https://openalex.org/W2379534391,2007-01-01,2007
7551,https://openalex.org/W2585525923,2016-12-01,2016
7552,https://openalex.org/W2479485559,2016-01-01,2016
7553,https://openalex.org/W2160141649,2013-04-05,2013
7554,https://openalex.org/W2802684555,2016-02-20,2016
7555,https://openalex.org/W2890848636,2018-09-07,2018
7556,https://openalex.org/W2019755378,2009-01-01,2009
7557,https://openalex.org/W2999823941,2020-01-01,2020
7558,https://openalex.org/W4310203914,2022-11-27,2022
7559,https://openalex.org/W2396668224,2006-01-01,2006
7560,https://openalex.org/W2103986359,1995-01-01,1995
7561,https://openalex.org/W2024314537,1989-01-01,1989
7562,https://openalex.org/W2082652686,1996-01-01,1996
7563,https://openalex.org/W2052498043,2003-01-01,2003
7564,https://openalex.org/W2611912615,2017-05-01,2017
7565,https://openalex.org/W2261891885,2014-07-01,2014
7566,https://openalex.org/W4366603485,2023-04-21,2023
7567,https://openalex.org/W2608610935,2014-10-17,2014
7568,https://openalex.org/W4302441492,2017-02-01,2017
7569,https://openalex.org/W2026284900,2001-04-01,2001
7570,https://openalex.org/W2117681062,2015-09-02,2015
7571,https://openalex.org/W1993394257,1974-12-01,1974
7572,https://openalex.org/W2263656403,2004-09-01,2004
7573,https://openalex.org/W2337308421,1996-02-01,1996
7574,https://openalex.org/W1994188455,1978-03-01,1978
7575,https://openalex.org/W11675005,2000-01-01,2000
7576,https://openalex.org/W2082605673,2013-02-26,2013
7577,https://openalex.org/W1805128546,1966-02-01,1966
7578,https://openalex.org/W44809888,1993-06-01,1993
7579,https://openalex.org/W2412518832,2013-08-01,2013
7580,https://openalex.org/W4381470575,2023-06-20,2023
7581,https://openalex.org/W2734577455,2017-01-01,2017
7582,https://openalex.org/W2509707397,2016-08-26,2016
7583,https://openalex.org/W4233329543,2011-05-01,2011
7584,https://openalex.org/W2963426153,2010-07-30,2010
7585,https://openalex.org/W1968931914,1989-01-01,1989
7586,https://openalex.org/W2045872002,2015-04-28,2015
7587,https://openalex.org/W1985947313,1976-05-01,1976
7588,https://openalex.org/W3006796473,2020-02-19,2020
7589,https://openalex.org/W2031466805,2006-12-30,2006
7590,https://openalex.org/W2350226561,2012-01-01,2012
7591,https://openalex.org/W1544137434,2025-09-09,2025
7592,https://openalex.org/W32440674,2004-04-29,2004
7593,https://openalex.org/W2379901920,2012-01-01,2012
7594,https://openalex.org/W2008253519,1984-01-01,1984
7595,https://openalex.org/W2989603999,2019-10-01,2019
7596,https://openalex.org/W3199542263,2021-09-14,2021
7597,https://openalex.org/W765936793,1991-01-01,1991
7598,https://openalex.org/W2155813797,2013-02-20,2013
7599,https://openalex.org/W2069793953,1994-03-01,1994
7600,https://openalex.org/W4391034327,2024-01-18,2024
7601,https://openalex.org/W125957059,2004-02-01,2004
7602,https://openalex.org/W2036139844,1997-10-01,1997
7603,https://openalex.org/W2287955092,2015-01-01,2015
7604,https://openalex.org/W2196064938,2021-04-21,2021
7605,https://openalex.org/W3111671674,2020-12-13,2020
7606,https://openalex.org/W2158777896,2014-03-01,2014
7607,https://openalex.org/W1941604329,2002-11-07,2002
7608,https://openalex.org/W2187096341,2008-01-01,2008
7609,https://openalex.org/W4386946835,2023-09-20,2023
7610,https://openalex.org/W4407727808,2025-02-19,2025
7611,https://openalex.org/W2058310950,1985-06-01,1985
7612,https://openalex.org/W1995795189,1996-10-21,1996
7613,https://openalex.org/W4220861471,2022-03-19,2022
7614,https://openalex.org/W3045790655,2020-07-30,2020
7615,https://openalex.org/W2334550692,2014-10-03,2014
7616,https://openalex.org/W2349223594,2013-01-01,2013
7617,https://openalex.org/W2044207398,2014-11-01,2014
7618,https://openalex.org/W4404878953,2024-11-30,2024
7619,https://openalex.org/W3094557776,2020-10-21,2020
7620,https://openalex.org/W93746130,1967-09-01,1967
7621,https://openalex.org/W2018865679,2013-05-09,2013
7622,https://openalex.org/W1987421423,1990-04-01,1990
7623,https://openalex.org/W2148525750,1996-11-01,1996
7624,https://openalex.org/W4362657808,2023-04-06,2023
7625,https://openalex.org/W2234790079,2016-01-09,2016
7626,https://openalex.org/W2290642280,2016-03-01,2016
7627,https://openalex.org/W2026027721,2006-06-01,2006
7628,https://openalex.org/W2473570097,2015-05-27,2015
7629,https://openalex.org/W2060592995,1976-07-01,1976
7630,https://openalex.org/W2883241469,2018-01-01,2018
7631,https://openalex.org/W2531779339,2016-01-01,2016
7632,https://openalex.org/W2051990691,2013-01-01,2013
7633,https://openalex.org/W1972121858,2001-04-01,2001
7634,https://openalex.org/W4293223711,2022-02-07,2022
7635,https://openalex.org/W2399883031,2016-05-26,2016
7636,https://openalex.org/W2321055502,2012-04-24,2012
7637,https://openalex.org/W2374840247,2008-01-01,2008
7638,https://openalex.org/W568317710,2011-01-01,2011
7639,https://openalex.org/W4392868612,2024-03-15,2024
7640,https://openalex.org/W1944590002,1994-08-01,1994
7641,https://openalex.org/W2089987947,2006-03-15,2006
7642,https://openalex.org/W2111633502,2012-01-01,2012
7643,https://openalex.org/W2002158571,1998-11-01,1998
7644,https://openalex.org/W2346937045,2016-05-03,2016
7645,https://openalex.org/W1669131924,1979-10-01,1979
7646,https://openalex.org/W2410197017,1984-01-01,1984
7647,https://openalex.org/W4214949187,2022-03-03,2022
7648,https://openalex.org/W2589585833,2016-07-01,2016
7649,https://openalex.org/W2317478435,2002-08-01,2002
7650,https://openalex.org/W4385217852,2023-01-01,2023
7651,https://openalex.org/W4384345627,2023-05-01,2023
7652,https://openalex.org/W2004421825,1993-05-01,1993
7653,https://openalex.org/W2486375228,2016-08-05,2016
7654,https://openalex.org/W2060678034,2012-01-01,2012
7655,https://openalex.org/W2510991952,2016-07-01,2016
7656,https://openalex.org/W2083449626,2004-08-01,2004
7657,https://openalex.org/W1603862079,2014-05-01,2014
7658,https://openalex.org/W2078219141,2014-01-01,2014
7659,https://openalex.org/W4240587968,2020-11-13,2020
7660,https://openalex.org/W2593761458,2017-03-01,2017
7661,https://openalex.org/W2118208041,2003-07-01,2003
7662,https://openalex.org/W2168224696,2000-05-01,2000
7663,https://openalex.org/W2883319595,2018-01-01,2018
7664,https://openalex.org/W2919409602,2018-11-02,2018
7665,https://openalex.org/W3183858377,2021-01-01,2021
7666,https://openalex.org/W2513119115,1986-06-01,1986
7667,https://openalex.org/W2098807144,2014-09-01,2014
7668,https://openalex.org/W1987062061,2009-11-12,2009
7669,https://openalex.org/W2133604043,2010-06-17,2010
7670,https://openalex.org/W2510145312,1997-01-01,1997
7671,https://openalex.org/W2065433187,2006-11-02,2006
7672,https://openalex.org/W2089028955,2000-02-01,2000
7673,https://openalex.org/W1520053956,2013-06-24,2013
7674,https://openalex.org/W3122000306,2021-01-15,2021
7675,https://openalex.org/W1999050919,1983-08-01,1983
7676,https://openalex.org/W2462394092,2016-03-01,2016
7677,https://openalex.org/W3159538654,2021-04-24,2021
7678,https://openalex.org/W4200511693,2021-12-13,2021
7679,https://openalex.org/W2491125572,1975-01-01,1975
7680,https://openalex.org/W1974512259,2002-11-01,2002
7681,https://openalex.org/W1997453449,2013-12-10,2013
7682,https://openalex.org/W4386381479,2023-01-01,2023
7683,https://openalex.org/W2898650739,2018-10-01,2018
7684,https://openalex.org/W2806398784,2018-06-01,2018
7685,https://openalex.org/W200932817,1992-01-01,1992
7686,https://openalex.org/W2389369047,2002-01-01,2002
7687,https://openalex.org/W1994870313,2013-01-31,2013
7688,https://openalex.org/W2727459456,2017-06-27,2017
7689,https://openalex.org/W2221501275,2015-12-02,2015
7690,https://openalex.org/W2899519158,2018-11-01,2018
7691,https://openalex.org/W2596229457,2015-09-01,2015
7692,https://openalex.org/W3015214993,2020-03-26,2020
7693,https://openalex.org/W2418667205,1986-01-01,1986
7694,https://openalex.org/W2055939036,2007-06-28,2007
7695,https://openalex.org/W2947077712,2019-06-02,2019
7696,https://openalex.org/W2069344177,2001-05-01,2001
7697,https://openalex.org/W2060764895,2001-12-01,2001
7698,https://openalex.org/W1522131672,2003-01-01,2003
7699,https://openalex.org/W2767697869,2017-11-01,2017
7700,https://openalex.org/W2614091510,1964-08-01,1964
7701,https://openalex.org/W3122812506,2009-07-22,2009
7702,https://openalex.org/W2809880428,2018-06-25,2018
7703,https://openalex.org/W2016880913,2004-02-01,2004
7704,https://openalex.org/W3122877974,2021-01-01,2021
7705,https://openalex.org/W2091356231,2014-04-01,2014
7706,https://openalex.org/W2101537238,2010-08-05,2010
7707,https://openalex.org/W2063451151,1986-11-01,1986
7708,https://openalex.org/W4322768464,2023-03-02,2023
7709,https://openalex.org/W2064261651,2011-12-25,2011
7710,https://openalex.org/W2520828211,2016-09-14,2016
7711,https://openalex.org/W1593028938,2009-01-01,2009
7712,https://openalex.org/W2787843973,2018-02-02,2018
7713,https://openalex.org/W2008730600,2003-03-01,2003
7714,https://openalex.org/W4246198158,1999-05-28,1999
7715,https://openalex.org/W1985726440,1984-12-01,1984
7716,https://openalex.org/W2521419969,2016-08-22,2016
7717,https://openalex.org/W2902311225,2018-06-01,2018
7718,https://openalex.org/W1751492183,2015-01-01,2015
7719,https://openalex.org/W4393333508,1994-10-01,1994
7720,https://openalex.org/W2110910287,1984-01-01,1984
7721,https://openalex.org/W4392209815,2023-12-13,2023
7722,https://openalex.org/W1593728307,2009-01-01,2009
7723,https://openalex.org/W2108048072,2014-04-03,2014
7724,https://openalex.org/W4307267995,2022-10-24,2022
7725,https://openalex.org/W4207084281,2022-01-21,2022
7726,https://openalex.org/W2886807453,2018-06-01,2018
7727,https://openalex.org/W1977462067,1985-10-01,1985
7728,https://openalex.org/W2317991228,2016-03-10,2016
7729,https://openalex.org/W4200563275,2021-10-01,2021
7730,https://openalex.org/W19014220,1994-04-01,1994
7731,https://openalex.org/W4402283794,2024-09-05,2024
7732,https://openalex.org/W2101745429,1997-01-01,1997
7733,https://openalex.org/W4323519767,2023-01-01,2023
7734,https://openalex.org/W2397619077,2010-07-01,2010
7735,https://openalex.org/W2131126877,1962-04-01,1962
7736,https://openalex.org/W1544501563,1991-09-01,1991
7737,https://openalex.org/W2078778800,1964-06-01,1964
7738,https://openalex.org/W6929742219,2022-03-19,2022
7739,https://openalex.org/W3016626701,2020-08-20,2020
7740,https://openalex.org/W4372403081,2023-05-06,2023
7741,https://openalex.org/W3193619592,2021-07-01,2021
7742,https://openalex.org/W3117798692,2020-12-31,2020
7743,https://openalex.org/W1977137184,1958-08-01,1958
7744,https://openalex.org/W4401787277,2024-08-21,2024
7745,https://openalex.org/W4317418752,2022-10-18,2022
7746,https://openalex.org/W1601854323,2007-11-20,2007
7747,https://openalex.org/W3029510851,2020-02-28,2020
7748,https://openalex.org/W4244163538,1997-06-11,1997
7749,https://openalex.org/W2914406333,2019-02-11,2019
7750,https://openalex.org/W2007824903,2014-11-26,2014
7751,https://openalex.org/W2056358496,1992-12-15,1992
7752,https://openalex.org/W2132237651,2014-07-20,2014
7753,https://openalex.org/W2081749143,2013-04-01,2013
7754,https://openalex.org/W1976620045,1996-07-01,1996
7755,https://openalex.org/W3135463986,2021-01-28,2021
7756,https://openalex.org/W2072759300,2013-09-01,2013
7757,https://openalex.org/W4299788062,2012-03-02,2012
7758,https://openalex.org/W1864141223,2012-05-16,2012
7759,https://openalex.org/W2314864103,2012-03-01,2012
7760,https://openalex.org/W4390237024,2023-12-26,2023
7761,https://openalex.org/W1648956906,2014-11-02,2014
7762,https://openalex.org/W3206041008,2021-08-30,2021
7763,https://openalex.org/W2049741837,2014-01-01,2014
7764,https://openalex.org/W2237669227,2012-06-01,2012
7765,https://openalex.org/W2783115827,2018-01-11,2018
7766,https://openalex.org/W4281850682,2022-05-26,2022
7767,https://openalex.org/W2005702812,2005-11-23,2005
7768,https://openalex.org/W2055430566,1986-10-01,1986
7769,https://openalex.org/W2883154335,2018-01-01,2018
7770,https://openalex.org/W1867599997,2015-06-27,2015
7771,https://openalex.org/W2070830834,2015-06-11,2015
7772,https://openalex.org/W2036476769,1981-05-15,1981
7773,https://openalex.org/W2068532691,2008-07-27,2008
7774,https://openalex.org/W2912543213,2019-02-22,2019
7775,https://openalex.org/W2112835442,1953-01-01,1953
7776,https://openalex.org/W2064039624,2013-09-11,2013
7777,https://openalex.org/W2905534172,2018-12-01,2018
7778,https://openalex.org/W2004677620,2010-05-01,2010
7779,https://openalex.org/W2019337892,2001-12-01,2001
7780,https://openalex.org/W3125824251,2003-10-01,2003
7781,https://openalex.org/W4224256863,2022-04-21,2022
7782,https://openalex.org/W1719995771,2015-01-01,2015
7783,https://openalex.org/W2072780794,2013-03-01,2013
7784,https://openalex.org/W2086637265,2012-07-01,2012
7785,https://openalex.org/W2054807753,2011-07-26,2011
7786,https://openalex.org/W2045804439,2007-08-29,2007
7787,https://openalex.org/W2056055065,2007-04-01,2007
7788,https://openalex.org/W2045141094,2002-01-01,2002
7789,https://openalex.org/W1607904195,2015-01-01,2015
7790,https://openalex.org/W2277019308,2015-04-02,2015
7791,https://openalex.org/W2005956659,2013-07-29,2013
7792,https://openalex.org/W2114510380,2006-04-27,2006
7793,https://openalex.org/W2965598240,2019-07-01,2019
7794,https://openalex.org/W4235010868,1979-08-01,1979
7795,https://openalex.org/W2062390447,2012-04-30,2012
7796,https://openalex.org/W2747003594,2017-12-12,2017
7797,https://openalex.org/W2116031655,2014-10-10,2014
7798,https://openalex.org/W2032428338,1981-01-01,1981
7799,https://openalex.org/W4246452841,2001-01-01,2001
7800,https://openalex.org/W2914682543,2019-01-31,2019
7801,https://openalex.org/W2275418896,2015-05-14,2015
7802,https://openalex.org/W2059535837,1981-09-01,1981
7803,https://openalex.org/W2320871807,2016-02-26,2016
7804,https://openalex.org/W2051907415,2010-05-03,2010
7805,https://openalex.org/W6888073696,2024-06-07,2024
7806,https://openalex.org/W4392418584,2023-01-01,2023
7807,https://openalex.org/W1964372330,2011-06-01,2011
7808,https://openalex.org/W2087244897,1984-09-01,1984
7809,https://openalex.org/W2963097367,2016-08-17,2016
7810,https://openalex.org/W1995660912,1977-07-20,1977
7811,https://openalex.org/W754045342,2014-01-01,2014
7812,https://openalex.org/W2199970567,2014-12-28,2014
7813,https://openalex.org/W3009049867,2020-07-20,2020
7814,https://openalex.org/W2531129268,2016-10-01,2016
7815,https://openalex.org/W4283795606,2022-07-04,2022
7816,https://openalex.org/W2358948502,2011-01-01,2011
7817,https://openalex.org/W631858312,1970-01-01,1970
7818,https://openalex.org/W202064885,1976-01-01,1976
7819,https://openalex.org/W2080302094,1989-12-20,1989
7820,https://openalex.org/W2801460366,2018-04-25,2018
7821,https://openalex.org/W2059542017,2003-08-19,2003
7822,https://openalex.org/W2781135902,2017-12-26,2017
7823,https://openalex.org/W4386294347,2023-08-01,2023
7824,https://openalex.org/W2080831547,1978-02-01,1978
7825,https://openalex.org/W2047699049,1978-10-01,1978
7826,https://openalex.org/W4407114144,2025-02-03,2025
7827,https://openalex.org/W2560553182,2016-12-06,2016
7828,https://openalex.org/W2103050904,1964-06-01,1964
7829,https://openalex.org/W2471994960,2016-02-24,2016
7830,https://openalex.org/W2997924584,2019-12-30,2019
7831,https://openalex.org/W2370826281,2012-01-01,2012
7832,https://openalex.org/W3004121384,2020-01-29,2020
7833,https://openalex.org/W2152164390,1995-05-01,1995
7834,https://openalex.org/W4249362793,2021-05-24,2021
7835,https://openalex.org/W246274357,2010-12-01,2010
7836,https://openalex.org/W1194826699,2014-05-19,2014
7837,https://openalex.org/W2068912914,2012-05-01,2012
7838,https://openalex.org/W2061857445,2013-10-01,2013
7839,https://openalex.org/W314826190,1991-07-01,1991
7840,https://openalex.org/W2053409223,2010-01-01,2010
7841,https://openalex.org/W2158647334,2015-09-26,2015
7842,https://openalex.org/W4306316918,2022-10-16,2022
7843,https://openalex.org/W1482978890,1991-01-01,1991
7844,https://openalex.org/W3019565908,2020-03-31,2020
7845,https://openalex.org/W4394890099,2024-04-16,2024
7846,https://openalex.org/W657285625,1985-01-01,1985
7847,https://openalex.org/W2768924842,2017-10-01,2017
7848,https://openalex.org/W2536196305,2016-09-01,2016
7849,https://openalex.org/W2084786372,1998-04-13,1998
7850,https://openalex.org/W2588055458,2016-10-01,2016
7851,https://openalex.org/W4391684344,2024-01-01,2024
7852,https://openalex.org/W2887537457,2018-03-01,2018
7853,https://openalex.org/W2961780167,2019-05-01,2019
7854,https://openalex.org/W2067844651,2005-10-01,2005
7855,https://openalex.org/W4243967191,2013-01-01,2013
7856,https://openalex.org/W4255349279,2009-04-01,2009
7857,https://openalex.org/W2979141755,2019-09-25,2019
7858,https://openalex.org/W4304693415,2022-10-12,2022
7859,https://openalex.org/W4205346953,2022-01-11,2022
7860,https://openalex.org/W2758295408,2017-09-20,2017
7861,https://openalex.org/W4393255353,2024-03-28,2024
7862,https://openalex.org/W2690948692,2017-01-01,2017
7863,https://openalex.org/W2132243912,1998-05-01,1998
7864,https://openalex.org/W2022174004,1968-04-01,1968
7865,https://openalex.org/W2060392359,1990-08-01,1990
7866,https://openalex.org/W2346350854,2001-06-01,2001
7867,https://openalex.org/W2011385512,2014-01-19,2014
7868,https://openalex.org/W2910782513,2019-01-01,2019
7869,https://openalex.org/W13477622,1999-05-18,1999
7870,https://openalex.org/W3112842018,2017-10-01,2017
7871,https://openalex.org/W1931582499,2015-04-23,2015
7872,https://openalex.org/W1964171169,1992-03-01,1992
7873,https://openalex.org/W2906128186,2018-12-24,2018
7874,https://openalex.org/W828911496,2022-04-13,2022
7875,https://openalex.org/W2783572930,2017-12-29,2017
7876,https://openalex.org/W2067005833,2011-01-01,2011
7877,https://openalex.org/W2034394940,2012-12-19,2012
7878,https://openalex.org/W4200121838,2021-12-17,2021
7879,https://openalex.org/W1971760980,1988-01-01,1988
7880,https://openalex.org/W2048583340,2003-11-13,2003
7881,https://openalex.org/W1983690108,1969-10-07,1969
7882,https://openalex.org/W2600317476,1988-10-01,1988
7883,https://openalex.org/W2167231523,1999-12-01,1999
7884,https://openalex.org/W2767072093,2017-01-01,2017
7885,https://openalex.org/W4403053531,2024-10-02,2024
7886,https://openalex.org/W2068334093,2003-04-01,2003
7887,https://openalex.org/W2111114462,1997-06-01,1997
7888,https://openalex.org/W2238114637,2007-08-01,2007
7889,https://openalex.org/W2128267870,2003-05-27,2003
7890,https://openalex.org/W2369240000,2009-01-01,2009
7891,https://openalex.org/W1998485548,2006-06-01,2006
7892,https://openalex.org/W2905534331,2002-08-14,2002
7893,https://openalex.org/W4392511631,2024-03-06,2024
7894,https://openalex.org/W2018709236,1999-01-01,1999
7895,https://openalex.org/W2238966380,2016-01-11,2016
7896,https://openalex.org/W2017283621,1977-01-01,1977
7897,https://openalex.org/W3038748052,2001-08-01,2001
7898,https://openalex.org/W2140578725,2007-08-01,2007
7899,https://openalex.org/W2397648891,1995-01-01,1995
7900,https://openalex.org/W4383068336,2023-07-03,2023
7901,https://openalex.org/W2412185377,1980-05-15,1980
7902,https://openalex.org/W1606948862,1970-01-01,1970
7903,https://openalex.org/W3010680176,2020-02-06,2020
7904,https://openalex.org/W3008446009,2020-02-25,2020
7905,https://openalex.org/W2143637647,2011-06-20,2011
7906,https://openalex.org/W2021508329,1981-01-01,1981
7907,https://openalex.org/W4360784883,2022-12-19,2022
7908,https://openalex.org/W1968374708,1979-01-01,1979
7909,https://openalex.org/W7000745729,2015-01-06,2015
7910,https://openalex.org/W3157539199,2021-05-06,2021
7911,https://openalex.org/W2022460700,2014-09-01,2014
7912,https://openalex.org/W4319065412,2023-02-03,2023
7913,https://openalex.org/W2036163594,1999-03-01,1999
7914,https://openalex.org/W45155043,1976-06-01,1976
7915,https://openalex.org/W3186510754,2021-07-24,2021
7916,https://openalex.org/W1984064387,2003-01-01,2003
7917,https://openalex.org/W2160353277,1999-02-01,1999
7918,https://openalex.org/W6930440632,2024-07-19,2024
7919,https://openalex.org/W2605013037,2017-04-06,2017
7920,https://openalex.org/W4242541852,2015-08-03,2015
7921,https://openalex.org/W3016133825,2020-01-01,2020
7922,https://openalex.org/W1482897918,2014-12-01,2014
7923,https://openalex.org/W2295158174,2000-12-29,2000
7924,https://openalex.org/W3031369187,2006-08-15,2006
7925,https://openalex.org/W2606602370,2017-03-31,2017
7926,https://openalex.org/W2334536252,2004-01-01,2004
7927,https://openalex.org/W2725793594,2017-06-01,2017
7928,https://openalex.org/W4402883982,2024-09-26,2024
7929,https://openalex.org/W1990555043,2007-07-21,2007
7930,https://openalex.org/W2791957212,2018-02-02,2018
7931,https://openalex.org/W2002751708,2007-01-01,2007
7932,https://openalex.org/W1178207156,2008-01-01,2008
7933,https://openalex.org/W2052610206,1991-01-15,1991
7934,https://openalex.org/W4407172151,2025-02-05,2025
7935,https://openalex.org/W4384828008,2023-07-19,2023
7936,https://openalex.org/W2007896716,2000-03-01,2000
7937,https://openalex.org/W3164487781,2021-03-29,2021
7938,https://openalex.org/W4410186393,2025-05-08,2025
7939,https://openalex.org/W1924169242,2009-01-17,2009
7940,https://openalex.org/W2078163711,1991-10-01,1991
7941,https://openalex.org/W1982367949,2001-02-01,2001
7942,https://openalex.org/W2969595342,2019-08-20,2019
7943,https://openalex.org/W2243492658,2015-09-01,2015
7944,https://openalex.org/W3172987170,2021-06-03,2021
7945,https://openalex.org/W3197275851,2021-11-26,2021
7946,https://openalex.org/W1988276190,2013-01-01,2013
7947,https://openalex.org/W919384019,2014-01-01,2014
7948,https://openalex.org/W3005137508,2019-06-01,2019
7949,https://openalex.org/W2076617082,1997-12-01,1997
7950,https://openalex.org/W2559085846,2016-11-28,2016
7951,https://openalex.org/W2112932599,1981-03-01,1981
7952,https://openalex.org/W2021866526,2000-04-01,2000
7953,https://openalex.org/W3005100926,2020-02-07,2020
7954,https://openalex.org/W2968665632,2014-07-04,2014
7955,https://openalex.org/W2325167042,1981-01-01,1981
7956,https://openalex.org/W653295343,1986-09-01,1986
7957,https://openalex.org/W2023379000,2010-11-06,2010
7958,https://openalex.org/W3176211153,2021-06-01,2021
7959,https://openalex.org/W2334696740,1951-09-01,1951
7960,https://openalex.org/W2315840682,2014-06-15,2014
7961,https://openalex.org/W2092278553,1979-01-01,1979
7962,https://openalex.org/W3000153713,2020-01-11,2020
7963,https://openalex.org/W2441041479,1989-03-23,1989
7964,https://openalex.org/W1998492256,1998-01-01,1998
7965,https://openalex.org/W3046234204,2020-01-01,2020
7966,https://openalex.org/W2085627747,1988-07-01,1988
7967,https://openalex.org/W2626235006,2017-06-14,2017
7968,https://openalex.org/W2325315656,1963-01-01,1963
7969,https://openalex.org/W2574238001,2017-01-20,2017
7970,https://openalex.org/W2310119032,2016-01-01,2016
7971,https://openalex.org/W2141178095,2003-11-30,2003
7972,https://openalex.org/W4383736340,2023-07-07,2023
7973,https://openalex.org/W2104333234,2004-03-01,2004
7974,https://openalex.org/W2063627935,1992-09-01,1992
7975,https://openalex.org/W2320468380,2011-05-05,2011
7976,https://openalex.org/W4223531962,2022-04-10,2022
7977,https://openalex.org/W4391021186,2023-09-28,2023
7978,https://openalex.org/W1991575344,1996-11-01,1996
7979,https://openalex.org/W2028213959,2009-10-30,2009
7980,https://openalex.org/W2325470401,2014-08-01,2014
7981,https://openalex.org/W2557444005,2016-11-30,2016
7982,https://openalex.org/W2903664754,2018-12-18,2018
7983,https://openalex.org/W2168289071,2007-09-01,2007
7984,https://openalex.org/W2910453590,2018-10-01,2018
7985,https://openalex.org/W2001195468,1949-07-01,1949
7986,https://openalex.org/W2006128416,2011-03-24,2011
7987,https://openalex.org/W2011853452,2004-06-22,2004
7988,https://openalex.org/W3134936029,2021-02-01,2021
7989,https://openalex.org/W4396706633,2024-05-07,2024
7990,https://openalex.org/W3091429374,2020-09-30,2020
7991,https://openalex.org/W3140806780,2021-04-03,2021
7992,https://openalex.org/W2999850471,2019-12-01,2019
7993,https://openalex.org/W2118678174,2009-09-01,2009
7994,https://openalex.org/W2594388011,1986-10-01,1986
7995,https://openalex.org/W2582002673,2017-01-01,2017
7996,https://openalex.org/W2963082927,2019-07-18,2019
7997,https://openalex.org/W4324306035,2023-03-15,2023
7998,https://openalex.org/W2050255396,2006-12-01,2006
7999,https://openalex.org/W2163095314,2012-10-17,2012
8000,https://openalex.org/W2769769624,2017-11-29,2017
8001,https://openalex.org/W2785341188,2018-01-11,2018
8002,https://openalex.org/W4319078552,2023-02-01,2023
8003,https://openalex.org/W2090950259,2009-08-01,2009
8004,https://openalex.org/W2176286286,2015-08-01,2015
8005,https://openalex.org/W4200626666,2021-12-16,2021
8006,https://openalex.org/W2159583888,2005-04-06,2005
8007,https://openalex.org/W7071786562,2022-08-02,2022
8008,https://openalex.org/W2124784442,2012-09-17,2012
8009,https://openalex.org/W4411812008,2025-06-30,2025
8010,https://openalex.org/W2022840919,2010-12-01,2010
8011,https://openalex.org/W2029032352,2005-08-15,2005
8012,https://openalex.org/W2018076342,2015-01-01,2015
8013,https://openalex.org/W4386110263,2018-09-01,2018
8014,https://openalex.org/W2012042071,1998-02-01,1998
8015,https://openalex.org/W1972431835,1978-12-01,1978
8016,https://openalex.org/W2208864699,2015-02-19,2015
8017,https://openalex.org/W3037284913,2020-06-26,2020
8018,https://openalex.org/W26624959,2013-03-10,2013
8019,https://openalex.org/W817501309,1993-10-25,1993
8020,https://openalex.org/W2378706538,2003-01-01,2003
8021,https://openalex.org/W1704530104,2014-03-01,2014
8022,https://openalex.org/W2116245826,2000-06-01,2000
8023,https://openalex.org/W2031401496,2007-04-01,2007
8024,https://openalex.org/W2810114378,2018-06-26,2018
8025,https://openalex.org/W2132988886,2008-04-15,2008
8026,https://openalex.org/W2776997075,2017-12-20,2017
8027,https://openalex.org/W2886925600,2012-01-01,2012
8028,https://openalex.org/W562755910,1979-09-01,1979
8029,https://openalex.org/W4406398139,2025-01-15,2025
8030,https://openalex.org/W2766515263,2017-01-01,2017
8031,https://openalex.org/W1967893747,2007-03-02,2007
8032,https://openalex.org/W2186673641,2002-07-01,2002
8033,https://openalex.org/W2535269721,2015-08-01,2015
8034,https://openalex.org/W2941331841,2018-12-15,2018
8035,https://openalex.org/W2162905771,2008-05-02,2008
8036,https://openalex.org/W2907832930,2019-01-04,2019
8037,https://openalex.org/W2052300571,2011-01-01,2011
8038,https://openalex.org/W4385619378,2023-08-07,2023
8039,https://openalex.org/W2077192649,1959-07-01,1959
8040,https://openalex.org/W2986373308,2019-01-01,2019
8041,https://openalex.org/W1965081743,2007-08-01,2007
8042,https://openalex.org/W2031116002,2015-01-01,2015
8043,https://openalex.org/W2592891093,2017-03-09,2017
8044,https://openalex.org/W2988352195,2019-10-01,2019
8045,https://openalex.org/W2794737276,2018-03-22,2018
8046,https://openalex.org/W2031583958,2014-01-01,2014
8047,https://openalex.org/W2064595277,1979-02-28,1979
8048,https://openalex.org/W4298326508,2022-10-01,2022
8049,https://openalex.org/W4396901284,2024-05-13,2024
8050,https://openalex.org/W2041106658,1993-10-01,1993
8051,https://openalex.org/W2348367707,2016-05-12,2016
8052,https://openalex.org/W2103526016,1991-11-01,1991
8053,https://openalex.org/W1569702378,2013-10-21,2013
8054,https://openalex.org/W4225285087,2022-05-02,2022
8055,https://openalex.org/W2002037781,1982-09-28,1982
8056,https://openalex.org/W4205697144,2022-01-10,2022
8057,https://openalex.org/W2461030013,2016-01-01,2016
8058,https://openalex.org/W2153466628,2013-10-04,2013
8059,https://openalex.org/W2029732055,1969-11-01,1969
8060,https://openalex.org/W2101579060,2009-07-01,2009
8061,https://openalex.org/W2125669142,2014-08-01,2014
8062,https://openalex.org/W2792830831,2018-01-01,2018
8063,https://openalex.org/W129014732,2002-01-01,2002
8064,https://openalex.org/W2074021318,1997-09-01,1997
8065,https://openalex.org/W2150049904,2015-02-25,2015
8066,https://openalex.org/W2320429550,2015-01-26,2015
8067,https://openalex.org/W2007686005,1956-11-01,1956
8068,https://openalex.org/W2124137957,2012-01-25,2012
8069,https://openalex.org/W4213118374,2022-02-12,2022
8070,https://openalex.org/W2368559063,2007-01-01,2007
8071,https://openalex.org/W2798150192,2018-04-12,2018
8072,https://openalex.org/W2013108394,2006-01-01,2006
8073,https://openalex.org/W2000351916,1990-11-01,1990
8074,https://openalex.org/W4395068500,2024-04-24,2024
8075,https://openalex.org/W2914486223,2019-01-30,2019
8076,https://openalex.org/W4396228364,2024-04-25,2024
8077,https://openalex.org/W2233461435,2016-09-29,2016
8078,https://openalex.org/W4401424208,2024-08-08,2024
8079,https://openalex.org/W2765502976,2017-10-27,2017
8080,https://openalex.org/W4292307685,2022-08-17,2022
8081,https://openalex.org/W4401455234,2024-08-09,2024
8082,https://openalex.org/W2147875356,1974-03-01,1974
8083,https://openalex.org/W3010181819,2020-01-01,2020
8084,https://openalex.org/W2091631792,2003-03-31,2003
8085,https://openalex.org/W1965414722,2014-01-29,2014
8086,https://openalex.org/W3119038097,2021-01-10,2021
8087,https://openalex.org/W2130341990,1994-08-20,1994
8088,https://openalex.org/W2792713230,2018-02-05,2018
8089,https://openalex.org/W2112642841,2009-11-24,2009
8090,https://openalex.org/W2414595981,1996-03-01,1996
8091,https://openalex.org/W2076077784,2005-01-01,2005
8092,https://openalex.org/W2181510882,2009-10-28,2009
8093,https://openalex.org/W3145611798,2021-04-07,2021
8094,https://openalex.org/W2144412961,2013-12-20,2013
8095,https://openalex.org/W3164838969,2019-06-02,2019
8096,https://openalex.org/W4293094861,2022-06-01,2022
8097,https://openalex.org/W1982835462,1985-10-01,1985
8098,https://openalex.org/W2108316271,2014-06-10,2014
8099,https://openalex.org/W4246464026,1987-12-01,1987
8100,https://openalex.org/W2008365525,2015-05-15,2015
8101,https://openalex.org/W2383800874,2015-01-01,2015
8102,https://openalex.org/W2770976170,2017-11-14,2017
8103,https://openalex.org/W2069320874,2014-01-01,2014
8104,https://openalex.org/W3216189005,2021-07-04,2021
8105,https://openalex.org/W2071442151,2008-03-01,2008
8106,https://openalex.org/W2085300734,2013-01-01,2013
8107,https://openalex.org/W1560083429,1956-08-01,1956
8108,https://openalex.org/W3033925215,2022-11-16,2022
8109,https://openalex.org/W2157567798,1989-09-01,1989
8110,https://openalex.org/W2197458772,1959-04-01,1959
8111,https://openalex.org/W4405575393,2024-12-19,2024
8112,https://openalex.org/W1767637184,2017-01-01,2017
8113,https://openalex.org/W4290629451,2022-08-08,2022
8114,https://openalex.org/W4386246866,2023-08-08,2023
8115,https://openalex.org/W2090276632,2012-02-24,2012
8116,https://openalex.org/W4404410652,2024-11-15,2024
8117,https://openalex.org/W2789498946,2018-03-03,2018
8118,https://openalex.org/W2899234097,2018-11-01,2018
8119,https://openalex.org/W4391617413,2024-02-01,2024
8120,https://openalex.org/W2003302441,1972-03-01,1972
8121,https://openalex.org/W4382136088,2023-06-24,2023
8122,https://openalex.org/W6907388585,2024-01-01,2024
8123,https://openalex.org/W3174396437,2021-11-24,2021
8124,https://openalex.org/W2092633977,2013-09-01,2013
8125,https://openalex.org/W2952383860,2019-06-18,2019
8126,https://openalex.org/W2340526892,2015-01-01,2015
8127,https://openalex.org/W2142523914,2010-03-26,2010
8128,https://openalex.org/W4388819552,2023-11-20,2023
8129,https://openalex.org/W3203218980,2020-04-15,2020
8130,https://openalex.org/W1993863432,2009-05-11,2009
8131,https://openalex.org/W2037440070,1969-07-01,1969
8132,https://openalex.org/W3015248122,2020-05-01,2020
8133,https://openalex.org/W4378804629,2023-05-31,2023
8134,https://openalex.org/W1999763189,1937-12-01,1937
8135,https://openalex.org/W140720423,2009-01-01,2009
8136,https://openalex.org/W2280312535,2015-11-09,2015
8137,https://openalex.org/W2381323605,2006-01-01,2006
8138,https://openalex.org/W2124070399,2001-12-01,2001
8139,https://openalex.org/W2969725499,2019-01-01,2019
8140,https://openalex.org/W2094365741,2013-01-08,2013
8141,https://openalex.org/W2160023742,1987-08-01,1987
8142,https://openalex.org/W3016102792,2020-03-01,2020
8143,https://openalex.org/W2405906413,2015-11-01,2015
8144,https://openalex.org/W2325723366,2011-08-23,2011
8145,https://openalex.org/W2972781730,2019-09-04,2019
8146,https://openalex.org/W2146544668,1970-06-01,1970
8147,https://openalex.org/W2324885871,1984-11-01,1984
8148,https://openalex.org/W1812720457,1996-09-01,1996
8149,https://openalex.org/W2586885816,2017-02-06,2017
8150,https://openalex.org/W2071279014,1984-10-01,1984
8151,https://openalex.org/W2547229768,2016-11-05,2016
8152,https://openalex.org/W3134149771,2021-03-01,2021
8153,https://openalex.org/W1997763786,1985-01-01,1985
8154,https://openalex.org/W202207303,2013-12-31,2013
8155,https://openalex.org/W3176939197,2021-05-01,2021
8156,https://openalex.org/W2008995508,2015-01-01,2015
8157,https://openalex.org/W2088824227,2009-04-07,2009
8158,https://openalex.org/W4385981403,2023-01-01,2023
8159,https://openalex.org/W2034226927,2003-01-01,2003
8160,https://openalex.org/W2020073131,2013-12-01,2013
8161,https://openalex.org/W4387246667,2023-10-02,2023
8162,https://openalex.org/W2041579882,2012-04-17,2012
8163,https://openalex.org/W3173595886,2021-06-28,2021
8164,https://openalex.org/W2006720084,2003-01-01,2003
8165,https://openalex.org/W2528127661,1933-10-01,1933
8166,https://openalex.org/W1605898101,2009-04-12,2009
8167,https://openalex.org/W2334664673,2011-04-01,2011
8168,https://openalex.org/W2022329402,1995-11-01,1995
8169,https://openalex.org/W2989672576,2017-01-01,2017
8170,https://openalex.org/W1970951955,2002-10-01,2002
8171,https://openalex.org/W2171355958,2000-01-01,2000
8172,https://openalex.org/W2022237062,1954-10-01,1954
8173,https://openalex.org/W2897816998,2018-10-04,2018
8174,https://openalex.org/W1565483434,1962-01-01,1962
8175,https://openalex.org/W1912982695,2005-12-30,2005
8176,https://openalex.org/W1997549291,2004-03-01,2004
8177,https://openalex.org/W4408134861,2025-03-04,2025
8178,https://openalex.org/W2884518902,2018-07-13,2018
8179,https://openalex.org/W3155073475,2021-03-01,2021
8180,https://openalex.org/W2124344454,1989-03-01,1989
8181,https://openalex.org/W4396229636,2024-04-01,2024
8182,https://openalex.org/W2600805018,2017-03-01,2017
8183,https://openalex.org/W2073059059,2009-04-07,2009
8184,https://openalex.org/W1973373062,2011-04-22,2011
8185,https://openalex.org/W2009024894,2002-10-01,2002
8186,https://openalex.org/W2127881103,2003-01-30,2003
8187,https://openalex.org/W2312314499,1942-10-01,1942
8188,https://openalex.org/W827260252,2015-06-30,2015
8189,https://openalex.org/W2414984319,1978-01-01,1978
8190,https://openalex.org/W4244926674,2012-05-31,2012
8191,https://openalex.org/W1988745113,1929-08-01,1929
8192,https://openalex.org/W2014851158,1999-12-01,1999
8193,https://openalex.org/W2043435501,2008-05-01,2008
8194,https://openalex.org/W2794279419,2018-02-21,2018
8195,https://openalex.org/W2792907255,2018-03-26,2018
8196,https://openalex.org/W3039814491,2005-01-01,2005
8197,https://openalex.org/W2742796214,2017-06-01,2017
8198,https://openalex.org/W159901763,2011-01-01,2011
8199,https://openalex.org/W4385156480,2023-07-23,2023
8200,https://openalex.org/W2979560421,2019-09-12,2019
8201,https://openalex.org/W4413842714,2024-08-30,2024
8202,https://openalex.org/W2029789193,2008-01-01,2008
8203,https://openalex.org/W2052748284,1939-02-01,1939
8204,https://openalex.org/W4388515795,2023-11-07,2023
8205,https://openalex.org/W35191734,1999-01-01,1999
8206,https://openalex.org/W2109419350,2009-01-01,2009
8207,https://openalex.org/W4319298426,2023-02-03,2023
8208,https://openalex.org/W4407424509,2025-02-01,2025
8209,https://openalex.org/W7073782730,2000-01-01,2000
8210,https://openalex.org/W4311651333,2022-12-16,2022
8211,https://openalex.org/W2153660500,2012-11-26,2012
8212,https://openalex.org/W2081628635,2003-01-01,2003
8213,https://openalex.org/W2537602717,2016-10-25,2016
8214,https://openalex.org/W2890519077,2018-09-20,2018
8215,https://openalex.org/W7074599360,2000-01-01,2000
8216,https://openalex.org/W2053084729,2002-01-01,2002
8217,https://openalex.org/W2025380280,2003-03-01,2003
8218,https://openalex.org/W4248096277,1988-10-01,1988
8219,https://openalex.org/W2019644514,1985-03-01,1985
8220,https://openalex.org/W2943559933,2019-03-25,2019
8221,https://openalex.org/W4408244321,2025-03-06,2025
8222,https://openalex.org/W2567449271,2011-12-22,2011
8223,https://openalex.org/W2521961363,2016-01-01,2016
8224,https://openalex.org/W2747191631,2016-01-01,2016
8225,https://openalex.org/W4321374963,2023-02-20,2023
8226,https://openalex.org/W1990861665,1989-02-01,1989
8227,https://openalex.org/W4404019223,2024-11-04,2024
8228,https://openalex.org/W2085314179,2003-01-01,2003
8229,https://openalex.org/W4402531251,2024-06-05,2024
8230,https://openalex.org/W1992605241,2000-11-21,2000
8231,https://openalex.org/W2045123261,2014-01-01,2014
8232,https://openalex.org/W2349288129,2011-01-01,2011
8233,https://openalex.org/W2383118393,2012-01-01,2012
8234,https://openalex.org/W3207494156,2021-10-20,2021
8235,https://openalex.org/W2032857478,2008-03-01,2008
8236,https://openalex.org/W1507874766,1971-03-15,1971
8237,https://openalex.org/W2099771035,2012-06-18,2012
8238,https://openalex.org/W4300933013,2010-04-01,2010
8239,https://openalex.org/W2102426384,2014-01-09,2014
8240,https://openalex.org/W1998492207,2009-12-01,2009
8241,https://openalex.org/W2153676248,2009-07-01,2009
8242,https://openalex.org/W2030857248,1990-11-01,1990
8243,https://openalex.org/W2611080021,2002-01-01,2002
8244,https://openalex.org/W2072495577,1968-02-01,1968
8245,https://openalex.org/W2010454543,1992-01-01,1992
8246,https://openalex.org/W2968463578,2019-08-14,2019
8247,https://openalex.org/W2944743706,2019-05-01,2019
8248,https://openalex.org/W2188575788,2008-01-01,2008
8249,https://openalex.org/W4280598358,2022-05-01,2022
8250,https://openalex.org/W1608956805,1998-02-01,1998
8251,https://openalex.org/W2276751314,1984-06-01,1984
8252,https://openalex.org/W1550452581,2011-06-27,2011
8253,https://openalex.org/W2953931293,2019-06-25,2019
8254,https://openalex.org/W2952776120,2019-06-12,2019
8255,https://openalex.org/W2154619342,2002-12-15,2002
8256,https://openalex.org/W2501501326,1999-12-31,1999
8257,https://openalex.org/W2335554482,1991-08-12,1991
8258,https://openalex.org/W2102165426,2008-01-01,2008
8259,https://openalex.org/W2588934102,2016-01-01,2016
8260,https://openalex.org/W2178822140,2015-10-26,2015
8261,https://openalex.org/W4221114513,2022-03-09,2022
8262,https://openalex.org/W2053887177,1975-04-01,1975
8263,https://openalex.org/W2059495756,1992-04-01,1992
8264,https://openalex.org/W3044259254,2020-06-20,2020
8265,https://openalex.org/W2020044815,1977-02-01,1977
8266,https://openalex.org/W2003585734,1993-12-01,1993
8267,https://openalex.org/W1568114731,2006-11-01,2006
8268,https://openalex.org/W4409185002,2025-04-01,2025
8269,https://openalex.org/W2254851445,2016-01-01,2016
8270,https://openalex.org/W2798544907,2022-03-02,2022
8271,https://openalex.org/W3195158466,2021-08-18,2021
8272,https://openalex.org/W4392011045,2024-02-21,2024
8273,https://openalex.org/W3112545790,2020-12-01,2020
8274,https://openalex.org/W1967288898,2003-01-22,2003
8275,https://openalex.org/W4400177501,2024-07-01,2024
8276,https://openalex.org/W2135560672,2010-12-01,2010
8277,https://openalex.org/W1980680333,2004-04-13,2004
8278,https://openalex.org/W2776921045,2017-12-19,2017
8279,https://openalex.org/W3090148553,2022-02-23,2022
8280,https://openalex.org/W2992987553,2019-12-01,2019
8281,https://openalex.org/W2349344746,2003-01-01,2003
8282,https://openalex.org/W2069837203,1981-02-01,1981
8283,https://openalex.org/W1979026614,1966-03-15,1966
8284,https://openalex.org/W330663896,2003-12-01,2003
8285,https://openalex.org/W2975880043,2021-11-12,2021
8286,https://openalex.org/W2947671840,2016-10-17,2016
8287,https://openalex.org/W7073966215,1998-12-01,1998
8288,https://openalex.org/W3209105698,2018-01-01,2018
8289,https://openalex.org/W2176608638,2015-05-01,2015
8290,https://openalex.org/W3205786808,2021-10-14,2021
8291,https://openalex.org/W268209222,2012-12-01,2012
8292,https://openalex.org/W2767960647,2017-07-01,2017
8293,https://openalex.org/W1985105249,2010-01-01,2010
8294,https://openalex.org/W2005572313,1987-01-01,1987
8295,https://openalex.org/W2804129120,2018-02-01,2018
8296,https://openalex.org/W331830094,2000-11-01,2000
8297,https://openalex.org/W58502699,2017-05-04,2017
8298,https://openalex.org/W4377238125,2023-05-22,2023
8299,https://openalex.org/W2738275139,2017-07-22,2017
8300,https://openalex.org/W2982117188,2019-10-20,2019
8301,https://openalex.org/W2097148368,1967-04-01,1967
8302,https://openalex.org/W3115501560,2020-01-01,2020
8303,https://openalex.org/W2132177077,1998-09-01,1998
8304,https://openalex.org/W3160937358,2021-05-12,2021
8305,https://openalex.org/W27141980,1997-12-01,1997
8306,https://openalex.org/W2013937264,2006-05-01,2006
8307,https://openalex.org/W2523842141,2016-09-30,2016
8308,https://openalex.org/W3110275451,2020-11-01,2020
8309,https://openalex.org/W2123154415,2014-01-01,2014
8310,https://openalex.org/W4292200881,1975-11-01,1975
8311,https://openalex.org/W4362711335,2023-01-01,2023
8312,https://openalex.org/W2786979065,2018-02-14,2018
8313,https://openalex.org/W2915795563,2019-02-10,2019
8314,https://openalex.org/W2414993493,1990-02-01,1990
8315,https://openalex.org/W4290995938,2022-08-03,2022
8316,https://openalex.org/W1967517761,1980-01-01,1980
8317,https://openalex.org/W4409974270,2025-04-22,2025
8318,https://openalex.org/W3211309528,2021-11-02,2021
8319,https://openalex.org/W2026126276,2014-01-01,2014
8320,https://openalex.org/W2152057749,2007-04-01,2007
8321,https://openalex.org/W2085254967,2002-08-11,2002
8322,https://openalex.org/W2000809016,2014-05-21,2014
8323,https://openalex.org/W2605867747,2017-04-14,2017
8324,https://openalex.org/W2017597735,2014-11-11,2014
8325,https://openalex.org/W2332610157,1983-01-01,1983
8326,https://openalex.org/W2040838699,1935-04-01,1935
8327,https://openalex.org/W2902531485,2018-12-05,2018
8328,https://openalex.org/W4320727940,2023-02-14,2023
8329,https://openalex.org/W2268768614,2008-05-20,2008
8330,https://openalex.org/W1488430146,2010-12-16,2010
8331,https://openalex.org/W95214567,1990-06-01,1990
8332,https://openalex.org/W2967591782,2019-09-10,2019
8333,https://openalex.org/W2158260563,2013-01-01,2013
8334,https://openalex.org/W2048867152,1986-03-01,1986
8335,https://openalex.org/W1965091869,2001-01-01,2001
8336,https://openalex.org/W2299634563,2013-01-01,2013
8337,https://openalex.org/W2049993669,2007-01-05,2007
8338,https://openalex.org/W3048148124,2020-08-07,2020
8339,https://openalex.org/W134097145,2011-02-01,2011
8340,https://openalex.org/W2322960589,2014-01-24,2014
8341,https://openalex.org/W2060002762,2011-11-23,2011
8342,https://openalex.org/W1968507888,1979-07-01,1979
8343,https://openalex.org/W2909434916,2018-01-01,2018
8344,https://openalex.org/W4382725196,2023-06-29,2023
8345,https://openalex.org/W3172561265,2021-06-05,2021
8346,https://openalex.org/W2023136005,2013-07-01,2013
8347,https://openalex.org/W4404185418,2024-11-08,2024
8348,https://openalex.org/W4387385620,2023-10-05,2023
8349,https://openalex.org/W1998998079,1982-09-01,1982
8350,https://openalex.org/W4406274316,2025-01-11,2025
8351,https://openalex.org/W2094421764,2012-05-29,2012
8352,https://openalex.org/W3019707224,2020-03-01,2020
8353,https://openalex.org/W2273915995,2016-04-18,2016
8354,https://openalex.org/W2415839398,1982-06-01,1982
8355,https://openalex.org/W2743434006,2017-06-01,2017
8356,https://openalex.org/W2363006165,2013-01-01,2013
8357,https://openalex.org/W3033233258,2020-06-09,2020
8358,https://openalex.org/W14704398,1997-01-01,1997
8359,https://openalex.org/W2044050954,1999-05-01,1999
8360,https://openalex.org/W2474709660,1980-12-01,1980
8361,https://openalex.org/W3196467482,2021-06-21,2021
8362,https://openalex.org/W6990886507,2020-01-01,2020
8363,https://openalex.org/W1996758806,2013-06-12,2013
8364,https://openalex.org/W2571468456,2016-11-01,2016
8365,https://openalex.org/W3046097659,2020-07-28,2020
8366,https://openalex.org/W2167353014,1985-08-21,1985
8367,https://openalex.org/W2001637325,2004-05-01,2004
8368,https://openalex.org/W2738635177,2017-07-25,2017
8369,https://openalex.org/W2915199434,2019-11-01,2019
8370,https://openalex.org/W2309130090,2016-03-23,2016
8371,https://openalex.org/W2046398569,2012-08-01,2012
8372,https://openalex.org/W3002600191,2020-01-22,2020
8373,https://openalex.org/W2998607487,2019-12-28,2019
8374,https://openalex.org/W4401006708,2024-07-24,2024
8375,https://openalex.org/W4298145299,2022-09-29,2022
8376,https://openalex.org/W2329761441,1944-10-01,1944
8377,https://openalex.org/W1999174379,2006-10-01,2006
8378,https://openalex.org/W2106003131,1982-01-01,1982
8379,https://openalex.org/W4406427860,2025-01-01,2025
8380,https://openalex.org/W2579452362,2016-11-28,2016
8381,https://openalex.org/W2324212089,1959-01-01,1959
8382,https://openalex.org/W4289843732,1986-05-01,1986
8383,https://openalex.org/W2093701843,2014-06-01,2014
8384,https://openalex.org/W3042268236,2020-04-05,2020
8385,https://openalex.org/W2901168181,2019-05-06,2019
8386,https://openalex.org/W2549783610,2016-07-03,2016
8387,https://openalex.org/W2136605511,2010-01-20,2010
8388,https://openalex.org/W1673104092,1991-08-01,1991
8389,https://openalex.org/W2811040267,2018-06-26,2018
8390,https://openalex.org/W1977541566,2006-11-28,2006
8391,https://openalex.org/W4283374727,2022-02-01,2022
8392,https://openalex.org/W2939898134,2019-04-16,2019
8393,https://openalex.org/W2608830924,2018-03-13,2018
8394,https://openalex.org/W2052017637,1953-12-01,1953
8395,https://openalex.org/W2756399105,2017-01-01,2017
8396,https://openalex.org/W2473935397,1982-09-10,1982
8397,https://openalex.org/W2361008666,2007-01-01,2007
8398,https://openalex.org/W2084015484,2014-04-21,2014
8399,https://openalex.org/W2416176138,1998-11-01,1998
8400,https://openalex.org/W4388980411,2023-10-31,2023
8401,https://openalex.org/W3094174133,2018-01-01,2018
8402,https://openalex.org/W3143263769,2013-08-13,2013
8403,https://openalex.org/W2010220073,1975-02-01,1975
8404,https://openalex.org/W1484626330,1993-09-01,1993
8405,https://openalex.org/W2192271019,1979-01-01,1979
8406,https://openalex.org/W2051467088,1973-11-01,1973
8407,https://openalex.org/W2376182946,2003-01-01,2003
8408,https://openalex.org/W2125523067,1999-05-01,1999
8409,https://openalex.org/W3138158575,2018-01-01,2018
8410,https://openalex.org/W2047598565,1987-01-01,1987
8411,https://openalex.org/W7025125017,1975-05-01,1975
8412,https://openalex.org/W2934681578,2006-11-01,2006
8413,https://openalex.org/W4308005069,2022-11-01,2022
8414,https://openalex.org/W1986339527,1996-06-01,1996
8415,https://openalex.org/W4401651151,2024-08-16,2024
8416,https://openalex.org/W86278413,1988-06-08,1988
8417,https://openalex.org/W2055571356,1989-01-01,1989
8418,https://openalex.org/W2110527406,2010-01-01,2010
8419,https://openalex.org/W2149348561,2006-10-04,2006
8420,https://openalex.org/W2789951477,2018-01-19,2018
8421,https://openalex.org/W4245395399,2007-01-01,2007
8422,https://openalex.org/W1964215357,2011-01-01,2011
8423,https://openalex.org/W4382810757,2023-06-30,2023
8424,https://openalex.org/W2088154314,2004-07-01,2004
8425,https://openalex.org/W2134041863,1996-11-01,1996
8426,https://openalex.org/W4387039646,2023-09-26,2023
8427,https://openalex.org/W97346456,2009-01-01,2009
8428,https://openalex.org/W2091933308,2014-01-01,2014
8429,https://openalex.org/W2059171201,1982-10-01,1982
8430,https://openalex.org/W2323317204,1995-01-01,1995
8431,https://openalex.org/W4306385486,2022-10-15,2022
8432,https://openalex.org/W2009808876,2010-05-12,2010
8433,https://openalex.org/W2068649908,2007-03-01,2007
8434,https://openalex.org/W2076421797,1968-04-01,1968
8435,https://openalex.org/W4406826145,2025-01-24,2025
8436,https://openalex.org/W569142285,2014-01-01,2014
8437,https://openalex.org/W2056835190,1986-01-01,1986
8438,https://openalex.org/W2384690621,2008-01-01,2008
8439,https://openalex.org/W4408249983,2025-03-08,2025
8440,https://openalex.org/W2069281407,2007-01-01,2007
8441,https://openalex.org/W2154470603,2013-01-01,2013
8442,https://openalex.org/W1975797348,1996-02-01,1996
8443,https://openalex.org/W2047872773,2011-06-10,2011
8444,https://openalex.org/W4318701897,2023-01-30,2023
8445,https://openalex.org/W4210736069,2021-08-16,2021
8446,https://openalex.org/W3019006262,2020-04-23,2020
8447,https://openalex.org/W2066286608,1934-01-01,1934
8448,https://openalex.org/W2043592444,1989-05-01,1989
8449,https://openalex.org/W4308973192,2022-11-13,2022
8450,https://openalex.org/W4205736327,1981-01-01,1981
8451,https://openalex.org/W2000855089,2014-12-08,2014
8452,https://openalex.org/W2734915232,2017-01-01,2017
8453,https://openalex.org/W2162006222,1958-01-01,1958
8454,https://openalex.org/W214936553,1968-06-01,1968
8455,https://openalex.org/W1968900025,2007-03-01,2007
8456,https://openalex.org/W4385267169,2023-01-01,2023
8457,https://openalex.org/W2086313127,2012-10-18,2012
8458,https://openalex.org/W593466245,1965-01-01,1965
8459,https://openalex.org/W4292261516,2022-08-17,2022
8460,https://openalex.org/W4248867942,2019-01-01,2019
8461,https://openalex.org/W2081323791,2013-01-01,2013
8462,https://openalex.org/W2067961839,2014-01-01,2014
8463,https://openalex.org/W2365524852,2007-01-01,2007
8464,https://openalex.org/W2015128174,2014-01-01,2014
8465,https://openalex.org/W1993076319,1994-05-01,1994
8466,https://openalex.org/W2956268650,2019-07-12,2019
8467,https://openalex.org/W1725310113,1976-01-01,1976
8468,https://openalex.org/W4236689613,2008-01-01,2008
8469,https://openalex.org/W4400902404,2024-07-23,2024
8470,https://openalex.org/W4403051534,2024-01-01,2024
8471,https://openalex.org/W4323032330,2023-01-08,2023
8472,https://openalex.org/W3087805358,2020-09-28,2020
8473,https://openalex.org/W2464874895,2016-07-04,2016
8474,https://openalex.org/W4308221231,2022-11-04,2022
8475,https://openalex.org/W2329847423,2014-04-07,2014
8476,https://openalex.org/W2070021553,1987-03-01,1987
8477,https://openalex.org/W2262058438,2012-01-01,2012
8478,https://openalex.org/W4376642797,2023-05-10,2023
8479,https://openalex.org/W2912913048,2019-01-31,2019
8480,https://openalex.org/W2143339046,2004-10-07,2004
8481,https://openalex.org/W2488290646,2016-07-01,2016
8482,https://openalex.org/W2238666561,2016-01-01,2016
8483,https://openalex.org/W2036959185,1975-03-01,1975
8484,https://openalex.org/W3215148291,2021-11-24,2021
8485,https://openalex.org/W1967693228,1988-09-23,1988
8486,https://openalex.org/W2046160677,1998-01-01,1998
8487,https://openalex.org/W3082118114,1995-01-01,1995
8488,https://openalex.org/W1971885135,1976-01-01,1976
8489,https://openalex.org/W2032607348,2014-09-12,2014
8490,https://openalex.org/W4296088671,2021-01-01,2021
8491,https://openalex.org/W2076465763,2013-01-04,2013
8492,https://openalex.org/W2015767038,2006-11-22,2006
8493,https://openalex.org/W2495277469,2016-07-01,2016
8494,https://openalex.org/W2623277850,2017-03-14,2017
8495,https://openalex.org/W2027033549,2006-06-12,2006
8496,https://openalex.org/W2264332186,2012-12-01,2012
8497,https://openalex.org/W2074093774,2010-01-01,2010
8498,https://openalex.org/W1959572432,1979-11-01,1979
8499,https://openalex.org/W2238157704,2015-09-24,2015
8500,https://openalex.org/W2009186799,2010-12-15,2010
8501,https://openalex.org/W2147272079,2003-01-01,2003
8502,https://openalex.org/W2146988663,1978-01-01,1978
8503,https://openalex.org/W2048419244,1991-11-01,1991
8504,https://openalex.org/W2388297146,2002-01-01,2002
8505,https://openalex.org/W2107460256,2011-01-01,2011
8506,https://openalex.org/W327703171,2016-06-01,2016
8507,https://openalex.org/W2312838679,1933-01-01,1933
8508,https://openalex.org/W2026145194,2004-02-12,2004
8509,https://openalex.org/W2620881109,2017-05-01,2017
8510,https://openalex.org/W2076706127,1985-09-09,1985
8511,https://openalex.org/W2044363928,1996-01-01,1996
8512,https://openalex.org/W2027441398,2014-06-13,2014
8513,https://openalex.org/W2101165087,2005-03-23,2005
8514,https://openalex.org/W4233508790,2015-12-01,2015
8515,https://openalex.org/W3191033734,2020-04-18,2020
8516,https://openalex.org/W2034685319,2010-12-15,2010
8517,https://openalex.org/W2139683717,1985-11-01,1985
8518,https://openalex.org/W4313322442,2022-12-31,2022
8519,https://openalex.org/W2050722536,1995-06-01,1995
8520,https://openalex.org/W4410453195,2025-01-01,2025
8521,https://openalex.org/W1596516352,2015-03-11,2015
8522,https://openalex.org/W3208376648,2021-10-22,2021
8523,https://openalex.org/W4205651308,1980-06-01,1980
8524,https://openalex.org/W2063140588,1973-04-01,1973
8525,https://openalex.org/W1953043268,2015-09-23,2015
8526,https://openalex.org/W1970960897,2012-09-01,2012
8527,https://openalex.org/W2331368423,1941-07-01,1941
8528,https://openalex.org/W2782194601,2018-01-04,2018
8529,https://openalex.org/W2509918487,2016-09-07,2016
8530,https://openalex.org/W2415922730,1997-03-01,1997
8531,https://openalex.org/W1993737124,1988-07-18,1988
8532,https://openalex.org/W2406872486,1977-11-01,1977
8533,https://openalex.org/W2183423204,2006-01-01,2006
8534,https://openalex.org/W2884698220,2018-07-16,2018
8535,https://openalex.org/W2122790331,2012-05-21,2012
8536,https://openalex.org/W2794419269,2018-02-11,2018
8537,https://openalex.org/W2077894449,1995-01-01,1995
8538,https://openalex.org/W2962900317,2019-07-22,2019
8539,https://openalex.org/W2147428125,1990-04-01,1990
8540,https://openalex.org/W2390015473,2009-01-01,2009
8541,https://openalex.org/W2007527970,2011-01-01,2011
8542,https://openalex.org/W2007580897,2012-01-01,2012
8543,https://openalex.org/W4200263995,2021-12-07,2021
8544,https://openalex.org/W2617972757,2017-05-31,2017
8545,https://openalex.org/W2167101395,2015-08-17,2015
8546,https://openalex.org/W4288768878,2022-01-01,2022
8547,https://openalex.org/W3135560975,2021-02-26,2021
8548,https://openalex.org/W2072732666,1978-03-27,1978
8549,https://openalex.org/W20469761,1970-01-01,1970
8550,https://openalex.org/W2081087610,2006-04-21,2006
8551,https://openalex.org/W2620536100,2017-05-24,2017
8552,https://openalex.org/W4289306519,2018-11-02,2018
8553,https://openalex.org/W1996952780,2008-01-01,2008
8554,https://openalex.org/W4241172683,1987-01-01,1987
8555,https://openalex.org/W4394877586,2024-04-16,2024
8556,https://openalex.org/W4396898127,2024-01-01,2024
8557,https://openalex.org/W2888140059,2018-08-22,2018
8558,https://openalex.org/W4206771526,2022-01-01,2022
8559,https://openalex.org/W4405192820,2024-12-01,2024
8560,https://openalex.org/W2333999615,2013-01-01,2013
8561,https://openalex.org/W1968516545,2013-09-01,2013
8562,https://openalex.org/W1563929756,2006-12-20,2006
8563,https://openalex.org/W1996206123,2015-01-08,2015
8564,https://openalex.org/W2129977818,1979-06-01,1979
8565,https://openalex.org/W1976297312,2001-05-01,2001
8566,https://openalex.org/W2586512779,2017-02-09,2017
8567,https://openalex.org/W2525213075,1992-02-15,1992
8568,https://openalex.org/W2085667211,2008-10-01,2008
8569,https://openalex.org/W3032603329,1994-01-01,1994
8570,https://openalex.org/W4235484022,2010-08-03,2010
8571,https://openalex.org/W3166780830,2022-03-20,2022
8572,https://openalex.org/W2029134853,2007-01-01,2007
8573,https://openalex.org/W2461159611,2016-01-01,2016
8574,https://openalex.org/W4232234369,2020-10-29,2020
8575,https://openalex.org/W2325217477,2013-10-21,2013
8576,https://openalex.org/W2808998483,2018-06-19,2018
8577,https://openalex.org/W4414085843,2025-08-01,2025
8578,https://openalex.org/W1964579939,1994-01-01,1994
8579,https://openalex.org/W4236174542,2007-11-01,2007
8580,https://openalex.org/W2380558973,2008-01-01,2008
8581,https://openalex.org/W2052275168,1993-09-01,1993
8582,https://openalex.org/W55190792,2012-06-22,2012
8583,https://openalex.org/W6927185851,2021-07-13,2021
8584,https://openalex.org/W2051736899,1992-01-01,1992
8585,https://openalex.org/W4294730931,2022-09-01,2022
8586,https://openalex.org/W2789845170,2018-02-01,2018
8587,https://openalex.org/W3143173986,2009-01-01,2009
8588,https://openalex.org/W2106362185,2007-08-27,2007
8589,https://openalex.org/W2345644935,2016-05-04,2016
8590,https://openalex.org/W4396976782,2024-05-16,2024
8591,https://openalex.org/W2144460239,2012-09-01,2012
8592,https://openalex.org/W2124807832,2006-07-25,2006
8593,https://openalex.org/W2536613688,2016-01-01,2016
8594,https://openalex.org/W593677427,2010-07-01,2010
8595,https://openalex.org/W3006105909,2019-01-01,2019
8596,https://openalex.org/W3014264847,2020-01-30,2020
8597,https://openalex.org/W2017086341,2014-09-11,2014
8598,https://openalex.org/W4200431789,2021-12-08,2021
8599,https://openalex.org/W2249495071,2004-07-15,2004
8600,https://openalex.org/W3041312303,2020-07-11,2020
8601,https://openalex.org/W1992937986,2007-03-01,2007
8602,https://openalex.org/W2469264526,1999-04-01,1999
8603,https://openalex.org/W4247538934,2016-12-14,2016
8604,https://openalex.org/W1556338478,2015-01-01,2015
8605,https://openalex.org/W2372016320,2014-01-01,2014
8606,https://openalex.org/W2171955857,1981-04-01,1981
8607,https://openalex.org/W4387665105,2023-10-16,2023
8608,https://openalex.org/W2029986103,2012-07-01,2012
8609,https://openalex.org/W2185017875,2014-05-14,2014
8610,https://openalex.org/W4283797597,2022-07-04,2022
8611,https://openalex.org/W2087425204,1956-06-01,1956
8612,https://openalex.org/W2144982678,2015-05-25,2015
8613,https://openalex.org/W2560187753,2016-12-11,2016
8614,https://openalex.org/W4385242366,2023-07-21,2023
8615,https://openalex.org/W2949546048,2007-01-01,2007
8616,https://openalex.org/W4283736963,2022-06-30,2022
8617,https://openalex.org/W4385625989,2023-06-07,2023
8618,https://openalex.org/W3014661283,2020-04-04,2020
8619,https://openalex.org/W2125251340,2012-03-12,2012
8620,https://openalex.org/W1761247443,2006-03-01,2006
8621,https://openalex.org/W3125309575,2014-09-01,2014
8622,https://openalex.org/W3214577679,2021-11-06,2021
8623,https://openalex.org/W4386136021,2023-08-24,2023
8624,https://openalex.org/W4220790028,2022-03-07,2022
8625,https://openalex.org/W2335144313,1952-10-01,1952
8626,https://openalex.org/W4385653588,2023-01-01,2023
8627,https://openalex.org/W2993766772,2019-08-01,2019
8628,https://openalex.org/W1659791653,2015-01-01,2015
8629,https://openalex.org/W3207625719,2021-10-12,2021
8630,https://openalex.org/W4293079358,2022-06-08,2022
8631,https://openalex.org/W2008087249,1989-02-01,1989
8632,https://openalex.org/W4252347737,2017-04-18,2017
8633,https://openalex.org/W1994737772,2010-06-15,2010
8634,https://openalex.org/W2094977125,1982-10-01,1982
8635,https://openalex.org/W4250609699,1994-01-01,1994
8636,https://openalex.org/W2328040074,2011-08-08,2011
8637,https://openalex.org/W2070104948,2012-01-01,2012
8638,https://openalex.org/W2129171166,2012-06-01,2012
8639,https://openalex.org/W4409505108,2025-04-16,2025
8640,https://openalex.org/W2900009838,2018-11-07,2018
8641,https://openalex.org/W4224922027,2022-04-26,2022
8642,https://openalex.org/W4394936728,2024-03-30,2024
8643,https://openalex.org/W8287846,2004-01-01,2004
8644,https://openalex.org/W2310624910,2015-06-04,2015
8645,https://openalex.org/W2066063454,1982-12-01,1982
8646,https://openalex.org/W4213004114,2022-02-22,2022
8647,https://openalex.org/W1991728726,2006-01-01,2006
8648,https://openalex.org/W2436991673,2001-01-01,2001
8649,https://openalex.org/W2906739009,2018-12-28,2018
8650,https://openalex.org/W4223964910,2022-04-16,2022
8651,https://openalex.org/W1514126791,2004-03-02,2004
8652,https://openalex.org/W2938704617,2019-04-15,2019
8653,https://openalex.org/W4390610850,2024-01-05,2024
8654,https://openalex.org/W2891300087,2018-07-16,2018
8655,https://openalex.org/W1979468200,1998-05-01,1998
8656,https://openalex.org/W2041900305,2010-10-01,2010
8657,https://openalex.org/W2388495170,2003-04-01,2003
8658,https://openalex.org/W3119040639,2021-01-01,2021
8659,https://openalex.org/W2903966656,2017-01-01,2017
8660,https://openalex.org/W4394727212,2024-04-11,2024
8661,https://openalex.org/W1916075973,2013-02-28,2013
8662,https://openalex.org/W4313701652,2022-01-01,2022
8663,https://openalex.org/W2093659172,2007-08-22,2007
8664,https://openalex.org/W2081225664,1999-07-28,1999
8665,https://openalex.org/W1976210175,2004-11-01,2004
8666,https://openalex.org/W2989532432,2019-11-01,2019
8667,https://openalex.org/W4301774830,1980-05-01,1980
8668,https://openalex.org/W2109626891,1993-01-01,1993
8669,https://openalex.org/W2509019627,2016-01-01,2016
8670,https://openalex.org/W183112952,1979-10-01,1979
8671,https://openalex.org/W4406780879,2011-09-01,2011
8672,https://openalex.org/W2735996293,2016-01-01,2016
8673,https://openalex.org/W2134541183,2006-09-30,2006
8674,https://openalex.org/W2765487194,2017-01-01,2017
8675,https://openalex.org/W2887184336,2018-06-19,2018
8676,https://openalex.org/W2014144456,2008-12-01,2008
8677,https://openalex.org/W3042292699,2020-01-01,2020
8678,https://openalex.org/W2986555836,2016-05-12,2016
8679,https://openalex.org/W1945221235,2003-06-25,2003
8680,https://openalex.org/W2322969056,1943-07-01,1943
8681,https://openalex.org/W2613285584,2017-12-25,2017
8682,https://openalex.org/W4224274112,2022-03-31,2022
8683,https://openalex.org/W2038848859,1988-09-01,1988
8684,https://openalex.org/W2387516566,2013-01-01,2013
8685,https://openalex.org/W2136501278,2015-03-12,2015
8686,https://openalex.org/W2158145535,2004-12-01,2004
8687,https://openalex.org/W1495124880,2003-10-08,2003
8688,https://openalex.org/W4401342195,2024-01-01,2024
8689,https://openalex.org/W2027391457,2006-05-01,2006
8690,https://openalex.org/W1998461518,2003-03-19,2003
8691,https://openalex.org/W4400046578,2024-01-01,2024
8692,https://openalex.org/W2063812553,2009-04-29,2009
8693,https://openalex.org/W2964935548,2020-01-01,2020
8694,https://openalex.org/W1567107593,2015-07-23,2015
8695,https://openalex.org/W2810527551,2018-07-04,2018
8696,https://openalex.org/W4247957219,1984-01-01,1984
8697,https://openalex.org/W2270797708,2016-02-02,2016
8698,https://openalex.org/W4307412648,2022-10-27,2022
8699,https://openalex.org/W181965620,1995-03-01,1995
8700,https://openalex.org/W3024081841,2019-01-01,2019
8701,https://openalex.org/W2075113123,2010-10-05,2010
8702,https://openalex.org/W2914163348,2019-01-01,2019
8703,https://openalex.org/W1602781582,2011-07-21,2011
8704,https://openalex.org/W2014687151,1987-10-01,1987
8705,https://openalex.org/W2052642928,2013-08-30,2013
8706,https://openalex.org/W832332250,1993-01-01,1993
8707,https://openalex.org/W2061295676,1926-12-01,1926
8708,https://openalex.org/W3017030605,2020-04-16,2020
8709,https://openalex.org/W1806989782,1961-11-01,1961
8710,https://openalex.org/W2413445280,1985-01-01,1985
8711,https://openalex.org/W2744829586,2007-12-01,2007
8712,https://openalex.org/W1555625329,2009-03-01,2009
8713,https://openalex.org/W4387802106,2023-07-16,2023
8714,https://openalex.org/W2338983877,1989-08-01,1989
8715,https://openalex.org/W2797103067,2018-04-14,2018
8716,https://openalex.org/W2067129198,2014-03-21,2014
8717,https://openalex.org/W4409634443,2025-04-21,2025
8718,https://openalex.org/W2771274899,2017-12-07,2017
8719,https://openalex.org/W3037076728,2020-06-24,2020
8720,https://openalex.org/W2054397228,2014-10-01,2014
8721,https://openalex.org/W2892362080,2018-08-01,2018
8722,https://openalex.org/W2339128839,2010-01-01,2010
8723,https://openalex.org/W303090946,2012-09-01,2012
8724,https://openalex.org/W2894453338,2018-01-01,2018
8725,https://openalex.org/W2983583158,2019-11-01,2019
8726,https://openalex.org/W2011685567,1984-01-01,1984
8727,https://openalex.org/W2007349133,2010-02-18,2010
8728,https://openalex.org/W2183713238,2017-12-04,2017
8729,https://openalex.org/W2567730661,2017-01-04,2017
8730,https://openalex.org/W4389978629,2023-12-19,2023
8731,https://openalex.org/W962055637,2012-10-07,2012
8732,https://openalex.org/W2079917317,1972-02-04,1972
8733,https://openalex.org/W4389410542,2023-12-06,2023
8734,https://openalex.org/W2809541285,2018-04-01,2018
8735,https://openalex.org/W2123003351,1990-03-26,1990
8736,https://openalex.org/W2147603631,2016-03-16,2016
8737,https://openalex.org/W1544786474,2015-01-01,2015
8738,https://openalex.org/W2021778346,1988-06-01,1988
8739,https://openalex.org/W2524555350,1996-01-01,1996
8740,https://openalex.org/W2891480527,2018-01-01,2018
8741,https://openalex.org/W2921557256,2019-03-15,2019
8742,https://openalex.org/W2031952897,1999-06-01,1999
8743,https://openalex.org/W2125726568,2002-11-13,2002
8744,https://openalex.org/W4395466819,2024-04-25,2024
8745,https://openalex.org/W3159304892,2021-04-24,2021
8746,https://openalex.org/W129515418,2006-06-01,2006
8747,https://openalex.org/W2950574802,2019-06-10,2019
8748,https://openalex.org/W4403485303,2024-10-15,2024
8749,https://openalex.org/W2089325985,2011-01-01,2011
8750,https://openalex.org/W4285170326,2022-01-01,2022
8751,https://openalex.org/W2593267250,2014-07-01,2014
8752,https://openalex.org/W1657421083,2013-06-26,2013
8753,https://openalex.org/W4390613112,2023-12-31,2023
8754,https://openalex.org/W2069212957,2014-03-03,2014
8755,https://openalex.org/W4210432560,2022-01-02,2022
8756,https://openalex.org/W3140152940,1998-01-01,1998
8757,https://openalex.org/W1969116153,1962-03-01,1962
8758,https://openalex.org/W3030985342,2020-04-09,2020
8759,https://openalex.org/W4210413960,2022-01-01,2022
8760,https://openalex.org/W2148978678,2008-01-01,2008
8761,https://openalex.org/W2806887555,2017-11-01,2017
8762,https://openalex.org/W2001552109,2011-03-01,2011
8763,https://openalex.org/W2333727219,2011-12-24,2011
8764,https://openalex.org/W1974942580,2001-10-01,2001
8765,https://openalex.org/W2052927438,1991-01-01,1991
8766,https://openalex.org/W4380886401,2023-06-01,2023
8767,https://openalex.org/W2258018460,2016-03-23,2016
8768,https://openalex.org/W1934889993,1996-07-01,1996
8769,https://openalex.org/W3136832541,2021-03-01,2021
8770,https://openalex.org/W1974046234,2009-10-30,2009
8771,https://openalex.org/W2163237129,2010-04-01,2010
8772,https://openalex.org/W4400985891,2024-07-25,2024
8773,https://openalex.org/W2911106774,2019-01-08,2019
8774,https://openalex.org/W2982134496,2019-10-24,2019
8775,https://openalex.org/W4388450576,2023-11-07,2023
8776,https://openalex.org/W2057154454,2002-01-01,2002
8777,https://openalex.org/W3162940179,2017-10-30,2017
8778,https://openalex.org/W4386482058,2023-09-06,2023
8779,https://openalex.org/W1975030791,2007-10-23,2007
8780,https://openalex.org/W3093575036,2020-10-24,2020
8781,https://openalex.org/W2366618022,2000-01-01,2000
8782,https://openalex.org/W3089736698,2020-09-04,2020
8783,https://openalex.org/W2093908142,1992-01-01,1992
8784,https://openalex.org/W163593531,1986-11-01,1986
8785,https://openalex.org/W1973724041,1986-09-01,1986
8786,https://openalex.org/W2411918811,1988-04-01,1988
8787,https://openalex.org/W2126151579,2013-10-17,2013
8788,https://openalex.org/W2776276016,2017-12-18,2017
8789,https://openalex.org/W4389141880,2023-11-29,2023
8790,https://openalex.org/W3035969063,2020-05-16,2020
8791,https://openalex.org/W2553764282,2015-11-01,2015
8792,https://openalex.org/W2494270132,1996-05-01,1996
8793,https://openalex.org/W2097732819,2012-10-06,2012
8794,https://openalex.org/W1970376459,2009-01-01,2009
8795,https://openalex.org/W2736642706,2016-08-10,2016
8796,https://openalex.org/W3084278316,2020-09-06,2020
8797,https://openalex.org/W2139262011,2006-01-05,2006
8798,https://openalex.org/W3159579574,2021-04-28,2021
8799,https://openalex.org/W2989208404,2019-11-13,2019
8800,https://openalex.org/W4296467232,2022-09-16,2022
8801,https://openalex.org/W2042850629,2013-05-01,2013
8802,https://openalex.org/W2036148244,2015-01-28,2015
8803,https://openalex.org/W2099648782,2004-05-06,2004
8804,https://openalex.org/W1986694563,1968-08-01,1968
8805,https://openalex.org/W4402191058,2024-01-01,2024
8806,https://openalex.org/W2049868365,2001-08-27,2001
8807,https://openalex.org/W2759941235,2017-09-01,2017
8808,https://openalex.org/W2048528810,1966-05-01,1966
8809,https://openalex.org/W2037282115,1971-08-01,1971
8810,https://openalex.org/W1966312440,2002-06-01,2002
8811,https://openalex.org/W4409328890,2025-04-10,2025
8812,https://openalex.org/W2171965827,1993-11-01,1993
8813,https://openalex.org/W2039198310,1952-02-18,1952
8814,https://openalex.org/W2091756810,2011-06-06,2011
8815,https://openalex.org/W2033277972,2009-05-16,2009
8816,https://openalex.org/W1571765187,2010-04-01,2010
8817,https://openalex.org/W2963891607,2016-10-25,2016
8818,https://openalex.org/W4308823750,2022-10-03,2022
8819,https://openalex.org/W2495840652,2016-01-01,2016
8820,https://openalex.org/W2531895526,2016-10-12,2016
8821,https://openalex.org/W1869320174,2001-02-01,2001
8822,https://openalex.org/W2409661141,1996-12-01,1996
8823,https://openalex.org/W1986706930,1981-10-01,1981
8824,https://openalex.org/W2800086920,2018-07-01,2018
8825,https://openalex.org/W2028992830,2008-07-01,2008
8826,https://openalex.org/W2125861013,1930-12-01,1930
8827,https://openalex.org/W2048923862,1975-02-25,1975
8828,https://openalex.org/W2108309172,2003-01-20,2003
8829,https://openalex.org/W4378363442,2023-05-26,2023
8830,https://openalex.org/W1504901602,2000-09-01,2000
8831,https://openalex.org/W3157398468,2021-04-21,2021
8832,https://openalex.org/W2134031146,2013-03-01,2013
8833,https://openalex.org/W4387110303,2023-01-01,2023
8834,https://openalex.org/W2109220450,2009-01-13,2009
8835,https://openalex.org/W2979325495,2019-10-13,2019
8836,https://openalex.org/W4236522952,2020-03-28,2020
8837,https://openalex.org/W3010699775,2020-03-05,2020
8838,https://openalex.org/W2044683833,1997-01-01,1997
8839,https://openalex.org/W2006437872,2001-04-30,2001
8840,https://openalex.org/W4409957518,2025-03-21,2025
8841,https://openalex.org/W2945212438,2019-05-17,2019
8842,https://openalex.org/W3122760266,2021-07-30,2021
8843,https://openalex.org/W2936614765,2020-01-01,2020
8844,https://openalex.org/W4367679090,2023-05-01,2023
8845,https://openalex.org/W2520455833,1992-06-01,1992
8846,https://openalex.org/W2167208824,2007-04-04,2007
8847,https://openalex.org/W2035221656,2014-04-21,2014
8848,https://openalex.org/W2561737986,2015-11-24,2015
8849,https://openalex.org/W4292936921,1988-05-01,1988
8850,https://openalex.org/W1563828962,1966-05-01,1966
8851,https://openalex.org/W2969716279,2019-08-20,2019
8852,https://openalex.org/W2126617902,1987-02-01,1987
8853,https://openalex.org/W4401489150,2024-06-21,2024
8854,https://openalex.org/W4364860050,2022-11-18,2022
8855,https://openalex.org/W2922587162,2019-03-26,2019
8856,https://openalex.org/W4225274923,2022-03-01,2022
8857,https://openalex.org/W2810461128,2018-06-28,2018
8858,https://openalex.org/W2164913511,1981-09-01,1981
8859,https://openalex.org/W2268373578,2015-07-30,2015
8860,https://openalex.org/W1984526913,1994-03-01,1994
8861,https://openalex.org/W2088049853,2014-05-30,2014
8862,https://openalex.org/W2953762374,2016-05-31,2016
8863,https://openalex.org/W2118471971,2010-05-27,2010
8864,https://openalex.org/W1991060162,2002-04-01,2002
8865,https://openalex.org/W4253417976,1990-11-01,1990
8866,https://openalex.org/W3211834944,2021-11-12,2021
8867,https://openalex.org/W2072229432,1987-01-01,1987
8868,https://openalex.org/W3217452170,2021-12-02,2021
8869,https://openalex.org/W4390674160,2024-01-01,2024
8870,https://openalex.org/W4414145536,2025-09-09,2025
8871,https://openalex.org/W3013614785,2020-03-25,2020
8872,https://openalex.org/W1933455520,2013-05-24,2013
8873,https://openalex.org/W2162416481,2012-09-20,2012
8874,https://openalex.org/W2133467338,2005-11-25,2005
8875,https://openalex.org/W2155348325,2014-01-15,2014
8876,https://openalex.org/W2947869998,2019-05-20,2019
8877,https://openalex.org/W120436094,2007-01-01,2007
8878,https://openalex.org/W1998998201,1970-02-01,1970
8879,https://openalex.org/W3189957197,2021-08-01,2021
8880,https://openalex.org/W2068732105,1973-05-15,1973
8881,https://openalex.org/W1526946552,1993-10-01,1993
8882,https://openalex.org/W2022523303,1985-01-01,1985
8883,https://openalex.org/W2079895789,1998-12-08,1998
8884,https://openalex.org/W2491065282,1974-06-01,1974
8885,https://openalex.org/W2952835374,2001-01-01,2001
8886,https://openalex.org/W2223283991,2010-10-15,2010
8887,https://openalex.org/W2057854831,1987-03-01,1987
8888,https://openalex.org/W2946463447,2018-01-01,2018
8889,https://openalex.org/W2625698611,1989-01-01,1989
8890,https://openalex.org/W3178402677,2021-07-08,2021
8891,https://openalex.org/W1539931697,2014-06-19,2014
8892,https://openalex.org/W2767081560,2017-11-03,2017
8893,https://openalex.org/W2428143495,1976-11-01,1976
8894,https://openalex.org/W2792609506,2018-03-01,2018
8895,https://openalex.org/W3030800507,2020-05-20,2020
8896,https://openalex.org/W4384497863,2023-07-17,2023
8897,https://openalex.org/W2560433971,2016-12-06,2016
8898,https://openalex.org/W2337310920,2016-04-12,2016
8899,https://openalex.org/W3136078696,2020-08-12,2020
8900,https://openalex.org/W6931449070,2022-07-27,2022
8901,https://openalex.org/W2980715569,2019-10-16,2019
8902,https://openalex.org/W1977571736,1983-12-01,1983
8903,https://openalex.org/W2046435388,1988-08-01,1988
8904,https://openalex.org/W2056327472,2008-09-01,2008
8905,https://openalex.org/W1931899681,1979-07-01,1979
8906,https://openalex.org/W2350220739,2001-01-01,2001
8907,https://openalex.org/W2378517235,2011-01-01,2011
8908,https://openalex.org/W2065181505,1998-02-01,1998
8909,https://openalex.org/W4200144427,2021-12-16,2021
8910,https://openalex.org/W2168304686,2007-03-01,2007
8911,https://openalex.org/W2435371447,2004-06-01,2004
8912,https://openalex.org/W2062425582,2012-03-01,2012
8913,https://openalex.org/W2012277646,2002-03-01,2002
8914,https://openalex.org/W2058352113,1985-11-01,1985
8915,https://openalex.org/W2207078989,1994-01-01,1994
8916,https://openalex.org/W1978774629,2007-06-01,2007
8917,https://openalex.org/W2369015334,2006-01-01,2006
8918,https://openalex.org/W1991572034,2004-07-19,2004
8919,https://openalex.org/W3111854843,2020-12-01,2020
8920,https://openalex.org/W2589105065,2016-09-01,2016
8921,https://openalex.org/W4246642955,2021-08-27,2021
8922,https://openalex.org/W4396229354,2024-04-29,2024
8923,https://openalex.org/W2498393341,2016-07-28,2016
8924,https://openalex.org/W2559228085,1963-11-01,1963
8925,https://openalex.org/W4238861225,2016-01-01,2016
8926,https://openalex.org/W2074332969,1996-10-01,1996
8927,https://openalex.org/W2020421565,2014-06-01,2014
8928,https://openalex.org/W2088133013,2013-01-01,2013
8929,https://openalex.org/W2059035831,1994-09-01,1994
8930,https://openalex.org/W4408019935,2025-02-27,2025
8931,https://openalex.org/W2084926738,1985-02-01,1985
8932,https://openalex.org/W2727337477,2017-06-29,2017
8933,https://openalex.org/W2912733343,2019-02-15,2019
8934,https://openalex.org/W2085682587,2012-03-13,2012
8935,https://openalex.org/W2140141061,2005-11-01,2005
8936,https://openalex.org/W2987394275,2019-11-15,2019
8937,https://openalex.org/W4403471502,2024-10-16,2024
8938,https://openalex.org/W3080904044,2020-08-01,2020
8939,https://openalex.org/W4408881577,2025-03-27,2025
8940,https://openalex.org/W2057026231,2003-01-01,2003
8941,https://openalex.org/W2414324556,2000-10-01,2000
8942,https://openalex.org/W2419102429,1984-09-01,1984
8943,https://openalex.org/W1426713279,2003-01-01,2003
8944,https://openalex.org/W2139424874,2006-03-06,2006
8945,https://openalex.org/W2018075015,2006-01-01,2006
8946,https://openalex.org/W2804448284,2018-05-08,2018
8947,https://openalex.org/W3059676031,2020-08-18,2020
8948,https://openalex.org/W3198304581,2021-08-28,2021
8949,https://openalex.org/W2170640432,2007-04-04,2007
8950,https://openalex.org/W2142210821,2008-10-07,2008
8951,https://openalex.org/W2020436675,1995-06-01,1995
8952,https://openalex.org/W2750111010,2017-07-01,2017
8953,https://openalex.org/W4392265234,2024-02-28,2024
8954,https://openalex.org/W2563184431,2016-12-31,2016
8955,https://openalex.org/W2137726234,2009-04-14,2009
8956,https://openalex.org/W1862081109,1904-04-01,1904
8957,https://openalex.org/W2738639958,2017-07-01,2017
8958,https://openalex.org/W2727978990,2017-01-07,2017
8959,https://openalex.org/W2080897078,1995-01-01,1995
8960,https://openalex.org/W2137228369,2012-09-01,2012
8961,https://openalex.org/W2135516870,2002-01-01,2002
8962,https://openalex.org/W2075107239,2000-03-01,2000
8963,https://openalex.org/W2567978278,2016-01-01,2016
8964,https://openalex.org/W4404800066,2024-11-28,2024
8965,https://openalex.org/W4388942480,2023-11-23,2023
8966,https://openalex.org/W3204603413,2021-04-01,2021
8967,https://openalex.org/W2020711469,2012-10-01,2012
8968,https://openalex.org/W2292051392,1983-05-01,1983
8969,https://openalex.org/W3216867216,2021-11-24,2021
8970,https://openalex.org/W150742080,1976-12-01,1976
8971,https://openalex.org/W4297626023,2020-04-30,2020
8972,https://openalex.org/W2106460275,2010-03-12,2010
8973,https://openalex.org/W2148790600,2013-04-16,2013
8974,https://openalex.org/W2751732895,2017-01-01,2017
8975,https://openalex.org/W2096286203,2005-12-01,2005
8976,https://openalex.org/W2211174434,2015-12-30,2015
8977,https://openalex.org/W4210501491,2022-01-24,2022
8978,https://openalex.org/W2013367827,2013-12-01,2013
8979,https://openalex.org/W2144671503,2009-01-01,2009
8980,https://openalex.org/W2093494592,1970-08-01,1970
8981,https://openalex.org/W2023641100,2000-05-01,2000
8982,https://openalex.org/W2000051711,2009-03-11,2009
8983,https://openalex.org/W2018108871,2000-06-01,2000
8984,https://openalex.org/W2407826112,1999-10-01,1999
8985,https://openalex.org/W2160628797,2007-05-14,2007
8986,https://openalex.org/W2567940872,2017-01-01,2017
8987,https://openalex.org/W1965504805,2010-06-11,2010
8988,https://openalex.org/W2974582502,2019-09-19,2019
8989,https://openalex.org/W2769636548,2017-11-28,2017
8990,https://openalex.org/W29223301,2001-02-01,2001
8991,https://openalex.org/W2560886637,1986-12-01,1986
8992,https://openalex.org/W2772808186,2017-01-01,2017
8993,https://openalex.org/W2105048796,2009-01-01,2009
8994,https://openalex.org/W4388615739,2023-08-10,2023
8995,https://openalex.org/W2100959516,1994-02-01,1994
8996,https://openalex.org/W4389544055,2023-01-01,2023
8997,https://openalex.org/W2043427167,2009-01-01,2009
8998,https://openalex.org/W4383314431,2023-07-06,2023
8999,https://openalex.org/W1808273508,2013-01-01,2013
9000,https://openalex.org/W4402847275,2024-09-25,2024
9001,https://openalex.org/W2772195293,2018-01-17,2018
9002,https://openalex.org/W3091987805,2020-10-06,2020
9003,https://openalex.org/W2171215288,2006-08-28,2006
9004,https://openalex.org/W2029262697,2013-01-01,2013
9005,https://openalex.org/W2395500176,2016-01-01,2016
9006,https://openalex.org/W2019762378,1960-03-01,1960
9007,https://openalex.org/W4318333070,2023-01-27,2023
9008,https://openalex.org/W2327384847,2013-02-26,2013
9009,https://openalex.org/W2030313874,1977-01-01,1977
9010,https://openalex.org/W1997038395,1988-11-01,1988
9011,https://openalex.org/W4366685776,2023-04-21,2023
9012,https://openalex.org/W1982993029,2002-02-01,2002
9013,https://openalex.org/W4210273781,2022-01-01,2022
9014,https://openalex.org/W2289457092,2008-01-01,2008
9015,https://openalex.org/W1983858115,1949-07-01,1949
9016,https://openalex.org/W3174377758,2021-01-01,2021
9017,https://openalex.org/W3134512668,2021-03-01,2021
9018,https://openalex.org/W4406781535,2025-01-24,2025
9019,https://openalex.org/W1584089014,2013-12-23,2013
9020,https://openalex.org/W4319595498,2023-02-07,2023
9021,https://openalex.org/W2501739551,2016-01-20,2016
9022,https://openalex.org/W2023892928,1985-12-01,1985
9023,https://openalex.org/W2093036043,2005-05-12,2005
9024,https://openalex.org/W2793231057,2018-01-02,2018
9025,https://openalex.org/W1247135439,2015-06-21,2015
9026,https://openalex.org/W2059824063,1960-12-01,1960
9027,https://openalex.org/W2770205371,2017-11-20,2017
9028,https://openalex.org/W4244394577,2001-07-01,2001
9029,https://openalex.org/W4241344805,2012-06-13,2012
9030,https://openalex.org/W1994097342,2012-12-01,2012
9031,https://openalex.org/W2201983818,1989-02-15,1989
9032,https://openalex.org/W4398181770,2024-05-15,2024
9033,https://openalex.org/W1982457897,2012-01-25,2012
9034,https://openalex.org/W4292877276,2022-08-01,2022
9035,https://openalex.org/W2612580175,2015-11-01,2015
9036,https://openalex.org/W2049202299,2001-10-01,2001
9037,https://openalex.org/W2623501918,2017-06-08,2017
9038,https://openalex.org/W2742958163,1987-10-01,1987
9039,https://openalex.org/W2902275919,2018-11-26,2018
9040,https://openalex.org/W4250933400,1964-01-01,1964
9041,https://openalex.org/W3046703339,2020-07-30,2020
9042,https://openalex.org/W2314942888,2003-01-01,2003
9043,https://openalex.org/W2999523651,2019-12-31,2019
9044,https://openalex.org/W2000129520,2010-07-15,2010
9045,https://openalex.org/W2108943188,2004-01-08,2004
9046,https://openalex.org/W1977950696,1979-05-01,1979
9047,https://openalex.org/W2121030540,2006-12-05,2006
9048,https://openalex.org/W4364296790,2022-11-05,2022
9049,https://openalex.org/W2787912815,2017-01-01,2017
9050,https://openalex.org/W2623144810,2017-05-01,2017
9051,https://openalex.org/W1593578404,1987-10-01,1987
9052,https://openalex.org/W2001969402,2009-12-01,2009
9053,https://openalex.org/W3199330072,2021-09-22,2021
9054,https://openalex.org/W2349029027,2000-01-01,2000
9055,https://openalex.org/W2948782679,2019-06-05,2019
9056,https://openalex.org/W4403970479,2024-10-31,2024
9057,https://openalex.org/W4389101932,2023-10-29,2023
9058,https://openalex.org/W1553160035,2015-06-01,2015
9059,https://openalex.org/W3028671628,2020-05-25,2020
9060,https://openalex.org/W2037638354,2010-04-28,2010
9061,https://openalex.org/W4385690136,2023-08-09,2023
9062,https://openalex.org/W4247602019,2010-08-24,2010
9063,https://openalex.org/W2521209242,2016-01-01,2016
9064,https://openalex.org/W2990034748,2010-09-13,2010
9065,https://openalex.org/W4220872325,2022-03-17,2022
9066,https://openalex.org/W2411332413,1983-11-01,1983
9067,https://openalex.org/W2414066939,1985-02-01,1985
9068,https://openalex.org/W3046108609,2020-06-20,2020
9069,https://openalex.org/W4210426770,2022-01-24,2022
9070,https://openalex.org/W2589387836,2017-01-01,2017
9071,https://openalex.org/W2394338724,2012-07-25,2012
9072,https://openalex.org/W3209521037,2021-06-07,2021
9073,https://openalex.org/W2059360172,1988-09-14,1988
9074,https://openalex.org/W4402029769,2024-08-30,2024
9075,https://openalex.org/W2792023854,2017-12-01,2017
9076,https://openalex.org/W2100168350,2012-06-01,2012
9077,https://openalex.org/W2061761924,2012-09-01,2012
9078,https://openalex.org/W1995026590,2010-06-10,2010
9079,https://openalex.org/W3183383293,2021-07-20,2021
9080,https://openalex.org/W4234282654,1996-12-30,1996
9081,https://openalex.org/W1822686062,1983-11-23,1983
9082,https://openalex.org/W1518545040,1972-01-01,1972
9083,https://openalex.org/W2796111100,2018-02-28,2018
9084,https://openalex.org/W2938764806,2019-04-01,2019
9085,https://openalex.org/W3106969537,2020-11-03,2020
9086,https://openalex.org/W4410420423,2025-05-15,2025
9087,https://openalex.org/W4236370607,1999-11-16,1999
9088,https://openalex.org/W4285172643,2022-01-01,2022
9089,https://openalex.org/W2561041013,2017-04-28,2017
9090,https://openalex.org/W2112480821,2015-11-12,2015
9091,https://openalex.org/W3216031607,2021-11-24,2021
9092,https://openalex.org/W2996735064,2019-12-17,2019
9093,https://openalex.org/W1924474537,2015-08-17,2015
9094,https://openalex.org/W3026912947,2019-12-31,2019
9095,https://openalex.org/W2114971117,1992-06-01,1992
9096,https://openalex.org/W2153891419,2003-06-25,2003
9097,https://openalex.org/W2980849170,2019-10-15,2019
9098,https://openalex.org/W2081438702,2003-10-28,2003
9099,https://openalex.org/W2005745077,2011-06-25,2011
9100,https://openalex.org/W2259275677,2015-11-10,2015
9101,https://openalex.org/W2997971955,2019-12-24,2019
9102,https://openalex.org/W2777174586,2017-12-21,2017
9103,https://openalex.org/W4368360756,2023-05-04,2023
9104,https://openalex.org/W1489640077,2002-10-01,2002
9105,https://openalex.org/W4395467195,2024-04-25,2024
9106,https://openalex.org/W1946296659,2002-11-07,2002
9107,https://openalex.org/W4386424054,2023-09-04,2023
9108,https://openalex.org/W4317506324,2023-01-19,2023
9109,https://openalex.org/W2087960000,2014-01-01,2014
9110,https://openalex.org/W2886391969,2018-07-31,2018
9111,https://openalex.org/W1996880782,2010-05-01,2010
9112,https://openalex.org/W2293019367,2016-03-11,2016
9113,https://openalex.org/W3180498673,2021-07-05,2021
9114,https://openalex.org/W2000924750,2005-01-01,2005
9115,https://openalex.org/W2349195625,2011-01-01,2011
9116,https://openalex.org/W2884510582,2018-07-17,2018
9117,https://openalex.org/W2744096320,2017-08-12,2017
9118,https://openalex.org/W4387621440,2023-07-03,2023
9119,https://openalex.org/W1993958405,2011-07-15,2011
9120,https://openalex.org/W4254016602,1962-08-01,1962
9121,https://openalex.org/W2559288183,2016-11-29,2016
9122,https://openalex.org/W2350268937,2009-01-01,2009
9123,https://openalex.org/W2039000396,2014-06-19,2014
9124,https://openalex.org/W2008320899,2005-02-26,2005
9125,https://openalex.org/W4384120018,2023-07-13,2023
9126,https://openalex.org/W2023260804,2006-10-12,2006
9127,https://openalex.org/W1588582145,2013-01-01,2013
9128,https://openalex.org/W1891539143,2000-11-13,2000
9129,https://openalex.org/W1482493301,2014-11-18,2014
9130,https://openalex.org/W1963628872,1992-01-01,1992
9131,https://openalex.org/W2556262614,2016-08-01,2016
9132,https://openalex.org/W2114604813,2009-10-10,2009
9133,https://openalex.org/W4285118047,2022-01-01,2022
9134,https://openalex.org/W2099205585,2011-10-12,2011
9135,https://openalex.org/W2003845414,1985-09-01,1985
9136,https://openalex.org/W2766571016,2017-11-01,2017
9137,https://openalex.org/W2969093658,2019-04-20,2019
9138,https://openalex.org/W6910447061,2022-12-14,2022
9139,https://openalex.org/W1998078526,2006-08-03,2006
9140,https://openalex.org/W2047093914,2013-12-01,2013
9141,https://openalex.org/W2049577156,1977-05-01,1977
9142,https://openalex.org/W2231466112,2016-01-09,2016
9143,https://openalex.org/W1983081960,2012-12-01,2012
9144,https://openalex.org/W4385564106,2023-08-04,2023
9145,https://openalex.org/W2161182326,2003-01-01,2003
9146,https://openalex.org/W2460441583,1976-06-01,1976
9147,https://openalex.org/W2071539253,2001-02-22,2001
9148,https://openalex.org/W2079815974,1964-10-01,1964
9149,https://openalex.org/W2085790726,2010-05-21,2010
9150,https://openalex.org/W186078886,1983-07-01,1983
9151,https://openalex.org/W3194986073,2021-07-01,2021
9152,https://openalex.org/W2083406338,1998-03-01,1998
9153,https://openalex.org/W2333506318,1985-01-01,1985
9154,https://openalex.org/W2215673570,2009-01-01,2009
9155,https://openalex.org/W2316507284,2008-01-01,2008
9156,https://openalex.org/W4385984893,2023-08-18,2023
9157,https://openalex.org/W1994132263,2014-01-10,2014
9158,https://openalex.org/W4413316749,2025-08-19,2025
9159,https://openalex.org/W2593959632,2016-01-01,2016
9160,https://openalex.org/W2947350232,2019-05-31,2019
9161,https://openalex.org/W170370541,2004-01-01,2004
9162,https://openalex.org/W1557531934,2014-12-22,2014
9163,https://openalex.org/W2090333032,2013-06-26,2013
9164,https://openalex.org/W2547725457,2016-01-01,2016
9165,https://openalex.org/W2014817558,1993-03-01,1993
9166,https://openalex.org/W2028396304,2004-05-01,2004
9167,https://openalex.org/W1995628728,1984-03-01,1984
9168,https://openalex.org/W2776372337,2017-12-01,2017
9169,https://openalex.org/W4306160433,2022-10-14,2022
9170,https://openalex.org/W2561512163,2016-12-14,2016
9171,https://openalex.org/W4391928150,2024-02-18,2024
9172,https://openalex.org/W2065677252,1984-10-01,1984
9173,https://openalex.org/W3014209092,2020-03-31,2020
9174,https://openalex.org/W2042826746,2000-09-01,2000
9175,https://openalex.org/W2113763856,1990-12-01,1990
9176,https://openalex.org/W2910350531,2019-01-07,2019
9177,https://openalex.org/W4385840031,2023-08-15,2023
9178,https://openalex.org/W2133397308,2010-02-17,2010
9179,https://openalex.org/W3207504077,2022-09-16,2022
9180,https://openalex.org/W2619762289,2016-10-04,2016
9181,https://openalex.org/W4399752220,2024-06-17,2024
9182,https://openalex.org/W1986949100,1996-01-01,1996
9183,https://openalex.org/W2410545484,1977-02-01,1977
9184,https://openalex.org/W85169053,2014-12-16,2014
9185,https://openalex.org/W1998502717,1984-01-01,1984
9186,https://openalex.org/W2997291822,2019-12-27,2019
9187,https://openalex.org/W2005513257,1998-11-01,1998
9188,https://openalex.org/W2991071200,2019-01-01,2019
9189,https://openalex.org/W3048326705,2020-08-07,2020
9190,https://openalex.org/W3014214166,2020-03-30,2020
9191,https://openalex.org/W3010186483,2020-01-01,2020
9192,https://openalex.org/W2240378453,2000-01-01,2000
9193,https://openalex.org/W1995731167,1967-01-15,1967
9194,https://openalex.org/W1987948295,1999-07-01,1999
9195,https://openalex.org/W2188261209,2009-01-01,2009
9196,https://openalex.org/W2069341173,2009-05-19,2009
9197,https://openalex.org/W2360123746,2012-01-01,2012
9198,https://openalex.org/W1994621088,1999-10-01,1999
9199,https://openalex.org/W2387527497,2003-01-01,2003
9200,https://openalex.org/W2026355363,2010-10-26,2010
9201,https://openalex.org/W1987940604,1989-03-01,1989
9202,https://openalex.org/W2182217623,1986-01-01,1986
9203,https://openalex.org/W2101029630,1999-06-04,1999
9204,https://openalex.org/W2097687894,2013-01-01,2013
9205,https://openalex.org/W3049622116,1976-01-01,1976
9206,https://openalex.org/W2999951658,2015-11-01,2015
9207,https://openalex.org/W2322186785,1990-01-01,1990
9208,https://openalex.org/W4285018264,2022-01-01,2022
9209,https://openalex.org/W1590233415,2001-09-24,2001
9210,https://openalex.org/W4238341707,1966-06-10,1966
9211,https://openalex.org/W2091265653,1990-07-01,1990
9212,https://openalex.org/W2012280669,2000-09-07,2000
9213,https://openalex.org/W2410747446,1986-05-01,1986
9214,https://openalex.org/W4285988191,2022-07-20,2022
9215,https://openalex.org/W2010551910,2014-01-01,2014
9216,https://openalex.org/W4388759819,2023-11-17,2023
9217,https://openalex.org/W2136328188,2009-04-01,2009
9218,https://openalex.org/W4297945897,2022-10-10,2022
9219,https://openalex.org/W2093066573,2010-11-01,2010
9220,https://openalex.org/W2049808986,1986-09-01,1986
9221,https://openalex.org/W1986634053,2003-01-01,2003
9222,https://openalex.org/W2112142318,1999-02-01,1999
9223,https://openalex.org/W7075616441,2008-01-01,2008
9224,https://openalex.org/W4409909446,2025-04-30,2025
9225,https://openalex.org/W2463304099,2016-06-23,2016
9226,https://openalex.org/W4367050513,2023-04-26,2023
9227,https://openalex.org/W147631711,2004-11-01,2004
9228,https://openalex.org/W4301117291,1981-09-01,1981
9229,https://openalex.org/W3083141533,2020-09-06,2020
9230,https://openalex.org/W2624931294,2017-06-16,2017
9231,https://openalex.org/W4200513464,2021-12-23,2021
9232,https://openalex.org/W2032612424,2012-08-12,2012
9233,https://openalex.org/W4398135214,2024-05-20,2024
9234,https://openalex.org/W2989481559,1972-07-01,1972
9235,https://openalex.org/W4296958659,2022-09-23,2022
9236,https://openalex.org/W2054062594,2010-07-07,2010
9237,https://openalex.org/W2912494723,2019-01-10,2019
9238,https://openalex.org/W4389394210,2023-08-14,2023
9239,https://openalex.org/W2007172932,2003-12-31,2003
9240,https://openalex.org/W3190573170,2021-08-09,2021
9241,https://openalex.org/W1600387463,1988-10-01,1988
9242,https://openalex.org/W2101854343,2005-01-01,2005
9243,https://openalex.org/W2404977117,1917-09-01,1917
9244,https://openalex.org/W747068007,1977-04-16,1977
9245,https://openalex.org/W1966824288,2000-08-11,2000
9246,https://openalex.org/W2158528663,2008-05-01,2008
9247,https://openalex.org/W2101124409,2000-01-01,2000
9248,https://openalex.org/W4281614973,2022-05-24,2022
9249,https://openalex.org/W2786044390,2017-12-01,2017
9250,https://openalex.org/W2897977812,2018-10-18,2018
9251,https://openalex.org/W4362559500,2023-04-04,2023
9252,https://openalex.org/W4381322387,2022-12-01,2022
9253,https://openalex.org/W4388422982,2023-11-06,2023
9254,https://openalex.org/W1889355838,2015-07-04,2015
9255,https://openalex.org/W2022597892,2013-11-28,2013
9256,https://openalex.org/W3001942652,2015-12-28,2015
9257,https://openalex.org/W2430883668,2007-09-01,2007
9258,https://openalex.org/W3046770517,2020-07-01,2020
9259,https://openalex.org/W2166141020,2008-01-24,2008
9260,https://openalex.org/W2946108627,2019-08-10,2019
9261,https://openalex.org/W4365456659,2023-04-13,2023
9262,https://openalex.org/W2140401938,2001-12-19,2001
9263,https://openalex.org/W2137889435,1995-03-01,1995
9264,https://openalex.org/W2141640228,2009-09-01,2009
9265,https://openalex.org/W4406385579,2025-01-15,2025
9266,https://openalex.org/W2137808716,2012-05-01,2012
9267,https://openalex.org/W2557671959,2016-10-24,2016
9268,https://openalex.org/W2733261387,2015-01-01,2015
9269,https://openalex.org/W2033625418,2007-10-16,2007
9270,https://openalex.org/W3044167729,2020-07-24,2020
9271,https://openalex.org/W2794846385,2015-03-20,2015
9272,https://openalex.org/W4306787238,2022-10-01,2022
9273,https://openalex.org/W130694849,2008-08-01,2008
9274,https://openalex.org/W2008332051,2012-07-01,2012
9275,https://openalex.org/W1504428396,1996-07-05,1996
9276,https://openalex.org/W4309658082,2022-11-21,2022
9277,https://openalex.org/W2170215265,2003-06-25,2003
9278,https://openalex.org/W2331041777,1992-01-01,1992
9279,https://openalex.org/W2135627377,1993-08-01,1993
9280,https://openalex.org/W2355061424,2003-01-01,2003
9281,https://openalex.org/W2325360286,1989-06-01,1989
9282,https://openalex.org/W2996707798,2019-12-01,2019
9283,https://openalex.org/W1751896498,2002-11-22,2002
9284,https://openalex.org/W4390477797,2005-01-01,2005
9285,https://openalex.org/W2121519443,2003-09-01,2003
9286,https://openalex.org/W2185482943,2013-01-01,2013
9287,https://openalex.org/W1986724886,1997-06-01,1997
9288,https://openalex.org/W2016898699,1998-01-01,1998
9289,https://openalex.org/W2409116620,1993-06-24,1993
9290,https://openalex.org/W4313217175,2022-12-22,2022
9291,https://openalex.org/W4239353111,2011-02-01,2011
9292,https://openalex.org/W1977794119,2014-01-17,2014
9293,https://openalex.org/W4317214812,2023-01-18,2023
9294,https://openalex.org/W2162584941,2006-09-29,2006
9295,https://openalex.org/W2039364230,2011-06-30,2011
9296,https://openalex.org/W2018108309,1994-05-15,1994
9297,https://openalex.org/W1561997337,2010-11-25,2010
9298,https://openalex.org/W2098785236,2006-05-12,2006
9299,https://openalex.org/W2410748543,2015-01-01,2015
9300,https://openalex.org/W2185669456,2014-08-01,2014
9301,https://openalex.org/W2729176183,2017-01-01,2017
9302,https://openalex.org/W2247106778,2016-01-22,2016
9303,https://openalex.org/W2084459705,1994-12-01,1994
9304,https://openalex.org/W1983315122,1982-07-01,1982
9305,https://openalex.org/W4200130796,2021-12-16,2021
9306,https://openalex.org/W2753875410,2017-09-01,2017
9307,https://openalex.org/W2408343175,1997-02-01,1997
9308,https://openalex.org/W1966835451,2010-03-30,2010
9309,https://openalex.org/W3215291852,2022-04-24,2022
9310,https://openalex.org/W2153702647,2008-01-01,2008
9311,https://openalex.org/W2790167067,2018-02-21,2018
9312,https://openalex.org/W1565662343,1993-05-01,1993
9313,https://openalex.org/W1874620038,2010-06-10,2010
9314,https://openalex.org/W1979149633,1993-12-01,1993
9315,https://openalex.org/W2112762036,2005-09-08,2005
9316,https://openalex.org/W2320179805,1970-10-01,1970
9317,https://openalex.org/W2315672371,1995-01-01,1995
9318,https://openalex.org/W2112497117,2005-11-16,2005
9319,https://openalex.org/W2159629049,2008-02-14,2008
9320,https://openalex.org/W13097391,1993-01-01,1993
9321,https://openalex.org/W261393741,2005-02-01,2005
9322,https://openalex.org/W2030563101,2007-10-03,2007
9323,https://openalex.org/W4221120177,2022-03-04,2022
9324,https://openalex.org/W2971911642,2019-09-05,2019
9325,https://openalex.org/W2319754603,2021-08-31,2021
9326,https://openalex.org/W2030973910,2013-08-01,2013
9327,https://openalex.org/W60248926,1978-01-01,1978
9328,https://openalex.org/W2083262346,2006-07-01,2006
9329,https://openalex.org/W1972174686,2010-03-23,2010
9330,https://openalex.org/W431297667,2014-04-01,2014
9331,https://openalex.org/W2333956592,1966-12-01,1966
9332,https://openalex.org/W4376106615,2023-05-10,2023
9333,https://openalex.org/W2350706434,2006-01-01,2006
9334,https://openalex.org/W2069687193,1992-10-01,1992
9335,https://openalex.org/W2334521367,1973-01-01,1973
9336,https://openalex.org/W3121988176,2021-01-01,2021
9337,https://openalex.org/W2963045009,2019-02-28,2019
9338,https://openalex.org/W2996919841,2020-07-23,2020
9339,https://openalex.org/W2768184838,2017-11-13,2017
9340,https://openalex.org/W2391073437,2008-01-01,2008
9341,https://openalex.org/W2033787185,2014-03-31,2014
9342,https://openalex.org/W2460715713,2015-10-06,2015
9343,https://openalex.org/W2154230750,1987-02-01,1987
9344,https://openalex.org/W1972879529,1987-09-14,1987
9345,https://openalex.org/W3123463442,2021-04-19,2021
9346,https://openalex.org/W2017722252,2013-08-28,2013
9347,https://openalex.org/W2470742397,1999-09-01,1999
9348,https://openalex.org/W2606828011,1980-01-01,1980
9349,https://openalex.org/W3203401243,2021-09-27,2021
9350,https://openalex.org/W2949160736,2007-10-20,2007
9351,https://openalex.org/W4383723542,2023-07-01,2023
9352,https://openalex.org/W1606971417,2012-01-01,2012
9353,https://openalex.org/W4315574564,2023-01-10,2023
9354,https://openalex.org/W4308427548,2022-11-07,2022
9355,https://openalex.org/W4239786702,1997-07-01,1997
9356,https://openalex.org/W2151206891,1996-11-01,1996
9357,https://openalex.org/W2353667836,2001-01-01,2001
9358,https://openalex.org/W2318474847,2009-09-01,2009
9359,https://openalex.org/W2158203221,1949-09-01,1949
9360,https://openalex.org/W4400218163,2024-07-01,2024
9361,https://openalex.org/W3008397134,2020-03-27,2020
9362,https://openalex.org/W2622714540,2009-01-01,2009
9363,https://openalex.org/W2901751423,2018-11-13,2018
9364,https://openalex.org/W2791479625,2018-03-08,2018
9365,https://openalex.org/W1967865933,2014-02-01,2014
9366,https://openalex.org/W2332306631,1999-04-01,1999
9367,https://openalex.org/W2005621835,2012-04-23,2012
9368,https://openalex.org/W2335049544,2016-03-21,2016
9369,https://openalex.org/W4239264634,1985-01-01,1985
9370,https://openalex.org/W1595278320,2015-07-22,2015
9371,https://openalex.org/W2388028976,2015-01-01,2015
9372,https://openalex.org/W2351915000,2008-01-01,2008
9373,https://openalex.org/W3129056017,2021-02-01,2021
9374,https://openalex.org/W1467849246,2001-01-01,2001
9375,https://openalex.org/W2994679102,2019-10-01,2019
9376,https://openalex.org/W2418062782,2016-06-06,2016
9377,https://openalex.org/W1801973517,2015-07-22,2015
9378,https://openalex.org/W2381814085,2013-01-01,2013
9379,https://openalex.org/W2378015913,2016-05-01,2016
9380,https://openalex.org/W2413573746,1993-09-01,1993
9381,https://openalex.org/W2139576214,2006-12-31,2006
9382,https://openalex.org/W2100162786,2004-10-01,2004
9383,https://openalex.org/W4312389652,2022-08-11,2022
9384,https://openalex.org/W4368342539,2023-05-04,2023
9385,https://openalex.org/W4323812745,2023-03-09,2023
9386,https://openalex.org/W4309533400,2022-11-21,2022
9387,https://openalex.org/W4213367027,2022-01-03,2022
9388,https://openalex.org/W1975813920,2001-12-01,2001
9389,https://openalex.org/W4307885299,2022-10-31,2022
9390,https://openalex.org/W1554467705,2015-01-01,2015
9391,https://openalex.org/W1547123155,2005-09-02,2005
9392,https://openalex.org/W1925272190,2013-03-19,2013
9393,https://openalex.org/W2117029337,1975-12-01,1975
9394,https://openalex.org/W2182229355,2013-12-01,2013
9395,https://openalex.org/W4310711266,2022-11-15,2022
9396,https://openalex.org/W3113663030,2020-12-30,2020
9397,https://openalex.org/W2950823266,1992-01-01,1992
9398,https://openalex.org/W2348641048,2011-01-01,2011
9399,https://openalex.org/W2072548824,2013-08-01,2013
9400,https://openalex.org/W3119407785,2021-01-06,2021
9401,https://openalex.org/W2005706413,1982-12-01,1982
9402,https://openalex.org/W2151311679,2009-01-01,2009
9403,https://openalex.org/W2077805491,1987-06-01,1987
9404,https://openalex.org/W3195731966,2021-08-25,2021
9405,https://openalex.org/W2087035480,2005-05-01,2005
9406,https://openalex.org/W2563140284,2016-10-01,2016
9407,https://openalex.org/W2036696261,2007-10-15,2007
9408,https://openalex.org/W4230168807,1975-01-01,1975
9409,https://openalex.org/W1506850380,2005-03-03,2005
9410,https://openalex.org/W2183096358,1996-09-01,1996
9411,https://openalex.org/W1525679762,2012-01-27,2012
9412,https://openalex.org/W1497358804,2002-01-01,2002
9413,https://openalex.org/W2807504294,2010-12-15,2010
9414,https://openalex.org/W1972112405,1990-09-01,1990
9415,https://openalex.org/W2142437605,1964-01-01,1964
9416,https://openalex.org/W2082409249,1998-08-01,1998
9417,https://openalex.org/W2792209449,2018-03-23,2018
9418,https://openalex.org/W2744643044,2016-10-01,2016
9419,https://openalex.org/W3125116704,2021-01-01,2021
9420,https://openalex.org/W2503736601,1996-01-01,1996
9421,https://openalex.org/W2014098038,2002-12-01,2002
9422,https://openalex.org/W3162128832,2021-05-19,2021
9423,https://openalex.org/W2040626409,1999-01-01,1999
9424,https://openalex.org/W2030117848,2000-05-01,2000
9425,https://openalex.org/W2099009731,2013-05-09,2013
9426,https://openalex.org/W1997496600,1979-02-01,1979
9427,https://openalex.org/W2184488745,1994-01-01,1994
9428,https://openalex.org/W4398220528,2024-05-22,2024
9429,https://openalex.org/W3190450884,2021-08-11,2021
9430,https://openalex.org/W4386038396,2023-08-21,2023
9431,https://openalex.org/W2131924543,2003-05-01,2003
9432,https://openalex.org/W4408526632,2024-01-01,2024
9433,https://openalex.org/W3192162647,2021-05-23,2021
9434,https://openalex.org/W1579523124,2013-10-21,2013
9435,https://openalex.org/W1965032099,1992-04-01,1992
9436,https://openalex.org/W2129986991,2002-12-30,2002
9437,https://openalex.org/W2118724479,2010-03-17,2010
9438,https://openalex.org/W4241990695,2020-10-13,2020
9439,https://openalex.org/W2040298637,2008-11-01,2008
9440,https://openalex.org/W3041079915,2015-01-01,2015
9441,https://openalex.org/W4401729312,2024-08-21,2024
9442,https://openalex.org/W1984936076,2008-04-22,2008
9443,https://openalex.org/W3128903262,2021-02-08,2021
9444,https://openalex.org/W2462286318,1974-04-01,1974
9445,https://openalex.org/W3142960106,2008-01-01,2008
9446,https://openalex.org/W3179290839,2021-06-30,2021
9447,https://openalex.org/W4411949588,2025-07-01,2025
9448,https://openalex.org/W4401933510,2021-11-28,2021
9449,https://openalex.org/W2102968159,2015-09-27,2015
9450,https://openalex.org/W2913753057,2018-03-07,2018
9451,https://openalex.org/W2184967093,1992-09-15,1992
9452,https://openalex.org/W4400048118,2024-06-01,2024
9453,https://openalex.org/W4293105646,2022-08-25,2022
9454,https://openalex.org/W3111180383,2020-12-13,2020
9455,https://openalex.org/W4200246989,2021-12-03,2021
9456,https://openalex.org/W3084177363,2020-09-08,2020
9457,https://openalex.org/W2982273976,2017-01-25,2017
9458,https://openalex.org/W2528626440,2016-02-26,2016
9459,https://openalex.org/W2005487862,2000-07-01,2000
9460,https://openalex.org/W4232096869,1997-01-01,1997
9461,https://openalex.org/W2414597090,1994-11-01,1994
9462,https://openalex.org/W3183515536,2021-07-29,2021
9463,https://openalex.org/W2063012462,2013-02-28,2013
9464,https://openalex.org/W3026090444,2020-05-25,2020
9465,https://openalex.org/W2092449048,1999-11-01,1999
9466,https://openalex.org/W3083428536,2020-08-28,2020
9467,https://openalex.org/W3085202928,2020-09-15,2020
9468,https://openalex.org/W2090883286,2013-04-19,2013
9469,https://openalex.org/W2098356192,2009-04-04,2009
9470,https://openalex.org/W2408284286,2016-05-25,2016
9471,https://openalex.org/W2154963795,2004-07-13,2004
9472,https://openalex.org/W2061434151,2013-10-31,2013
9473,https://openalex.org/W2757021900,2017-09-25,2017
9474,https://openalex.org/W2900333821,2018-11-06,2018
9475,https://openalex.org/W2017502225,1998-01-01,1998
9476,https://openalex.org/W2973205295,2017-12-01,2017
9477,https://openalex.org/W1954794642,2015-05-18,2015
9478,https://openalex.org/W2161917415,1909-11-01,1909
9479,https://openalex.org/W2081214524,2011-05-24,2011
9480,https://openalex.org/W2031872972,1996-10-15,1996
9481,https://openalex.org/W2116574778,2009-01-22,2009
9482,https://openalex.org/W2179798187,2002-06-01,2002
9483,https://openalex.org/W2612044876,2018-05-01,2018
9484,https://openalex.org/W2442136527,1971-01-01,1971
9485,https://openalex.org/W2119268695,2003-10-14,2003
9486,https://openalex.org/W2120138065,1992-07-01,1992
9487,https://openalex.org/W2065806174,2002-03-01,2002
9488,https://openalex.org/W2395580916,2014-11-01,2014
9489,https://openalex.org/W2007532369,2000-07-01,2000
9490,https://openalex.org/W3211687710,2001-11-11,2001
9491,https://openalex.org/W3152700053,2021-04-13,2021
9492,https://openalex.org/W4409829878,2025-04-26,2025
9493,https://openalex.org/W6912811485,2021-09-01,2021
9494,https://openalex.org/W2106373283,2008-12-01,2008
9495,https://openalex.org/W2057280753,2012-01-06,2012
9496,https://openalex.org/W2144228609,2000-01-01,2000
9497,https://openalex.org/W2036894255,2011-08-11,2011
9498,https://openalex.org/W4223414527,2022-04-06,2022
9499,https://openalex.org/W2109325722,2011-04-01,2011
9500,https://openalex.org/W2401902952,1986-04-01,1986
9501,https://openalex.org/W2069353545,1974-09-01,1974
9502,https://openalex.org/W2058547747,2009-12-18,2009
9503,https://openalex.org/W2412781213,1995-09-01,1995
9504,https://openalex.org/W2175147680,2008-03-01,2008
9505,https://openalex.org/W33331005,2014-11-01,2014
9506,https://openalex.org/W2332706427,2014-03-06,2014
9507,https://openalex.org/W4405204789,2024-12-10,2024
9508,https://openalex.org/W68102187,1990-04-01,1990
9509,https://openalex.org/W23314814,2012-01-01,2012
9510,https://openalex.org/W2003787851,1985-01-01,1985
9511,https://openalex.org/W2386627542,2008-01-01,2008
9512,https://openalex.org/W4313042043,2016-09-09,2016
9513,https://openalex.org/W2391113189,2013-01-01,2013
9514,https://openalex.org/W2770629853,2017-09-01,2017
9515,https://openalex.org/W894343039,2005-01-01,2005
9516,https://openalex.org/W2344364216,2016-04-25,2016
9517,https://openalex.org/W4200538133,2021-12-06,2021
9518,https://openalex.org/W3135964538,2020-12-10,2020
9519,https://openalex.org/W2168448215,2004-01-01,2004
9520,https://openalex.org/W2224960161,2007-01-01,2007
9521,https://openalex.org/W3119078091,2021-01-06,2021
9522,https://openalex.org/W4213164333,2022-02-12,2022
9523,https://openalex.org/W2036579512,1990-05-01,1990
9524,https://openalex.org/W1986119944,2007-11-26,2007
9525,https://openalex.org/W2361555292,2005-01-01,2005
9526,https://openalex.org/W2073873788,1959-12-01,1959
9527,https://openalex.org/W4386097690,2023-08-23,2023
9528,https://openalex.org/W4386639750,2023-09-01,2023
9529,https://openalex.org/W1977854955,2004-03-01,2004
9530,https://openalex.org/W2137440917,2011-02-07,2011
9531,https://openalex.org/W4281783376,2022-05-09,2022
9532,https://openalex.org/W2246013021,2011-10-14,2011
9533,https://openalex.org/W1861588598,2010-02-01,2010
9534,https://openalex.org/W2090577561,2009-07-06,2009
9535,https://openalex.org/W3012045691,2020-03-11,2020
9536,https://openalex.org/W2771502574,2017-12-05,2017
9537,https://openalex.org/W4245636743,2019-07-30,2019
9538,https://openalex.org/W2161906796,2006-12-27,2006
9539,https://openalex.org/W2126293985,1969-01-01,1969
9540,https://openalex.org/W4403597547,2024-10-21,2024
9541,https://openalex.org/W2409487892,1995-06-01,1995
9542,https://openalex.org/W2005116048,1996-11-01,1996
9543,https://openalex.org/W2070688947,2014-03-29,2014
9544,https://openalex.org/W2732485226,2017-06-29,2017
9545,https://openalex.org/W2955459581,2019-06-29,2019
9546,https://openalex.org/W2955985648,2019-06-28,2019
9547,https://openalex.org/W2072962347,2012-01-01,2012
9548,https://openalex.org/W2376936190,2001-01-01,2001
9549,https://openalex.org/W2039991096,2010-06-07,2010
9550,https://openalex.org/W2114855039,2015-04-01,2015
9551,https://openalex.org/W2770139601,2017-09-01,2017
9552,https://openalex.org/W2804867951,2018-05-25,2018
9553,https://openalex.org/W182165715,1990-01-01,1990
9554,https://openalex.org/W2508842507,2016-07-26,2016
9555,https://openalex.org/W2151494822,1993-01-01,1993
9556,https://openalex.org/W2063979038,1996-07-01,1996
9557,https://openalex.org/W2115407546,1988-03-01,1988
9558,https://openalex.org/W4283709663,2022-06-28,2022
9559,https://openalex.org/W2165201476,2014-01-10,2014
9560,https://openalex.org/W1969011887,2004-01-01,2004
9561,https://openalex.org/W2067327031,2010-01-01,2010
9562,https://openalex.org/W3204895260,2021-09-13,2021
9563,https://openalex.org/W3162415595,2021-05-19,2021
9564,https://openalex.org/W1491294316,1992-12-01,1992
9565,https://openalex.org/W1997929270,2009-02-10,2009
9566,https://openalex.org/W1974492267,1959-10-10,1959
9567,https://openalex.org/W115559480,1973-01-01,1973
9568,https://openalex.org/W4389248108,2023-12-01,2023
9569,https://openalex.org/W3034445267,2020-06-10,2020
9570,https://openalex.org/W4302375241,1982-11-01,1982
9571,https://openalex.org/W2041820164,2012-07-18,2012
9572,https://openalex.org/W4406211532,2025-01-10,2025
9573,https://openalex.org/W4309007558,2022-11-13,2022
9574,https://openalex.org/W2316532036,2014-08-05,2014
9575,https://openalex.org/W2621311249,2020-09-11,2020
9576,https://openalex.org/W236037420,2001-01-01,2001
9577,https://openalex.org/W4353089067,2023-03-22,2023
9578,https://openalex.org/W2977718002,2013-10-25,2013
9579,https://openalex.org/W2771253745,2017-12-12,2017
9580,https://openalex.org/W2182779173,2007-01-01,2007
9581,https://openalex.org/W4403966520,2024-10-30,2024
9582,https://openalex.org/W1981362987,1972-06-01,1972
9583,https://openalex.org/W2022432073,2010-10-01,2010
9584,https://openalex.org/W4285104934,2022-06-03,2022
9585,https://openalex.org/W3199586784,2021-09-15,2021
9586,https://openalex.org/W1971680764,1999-08-01,1999
9587,https://openalex.org/W2132644779,2011-07-01,2011
9588,https://openalex.org/W1998209631,1987-06-01,1987
9589,https://openalex.org/W2087882017,2001-03-01,2001
9590,https://openalex.org/W2153725721,2011-07-05,2011
9591,https://openalex.org/W2596765938,2017-03-16,2017
9592,https://openalex.org/W2363245574,2010-01-01,2010
9593,https://openalex.org/W2367819865,2011-01-01,2011
9594,https://openalex.org/W871063290,2015-04-01,2015
9595,https://openalex.org/W2217539372,2007-01-01,2007
9596,https://openalex.org/W1983297552,2010-06-25,2010
9597,https://openalex.org/W1990392066,1977-03-01,1977
9598,https://openalex.org/W4406398586,2025-01-15,2025
9599,https://openalex.org/W2384010511,2014-01-01,2014
9600,https://openalex.org/W2135577220,2013-08-01,2013
9601,https://openalex.org/W147101903,1973-11-15,1973
9602,https://openalex.org/W2623135331,2017-06-01,2017
9603,https://openalex.org/W2886908892,2018-08-09,2018
9604,https://openalex.org/W2938515526,2019-01-01,2019
9605,https://openalex.org/W2896797451,2018-09-30,2018
9606,https://openalex.org/W2790016872,2018-01-31,2018
9607,https://openalex.org/W2170635603,1995-01-01,1995
9608,https://openalex.org/W2022943952,1994-06-01,1994
9609,https://openalex.org/W2150499264,1996-05-01,1996
9610,https://openalex.org/W2041621258,2008-03-01,2008
9611,https://openalex.org/W1508611147,2002-06-10,2002
9612,https://openalex.org/W2167104189,2002-06-15,2002
9613,https://openalex.org/W266661785,1997-05-01,1997
9614,https://openalex.org/W2093824999,2014-02-24,2014
9615,https://openalex.org/W87565543,1991-02-01,1991
9616,https://openalex.org/W1996901202,2008-01-04,2008
9617,https://openalex.org/W2994355936,2014-03-01,2014
9618,https://openalex.org/W2128600558,2001-01-01,2001
9619,https://openalex.org/W3209374444,2004-01-01,2004
9620,https://openalex.org/W2267636083,2008-01-01,2008
9621,https://openalex.org/W2034647785,2013-01-01,2013
9622,https://openalex.org/W9578364,2006-01-01,2006
9623,https://openalex.org/W2372920590,1998-01-01,1998
9624,https://openalex.org/W1971889307,2007-07-04,2007
9625,https://openalex.org/W6911571455,1951-01-01,1951
9626,https://openalex.org/W2372316747,1996-01-01,1996
9627,https://openalex.org/W2031941842,2010-06-01,2010
9628,https://openalex.org/W2091102082,2006-02-09,2006
9629,https://openalex.org/W4362605870,2023-03-02,2023
9630,https://openalex.org/W2971016842,2019-08-23,2019
9631,https://openalex.org/W2118485232,2006-12-01,2006
9632,https://openalex.org/W4248678600,2019-12-27,2019
9633,https://openalex.org/W2292258665,2000-01-01,2000
9634,https://openalex.org/W2941031840,2019-07-01,2019
9635,https://openalex.org/W4200180728,2021-10-20,2021
9636,https://openalex.org/W1986946562,2013-05-01,2013
9637,https://openalex.org/W4316926538,2023-01-17,2023
9638,https://openalex.org/W4311619486,2022-12-06,2022
9639,https://openalex.org/W298932674,2013-10-01,2013
9640,https://openalex.org/W4230131375,2017-12-30,2017
9641,https://openalex.org/W2793507327,2018-02-01,2018
9642,https://openalex.org/W2021253100,1996-03-16,1996
9643,https://openalex.org/W4388904546,2023-11-22,2023
9644,https://openalex.org/W2084432492,2000-07-01,2000
9645,https://openalex.org/W2060511079,1948-01-01,1948
9646,https://openalex.org/W2098771533,1997-10-01,1997
9647,https://openalex.org/W2974149857,2019-01-01,2019
9648,https://openalex.org/W2297890264,2016-02-24,2016
9649,https://openalex.org/W2163191782,2004-10-31,2004
9650,https://openalex.org/W6921877378,2023-03-27,2023
9651,https://openalex.org/W2605317719,2017-04-07,2017
9652,https://openalex.org/W4242747262,1963-06-01,1963
9653,https://openalex.org/W2901303337,2018-11-15,2018
9654,https://openalex.org/W2357566911,2014-01-01,2014
9655,https://openalex.org/W2996464901,2019-12-15,2019
9656,https://openalex.org/W4244940535,2021-02-01,2021
9657,https://openalex.org/W4236262387,1970-12-01,1970
9658,https://openalex.org/W4231410172,1997-06-01,1997
9659,https://openalex.org/W3122185265,2021-01-01,2021
9660,https://openalex.org/W4285177522,2022-01-01,2022
9661,https://openalex.org/W2379331953,2011-01-01,2011
9662,https://openalex.org/W4404591900,2024-11-21,2024
9663,https://openalex.org/W3185562395,2021-07-23,2021
9664,https://openalex.org/W159033617,2011-01-01,2011
9665,https://openalex.org/W2125963316,2004-05-27,2004
9666,https://openalex.org/W1994569301,2012-01-12,2012
9667,https://openalex.org/W2099854386,2009-05-27,2009
9668,https://openalex.org/W2040505558,2007-10-23,2007
9669,https://openalex.org/W2899309979,2018-10-16,2018
9670,https://openalex.org/W2039315492,1997-04-01,1997
9671,https://openalex.org/W2037473618,2015-01-01,2015
9672,https://openalex.org/W2514335488,2016-01-01,2016
9673,https://openalex.org/W7033772035,2022-04-29,2022
9674,https://openalex.org/W2329245292,1997-02-01,1997
9675,https://openalex.org/W3126439670,2021-02-08,2021
9676,https://openalex.org/W1999698959,2011-07-01,2011
9677,https://openalex.org/W3097575789,2020-01-01,2020
9678,https://openalex.org/W4224943998,2022-02-01,2022
9679,https://openalex.org/W2807317590,2018-06-05,2018
9680,https://openalex.org/W2020090391,1976-10-01,1976
9681,https://openalex.org/W2416326222,2015-08-15,2015
9682,https://openalex.org/W3200940273,2021-01-01,2021
9683,https://openalex.org/W1670258340,1988-08-01,1988
9684,https://openalex.org/W2085473722,2015-01-02,2015
9685,https://openalex.org/W4396239053,2024-04-29,2024
9686,https://openalex.org/W2040895371,2006-02-06,2006
9687,https://openalex.org/W94342995,1980-05-01,1980
9688,https://openalex.org/W4200286847,2021-12-28,2021
9689,https://openalex.org/W2020359278,1996-07-01,1996
9690,https://openalex.org/W203391937,2001-01-01,2001
9691,https://openalex.org/W1912444978,2003-03-01,2003
9692,https://openalex.org/W4310680780,2022-12-03,2022
9693,https://openalex.org/W3209489969,2021-07-01,2021
9694,https://openalex.org/W2126392270,1991-12-01,1991
9695,https://openalex.org/W4387460639,2023-10-09,2023
9696,https://openalex.org/W2001971072,1957-03-01,1957
9697,https://openalex.org/W4385482561,2023-06-28,2023
9698,https://openalex.org/W4387747422,2023-10-01,2023
9699,https://openalex.org/W2741566815,2017-07-28,2017
9700,https://openalex.org/W3040700516,2020-01-01,2020
9701,https://openalex.org/W2074543410,2002-01-01,2002
9702,https://openalex.org/W2314227013,2011-01-01,2011
9703,https://openalex.org/W4235948472,2015-01-01,2015
9704,https://openalex.org/W4210715654,2022-02-03,2022
9705,https://openalex.org/W1965717716,1996-05-28,1996
9706,https://openalex.org/W2036806075,2013-06-27,2013
9707,https://openalex.org/W2097788089,1987-06-01,1987
9708,https://openalex.org/W2981744554,2019-01-01,2019
9709,https://openalex.org/W2089098100,2001-09-10,2001
9710,https://openalex.org/W1980804851,2013-09-27,2013
9711,https://openalex.org/W2030708207,2009-05-27,2009
9712,https://openalex.org/W2013553437,2012-10-29,2012
9713,https://openalex.org/W2911522387,2019-02-01,2019
9714,https://openalex.org/W1982295650,1985-07-01,1985
9715,https://openalex.org/W2057678490,2012-01-06,2012
9716,https://openalex.org/W4214810744,2022-03-02,2022
9717,https://openalex.org/W2075717258,1993-11-01,1993
9718,https://openalex.org/W1967564459,2009-02-01,2009
9719,https://openalex.org/W1867455305,1996-09-01,1996
9720,https://openalex.org/W2006964744,2007-12-01,2007
9721,https://openalex.org/W2341976572,2014-01-01,2014
9722,https://openalex.org/W1997461229,2006-06-14,2006
9723,https://openalex.org/W4404464122,2024-11-01,2024
9724,https://openalex.org/W2093832971,2012-10-01,2012
9725,https://openalex.org/W2134223055,1996-11-01,1996
9726,https://openalex.org/W2655100644,2015-12-01,2015
9727,https://openalex.org/W2048552967,2004-10-01,2004
9728,https://openalex.org/W3034582615,2020-06-01,2020
9729,https://openalex.org/W2042095659,2014-10-16,2014
9730,https://openalex.org/W1991966354,2000-05-01,2000
9731,https://openalex.org/W2187096169,1999-09-02,1999
9732,https://openalex.org/W1987080194,2012-01-01,2012
9733,https://openalex.org/W2292795545,1974-01-01,1974
9734,https://openalex.org/W2183144263,2011-06-28,2011
9735,https://openalex.org/W3193816517,2021-06-06,2021
9736,https://openalex.org/W2070246564,2008-05-01,2008
9737,https://openalex.org/W2084793562,1982-04-01,1982
9738,https://openalex.org/W2470518734,1990-09-01,1990
9739,https://openalex.org/W2071893752,2014-01-21,2014
9740,https://openalex.org/W3001456162,2020-01-01,2020
9741,https://openalex.org/W1586266395,2012-10-01,2012
9742,https://openalex.org/W2997660519,2019-01-01,2019
9743,https://openalex.org/W4404927218,2024-12-02,2024
9744,https://openalex.org/W2185702328,2004-03-01,2004
9745,https://openalex.org/W2013422437,1995-03-14,1995
9746,https://openalex.org/W3019243288,2020-04-23,2020
9747,https://openalex.org/W4307122243,2022-10-21,2022
9748,https://openalex.org/W2905450617,2018-12-07,2018
9749,https://openalex.org/W2595689626,2014-01-01,2014
9750,https://openalex.org/W1974862501,2012-01-01,2012
9751,https://openalex.org/W4387870971,2023-05-28,2023
9752,https://openalex.org/W3211005423,2021-10-18,2021
9753,https://openalex.org/W2003475962,1995-09-01,1995
9754,https://openalex.org/W2150497119,2006-12-03,2006
9755,https://openalex.org/W1838164920,1984-05-01,1984
9756,https://openalex.org/W3034385956,2020-06-11,2020
9757,https://openalex.org/W2554182869,2016-11-01,2016
9758,https://openalex.org/W4367369264,2023-04-28,2023
9759,https://openalex.org/W2924476382,2019-02-27,2019
9760,https://openalex.org/W1594199849,2011-06-02,2011
9761,https://openalex.org/W4379207024,2023-06-03,2023
9762,https://openalex.org/W2952661409,1992-03-01,1992
9763,https://openalex.org/W2320480951,2012-11-15,2012
9764,https://openalex.org/W3113685821,2021-01-02,2021
9765,https://openalex.org/W4200534574,2021-12-07,2021
9766,https://openalex.org/W4395960772,2024-04-28,2024
9767,https://openalex.org/W2155956180,2009-05-22,2009
9768,https://openalex.org/W2284874291,2000-08-01,2000
9769,https://openalex.org/W1981411747,2013-04-13,2013
9770,https://openalex.org/W3215394543,2021-12-01,2021
9771,https://openalex.org/W1995616744,1983-01-01,1983
9772,https://openalex.org/W2162783365,2004-01-01,2004
9773,https://openalex.org/W2126153574,2012-09-12,2012
9774,https://openalex.org/W4391956402,2024-02-18,2024
9775,https://openalex.org/W2063646387,2011-02-10,2011
9776,https://openalex.org/W3108104786,2020-11-30,2020
9777,https://openalex.org/W3185032079,2021-07-25,2021
9778,https://openalex.org/W1964514713,1973-11-01,1973
9779,https://openalex.org/W2061876976,1964-06-01,1964
9780,https://openalex.org/W2048422545,1986-01-01,1986
9781,https://openalex.org/W2055299637,2000-01-01,2000
9782,https://openalex.org/W2620622719,2016-01-01,2016
9783,https://openalex.org/W2320318607,1985-03-01,1985
9784,https://openalex.org/W2074643257,2010-02-22,2010
9785,https://openalex.org/W2054791429,2005-04-21,2005
9786,https://openalex.org/W4205388580,2022-01-01,2022
9787,https://openalex.org/W3135960158,2021-02-01,2021
9788,https://openalex.org/W2947737871,2019-01-01,2019
9789,https://openalex.org/W2072230267,2011-03-19,2011
9790,https://openalex.org/W4297799259,2022-03-29,2022
9791,https://openalex.org/W2898402467,2018-08-01,2018
9792,https://openalex.org/W55575608,2005-12-22,2005
9793,https://openalex.org/W2958083567,2019-07-18,2019
9794,https://openalex.org/W2321430686,2013-06-01,2013
9795,https://openalex.org/W4402765373,2024-06-24,2024
9796,https://openalex.org/W2108713248,1999-01-01,1999
9797,https://openalex.org/W2137255891,2011-11-10,2011
9798,https://openalex.org/W4285376009,2021-08-27,2021
9799,https://openalex.org/W4250172314,2020-02-18,2020
9800,https://openalex.org/W2014119710,1994-05-01,1994
9801,https://openalex.org/W2904534403,2018-12-15,2018
9802,https://openalex.org/W2130387795,2011-06-01,2011
9803,https://openalex.org/W3118320826,2021-01-08,2021
9804,https://openalex.org/W4283268603,2022-06-21,2022
9805,https://openalex.org/W1897715936,2015-08-19,2015
9806,https://openalex.org/W2078133345,2008-01-25,2008
9807,https://openalex.org/W4408227720,2025-03-01,2025
9808,https://openalex.org/W1803096936,2009-06-06,2009
9809,https://openalex.org/W2886380008,2018-08-03,2018
9810,https://openalex.org/W4240074268,2003-01-01,2003
9811,https://openalex.org/W1979041922,2011-03-18,2011
9812,https://openalex.org/W4240505640,2014-01-01,2014
9813,https://openalex.org/W2157935525,1996-09-01,1996
9814,https://openalex.org/W993806645,2015-05-19,2015
9815,https://openalex.org/W2462616930,1996-10-01,1996
9816,https://openalex.org/W2294144178,2016-02-01,2016
9817,https://openalex.org/W2884515956,2018-01-01,2018
9818,https://openalex.org/W2923211670,2019-03-22,2019
9819,https://openalex.org/W2422358725,2016-05-01,2016
9820,https://openalex.org/W2253850203,2016-01-27,2016
9821,https://openalex.org/W2086767709,2010-09-29,2010
9822,https://openalex.org/W4388852487,2023-11-20,2023
9823,https://openalex.org/W1543447370,2014-04-30,2014
9824,https://openalex.org/W2610664596,2017-02-01,2017
9825,https://openalex.org/W2529415020,1992-01-01,1992
9826,https://openalex.org/W2953094021,2019-06-17,2019
9827,https://openalex.org/W2394662505,2002-11-19,2002
9828,https://openalex.org/W1980558584,2012-02-01,2012
9829,https://openalex.org/W4281647358,2022-06-06,2022
9830,https://openalex.org/W4362576555,2023-04-03,2023
9831,https://openalex.org/W4303981328,2022-10-10,2022
9832,https://openalex.org/W2731666722,2017-06-29,2017
9833,https://openalex.org/W2009395589,1984-06-22,1984
9834,https://openalex.org/W2794389343,2018-03-16,2018
9835,https://openalex.org/W2072315270,2010-06-01,2010
9836,https://openalex.org/W2781528138,2018-01-02,2018
9837,https://openalex.org/W2058843590,2003-07-01,2003
9838,https://openalex.org/W2159663654,1985-12-01,1985
9839,https://openalex.org/W1988438457,1995-05-01,1995
9840,https://openalex.org/W2556457088,2016-11-18,2016
9841,https://openalex.org/W2078022821,2005-01-01,2005
9842,https://openalex.org/W4389321578,2023-12-04,2023
9843,https://openalex.org/W84022901,2007-11-01,2007
9844,https://openalex.org/W1789308639,2014-02-01,2014
9845,https://openalex.org/W1757333166,2015-09-01,2015
9846,https://openalex.org/W2118187431,2005-12-01,2005
9847,https://openalex.org/W4365452627,2023-04-13,2023
9848,https://openalex.org/W2901713694,2018-10-02,2018
9849,https://openalex.org/W4226049334,2021-12-27,2021
9850,https://openalex.org/W625096819,2008-01-01,2008
9851,https://openalex.org/W4382363016,2023-06-28,2023
9852,https://openalex.org/W4200632893,2021-09-01,2021
9853,https://openalex.org/W2791690834,2018-02-01,2018
9854,https://openalex.org/W2103235619,2006-01-13,2006
9855,https://openalex.org/W2904864919,2018-11-30,2018
9856,https://openalex.org/W2110245383,2011-10-01,2011
9857,https://openalex.org/W2088522164,1982-03-01,1982
9858,https://openalex.org/W3007408554,2019-12-01,2019
9859,https://openalex.org/W2380433491,2012-01-01,2012
9860,https://openalex.org/W2601883262,2017-03-23,2017
9861,https://openalex.org/W3095035575,2020-10-29,2020
9862,https://openalex.org/W2155238158,2013-07-27,2013
9863,https://openalex.org/W4392806939,2024-03-14,2024
9864,https://openalex.org/W1971603058,2011-02-28,2011
9865,https://openalex.org/W2391451978,2011-01-01,2011
9866,https://openalex.org/W2069078563,2011-01-01,2011
9867,https://openalex.org/W2221946280,2015-08-18,2015
9868,https://openalex.org/W4400201233,2024-07-01,2024
9869,https://openalex.org/W2902892533,2018-12-04,2018
9870,https://openalex.org/W4229545266,2016-11-15,2016
9871,https://openalex.org/W4361002976,2023-03-01,2023
9872,https://openalex.org/W3167032925,1982-06-01,1982
9873,https://openalex.org/W2117799331,2005-03-01,2005
9874,https://openalex.org/W2076393427,2005-04-01,2005
9875,https://openalex.org/W2599962511,2006-10-01,2006
9876,https://openalex.org/W623109701,1980-01-01,1980
9877,https://openalex.org/W2981535441,2019-10-24,2019
9878,https://openalex.org/W3157259093,2021-05-05,2021
9879,https://openalex.org/W2331587993,2013-04-01,2013
9880,https://openalex.org/W2037443617,2014-12-19,2014
9881,https://openalex.org/W2119424362,2008-01-01,2008
9882,https://openalex.org/W1999124524,1954-01-01,1954
9883,https://openalex.org/W1977035246,1999-02-01,1999
9884,https://openalex.org/W1998019741,1979-06-01,1979
9885,https://openalex.org/W4231177142,1975-03-01,1975
9886,https://openalex.org/W4236794525,1987-09-01,1987
9887,https://openalex.org/W2014141185,1990-01-01,1990
9888,https://openalex.org/W4200441092,2021-11-01,2021
9889,https://openalex.org/W1973941593,2009-05-14,2009
9890,https://openalex.org/W2141763311,2006-08-08,2006
9891,https://openalex.org/W2029596390,2005-03-15,2005
9892,https://openalex.org/W2801263096,2018-01-01,2018
9893,https://openalex.org/W2026406545,1996-01-01,1996
9894,https://openalex.org/W4291000399,2022-08-11,2022
9895,https://openalex.org/W2522203858,2016-09-05,2016
9896,https://openalex.org/W3067737324,2020-08-01,2020
9897,https://openalex.org/W3181529606,2021-07-10,2021
9898,https://openalex.org/W2014402640,2006-01-01,2006
9899,https://openalex.org/W2136031976,2009-10-22,2009
9900,https://openalex.org/W1990039927,2002-12-17,2002
9901,https://openalex.org/W1986054530,2014-03-12,2014
9902,https://openalex.org/W2966246658,2019-06-01,2019
9903,https://openalex.org/W4220903678,2022-03-30,2022
9904,https://openalex.org/W3000436561,2019-12-03,2019
9905,https://openalex.org/W2036817816,2012-01-01,2012
9906,https://openalex.org/W1945845110,2002-07-09,2002
9907,https://openalex.org/W3200447825,2021-08-31,2021
9908,https://openalex.org/W2943019498,2019-05-01,2019
9909,https://openalex.org/W2005161286,2014-09-17,2014
9910,https://openalex.org/W2141569492,2005-01-01,2005
9911,https://openalex.org/W2893047935,2018-09-01,2018
9912,https://openalex.org/W2800534760,2018-04-23,2018
9913,https://openalex.org/W2060187765,2005-03-01,2005
9914,https://openalex.org/W137511364,1993-07-01,1993
9915,https://openalex.org/W1989058760,1992-06-01,1992
9916,https://openalex.org/W4238913094,2017-02-27,2017
9917,https://openalex.org/W1980536399,1999-06-01,1999
9918,https://openalex.org/W2116023619,2012-04-19,2012
9919,https://openalex.org/W209651861,2011-01-01,2011
9920,https://openalex.org/W2013763580,2002-11-01,2002
9921,https://openalex.org/W4403747562,2024-10-25,2024
9922,https://openalex.org/W2893622443,2018-09-25,2018
9923,https://openalex.org/W2795112482,2018-03-27,2018
9924,https://openalex.org/W2765650181,2017-10-24,2017
9925,https://openalex.org/W2045842703,2011-11-17,2011
9926,https://openalex.org/W2401877844,1976-12-01,1976
9927,https://openalex.org/W2976214263,2019-09-26,2019
9928,https://openalex.org/W2601051791,2017-03-20,2017
9929,https://openalex.org/W2883354714,2018-07-01,2018
9930,https://openalex.org/W1897203824,1994-11-01,1994
9931,https://openalex.org/W2348685538,2012-08-01,2012
9932,https://openalex.org/W4388080525,2023-10-31,2023
9933,https://openalex.org/W4246052113,2018-06-25,2018
9934,https://openalex.org/W4399086632,2024-05-28,2024
9935,https://openalex.org/W2086179615,1983-11-01,1983
9936,https://openalex.org/W2947135486,2019-05-30,2019
9937,https://openalex.org/W2116616137,1999-06-01,1999
9938,https://openalex.org/W3153758539,2021-04-20,2021
9939,https://openalex.org/W4391898459,2024-02-16,2024
9940,https://openalex.org/W2125073574,2012-01-01,2012
9941,https://openalex.org/W2921228231,2015-12-31,2015
9942,https://openalex.org/W2140545282,2009-06-01,2009
9943,https://openalex.org/W4391310688,2024-01-29,2024
9944,https://openalex.org/W4200107011,2021-12-25,2021
9945,https://openalex.org/W2791627603,2018-03-26,2018
9946,https://openalex.org/W2015238842,1995-02-01,1995
9947,https://openalex.org/W4389905810,2023-01-01,2023
9948,https://openalex.org/W2028834138,1997-05-01,1997
9949,https://openalex.org/W2097558149,2005-03-01,2005
9950,https://openalex.org/W2386257363,2007-01-01,2007
9951,https://openalex.org/W2039037341,1972-05-01,1972
9952,https://openalex.org/W1976876729,2002-10-01,2002
9953,https://openalex.org/W2561500745,2016-01-01,2016
9954,https://openalex.org/W4225605589,2022-01-01,2022
9955,https://openalex.org/W1578369303,2015-01-26,2015
9956,https://openalex.org/W2892187012,2018-06-01,2018
9957,https://openalex.org/W1969623194,1994-09-15,1994
9958,https://openalex.org/W2195439393,2015-08-31,2015
9959,https://openalex.org/W1577188396,2013-04-01,2013
9960,https://openalex.org/W2288265664,2016-02-07,2016
9961,https://openalex.org/W4237914343,2003-01-01,2003
9962,https://openalex.org/W2025021938,2004-04-12,2004
9963,https://openalex.org/W4403828587,2024-10-28,2024
9964,https://openalex.org/W2075009263,2002-12-01,2002
9965,https://openalex.org/W2893943260,2018-09-26,2018
9966,https://openalex.org/W1968950287,1996-05-01,1996
9967,https://openalex.org/W2790179257,2018-03-26,2018
9968,https://openalex.org/W2592398190,2017-02-28,2017
9969,https://openalex.org/W2171782138,2012-06-01,2012
9970,https://openalex.org/W4232746598,1989-11-01,1989
9971,https://openalex.org/W2946799696,1999-01-01,1999
9972,https://openalex.org/W4251477484,1991-09-17,1991
9973,https://openalex.org/W4214513473,2021-09-01,2021
9974,https://openalex.org/W4205497709,2022-01-14,2022
9975,https://openalex.org/W3201552334,2021-01-01,2021
9976,https://openalex.org/W1972662196,2011-11-08,2011
9977,https://openalex.org/W2116327136,2008-10-24,2008
9978,https://openalex.org/W2761275455,2017-10-13,2017
9979,https://openalex.org/W2381174011,2004-01-01,2004
9980,https://openalex.org/W2144091988,2002-05-01,2002
9981,https://openalex.org/W295791662,2025-07-16,2025
9982,https://openalex.org/W1517954347,2002-01-01,2002
9983,https://openalex.org/W2139203361,2013-09-01,2013
9984,https://openalex.org/W2129739173,2018-06-30,2018
9985,https://openalex.org/W2078388738,1990-07-01,1990
9986,https://openalex.org/W2032590469,2009-07-01,2009
9987,https://openalex.org/W1998288874,1964-03-09,1964
9988,https://openalex.org/W2361561338,2010-01-01,2010
9989,https://openalex.org/W2184861241,2013-01-01,2013
9990,https://openalex.org/W190853692,1997-05-01,1997
9991,https://openalex.org/W4323314060,2023-03-03,2023
9992,https://openalex.org/W4248834605,1999-05-01,1999
9993,https://openalex.org/W2006429486,2004-06-19,2004
9994,https://openalex.org/W2328061255,1949-05-01,1949
9995,https://openalex.org/W2052892721,1987-01-01,1987
9996,https://openalex.org/W1973032129,1979-11-01,1979
9997,https://openalex.org/W2049388680,1988-03-01,1988
9998,https://openalex.org/W2020941263,2014-12-01,2014
9999,https://openalex.org/W2141986484,2010-12-01,2010
