entry_id,paper_id,doi
0,https://openalex.org/W2171347833,https://doi.org/10.1002/chin.200101015
1,https://openalex.org/W2013866881,https://doi.org/10.1126/science.178.4065.1113
2,https://openalex.org/W2742071918,https://doi.org/10.1371/journal.pone.0180435
3,https://openalex.org/W2915934899,https://doi.org/10.1039/c8nj06267f
4,https://openalex.org/W2316026750,https://doi.org/10.1159/000444149
5,https://openalex.org/W3175438020,https://doi.org/10.54530/jcmc.399
6,https://openalex.org/W2076775257,https://doi.org/10.1080/10420150211400
7,https://openalex.org/W2329485124,https://doi.org/10.2118/175064-ms
8,https://openalex.org/W899466010,
9,https://openalex.org/W2603194473,https://doi.org/10.1002/ajh.24740
10,https://openalex.org/W4403753768,https://doi.org/10.3791/67236
11,https://openalex.org/W4401862775,https://doi.org/10.1016/j.compbiomed.2024.109061
12,https://openalex.org/W2793168168,https://doi.org/10.3390/app8030372
13,https://openalex.org/W2979834153,https://doi.org/10.1182/blood.v128.22.2859.2859
14,https://openalex.org/W2394922553,https://doi.org/10.1681/asn.v85706
15,https://openalex.org/W2068508310,https://doi.org/10.4028/www.scientific.net/amr.243-249.1483
16,https://openalex.org/W2001450875,https://doi.org/10.1097/bot.0b013e3181b01dce
17,https://openalex.org/W2019358602,https://doi.org/10.1111/j.1749-6632.1977.tb19333.x
18,https://openalex.org/W2325887297,
19,https://openalex.org/W4401048106,https://doi.org/10.14419/ijet.v7i4.28.22607
20,https://openalex.org/W1490187857,https://doi.org/10.1016/s0308-5961(98)00054-8
21,https://openalex.org/W2425943490,
22,https://openalex.org/W2031956893,https://doi.org/10.1210/endo-127-2-555
23,https://openalex.org/W2351089173,
24,https://openalex.org/W2323361082,https://doi.org/10.1103/physrevc.66.054603
25,https://openalex.org/W1459779121,https://doi.org/10.2320/matertrans.43.1439
26,https://openalex.org/W2978741911,
27,https://openalex.org/W2334029858,https://doi.org/10.5802/aif.2774
28,https://openalex.org/W2062118668,https://doi.org/10.1139/w05-030
29,https://openalex.org/W2084875068,https://doi.org/10.1089/cpb.2007.9932
30,https://openalex.org/W2320068467,https://doi.org/10.2514/6.2010-291
31,https://openalex.org/W3174891819,https://doi.org/10.1002/hyp.14288
32,https://openalex.org/W2136364651,https://doi.org/10.1200/jco.2008.26.15_suppl.3007
33,https://openalex.org/W4396510530,https://doi.org/10.3390/app14093808
34,https://openalex.org/W1974368790,https://doi.org/10.1109/nmdc.2011.6155305
35,https://openalex.org/W2550059140,https://doi.org/10.1128/genomea.00889-16
36,https://openalex.org/W2030378875,https://doi.org/10.1063/1.3591910
37,https://openalex.org/W1546777811,https://doi.org/10.1109/memsys.2003.1189801
38,https://openalex.org/W2356362775,
39,https://openalex.org/W4353055391,https://doi.org/10.3138/cjpe.75444
40,https://openalex.org/W1971498735,https://doi.org/10.1088/0741-3335/46/4/002
41,https://openalex.org/W1509045375,https://doi.org/10.3138/cmlr.41.6.1000
42,https://openalex.org/W2791313856,
43,https://openalex.org/W2565703423,https://doi.org/10.4103/2356-9115.195882
44,https://openalex.org/W3126006076,
45,https://openalex.org/W2524697856,
46,https://openalex.org/W3201548439,https://doi.org/10.1155/s1073792802107082
47,https://openalex.org/W2908207208,https://doi.org/10.1002/iub.1989
48,https://openalex.org/W4308735993,https://doi.org/10.1021/acsfoodscitech.2c00251
49,https://openalex.org/W3097170523,https://doi.org/10.3847/1538-4357/abb677
50,https://openalex.org/W2286828229,
51,https://openalex.org/W1980491499,https://doi.org/10.5322/jes.2011.20.10.1243
52,https://openalex.org/W2947991145,https://doi.org/10.1021/acsbiomaterials.9b00217
53,https://openalex.org/W3175113239,https://doi.org/10.5070/t713153439
54,https://openalex.org/W2728420507,https://doi.org/10.1123/ijsnem.2017-0144
55,https://openalex.org/W2292669995,https://doi.org/10.5555/2888619.2889075
56,https://openalex.org/W4285223237,https://doi.org/10.4236/jct.2022.135022
57,https://openalex.org/W4401890587,https://doi.org/10.7759/cureus.67816
58,https://openalex.org/W2170185915,https://doi.org/10.1002/biof.552210113
59,https://openalex.org/W4288972361,https://doi.org/10.1353/cpr.2022.0039
60,https://openalex.org/W2101999971,https://doi.org/10.1590/s1517-83822004000200003
61,https://openalex.org/W2401872800,https://doi.org/10.1080/08853134.1990.10753811
62,https://openalex.org/W2004126654,https://doi.org/10.1021/la971010p
63,https://openalex.org/W1588652812,
64,https://openalex.org/W2014657724,https://doi.org/10.1128/jvi.79.13.8470-8479.2005
65,https://openalex.org/W2391367943,
66,https://openalex.org/W1492768223,https://doi.org/10.1096/fasebj.28.1_supplement.997.3
67,https://openalex.org/W2789909988,https://doi.org/10.15585/mmwr.mm6711e1
68,https://openalex.org/W2338401152,https://doi.org/10.3747/co.23.2846
69,https://openalex.org/W3192413641,
70,https://openalex.org/W3006340846,https://doi.org/10.48550/arxiv.2002.06803
71,https://openalex.org/W2171487630,
72,https://openalex.org/W2080044089,https://doi.org/10.4028/www.scientific.net/amr.261-263.515
73,https://openalex.org/W4237624294,https://doi.org/10.1021/cr990233c
74,https://openalex.org/W570555593,
75,https://openalex.org/W2467617132,https://doi.org/
76,https://openalex.org/W3181596338,https://doi.org/10.1080/15440478.2021.1941485
77,https://openalex.org/W2100191225,https://doi.org/10.1002/anie.199210681
78,https://openalex.org/W2143681385,https://doi.org/10.1348/000709905x49719
79,https://openalex.org/W2060621930,https://doi.org/10.1111/j.1751-1097.1973.tb06385.x
80,https://openalex.org/W4286668860,https://doi.org/10.24076/nsjis.v5i1.660
81,https://openalex.org/W2164372289,https://doi.org/10.1080/13825580490511080
82,https://openalex.org/W4399477298,https://doi.org/10.1088/1402-4896/ad5651
83,https://openalex.org/W608600187,
84,https://openalex.org/W2035195478,https://doi.org/10.1111/j.1468-5957.2006.01098.x
85,https://openalex.org/W3214707091,https://doi.org/10.1063/5.0064023
86,https://openalex.org/W2026893793,https://doi.org/10.1016/s0022-5347(05)66053-3
87,https://openalex.org/W3199093905,https://doi.org/10.1242/dmm.049268
88,https://openalex.org/W2470751319,
89,https://openalex.org/W2012086017,https://doi.org/10.1002/jpln.201400396
90,https://openalex.org/W2058404941,https://doi.org/10.1068/a091033
91,https://openalex.org/W4404963740,https://doi.org/10.1148/radiol.240169
92,https://openalex.org/W2081616117,https://doi.org/10.1039/b210887a
93,https://openalex.org/W2107080287,https://doi.org/10.1155/2010/310610
94,https://openalex.org/W4310954030,https://doi.org/10.22038/ijorl.2022.40429.2532
95,https://openalex.org/W1980792478,https://doi.org/10.1103/physrevd.88.083520
96,https://openalex.org/W2117900501,https://doi.org/10.1161/circep.111.964197
97,https://openalex.org/W1961497476,https://doi.org/10.1093/clinchem/32.10.1895
98,https://openalex.org/W2047143679,https://doi.org/10.1103/physrev.113.1379
99,https://openalex.org/W2895651895,https://doi.org/10.1080/00131857.2018.1516138
100,https://openalex.org/W2795534239,https://doi.org/10.48550/arxiv.1804.01973
101,https://openalex.org/W2089279117,https://doi.org/10.1002/rcm.964
102,https://openalex.org/W2092811160,https://doi.org/10.1097/00042752-199501000-00004
103,https://openalex.org/W4312699875,https://doi.org/10.22225/arj.2.1.2022.10-14
104,https://openalex.org/W2070231479,https://doi.org/10.1164/ajrccm/137.1.167
105,https://openalex.org/W2365300141,
106,https://openalex.org/W1606386682,https://doi.org/10.23919/ecc.2009.7074656
107,https://openalex.org/W73255534,
108,https://openalex.org/W4220918363,https://doi.org/10.3389/fneur.2022.852486
109,https://openalex.org/W2156225673,https://doi.org/10.2967/jnmt.113.122648
110,https://openalex.org/W2891373876,https://doi.org/10.1109/vss.2018.8460227
111,https://openalex.org/W2050031510,https://doi.org/10.1002/masy.19920540118
112,https://openalex.org/W2885104985,https://doi.org/10.1109/icufn.2018.8436595
113,https://openalex.org/W2021349659,https://doi.org/10.1185/03007998109114257
114,https://openalex.org/W2897795388,
115,https://openalex.org/W2058123619,https://doi.org/10.1038/ki.2012.76
116,https://openalex.org/W4295914617,https://doi.org/10.54991/jop.1969.823
117,https://openalex.org/W3046377525,https://doi.org/10.1080/23744235.2020.1799070
118,https://openalex.org/W2114803937,https://doi.org/10.3983/twc.2009.0120
119,https://openalex.org/W1504541031,
120,https://openalex.org/W1974675549,https://doi.org/10.1002/eji.1830180419
121,https://openalex.org/W2011203802,https://doi.org/10.1021/ic701663j
122,https://openalex.org/W2033123198,https://doi.org/10.3382/ps.2008-00129
123,https://openalex.org/W3216349085,https://doi.org/10.1109/taes.2021.3098159
124,https://openalex.org/W2949282956,https://doi.org/10.1103/physreva.101.013803
125,https://openalex.org/W1160605655,https://doi.org/10.1360/sb1995-40-8-650
126,https://openalex.org/W2035999026,https://doi.org/10.1002/pola.1987.080250518
127,https://openalex.org/W2803319607,https://doi.org/10.19080/oroaj.2018.10.555781
128,https://openalex.org/W2106973483,https://doi.org/10.3390/s140915687
129,https://openalex.org/W2787786614,https://doi.org/10.29252/nirp.bcn.9.1.43
130,https://openalex.org/W1967598304,https://doi.org/10.1111/j.1365-2257.2004.00612.x
131,https://openalex.org/W4252661876,https://doi.org/10.1080/1102648060017202
132,https://openalex.org/W2885335151,https://doi.org/10.2500/aap.2018.39.4147
133,https://openalex.org/W2368673051,
134,https://openalex.org/W2002367368,https://doi.org/10.3402/tellusa.v50i1.14512
135,https://openalex.org/W2087896514,https://doi.org/10.1159/000362203
136,https://openalex.org/W2536471292,https://doi.org/10.1109/ias.2001.955958
137,https://openalex.org/W2205684842,
138,https://openalex.org/W1989493875,https://doi.org/10.1103/physrevb.21.1385
139,https://openalex.org/W3215419997,https://doi.org/10.1088/1755-1315/912/1/012096
140,https://openalex.org/W3126806859,https://doi.org/10.1111/irv.12831
141,https://openalex.org/W213623995,https://doi.org/10.22004/ag.econ.289791
142,https://openalex.org/W1796823929,https://doi.org/10.5555/1357910.1358005
143,https://openalex.org/W2050543992,https://doi.org/10.1136/bmj.e7915
144,https://openalex.org/W3204167724,https://doi.org/10.1155/2021/4213837
145,https://openalex.org/W2625389800,https://doi.org/10.1521/bumc.2017.81.2.107
146,https://openalex.org/W2767334509,https://doi.org/10.1377/hlthaff.2017.0553
147,https://openalex.org/W3023888219,https://doi.org/10.1109/tap.2020.2989555
148,https://openalex.org/W2897676853,https://doi.org/10.1002/jppr.1499
149,https://openalex.org/W4388273567,https://doi.org/10.1101/2023.10.24.23297407
150,https://openalex.org/W2050358181,https://doi.org/10.1021/am303149r
151,https://openalex.org/W2756697892,
152,https://openalex.org/W2096258063,https://doi.org/10.1111/pcmr.12095
153,https://openalex.org/W2049828355,https://doi.org/10.1016/j.proeng.2013.04.071
154,https://openalex.org/W2108130372,https://doi.org/10.1177/0038038504043215
155,https://openalex.org/W2774762888,https://doi.org/10.19105/ojbs.v11i2.1501
156,https://openalex.org/W4412493379,https://doi.org/10.1073/pnas.2501541122
157,https://openalex.org/W3112446630,https://doi.org/10.1117/12.2563075
158,https://openalex.org/W1985168361,https://doi.org/10.1098/rspb.1983.0094
159,https://openalex.org/W4312097856,https://doi.org/10.1371/journal.pcbi.1010798
160,https://openalex.org/W2071742653,https://doi.org/10.4028/www.scientific.net/amr.886.584
161,https://openalex.org/W2970277047,https://doi.org/10.1080/21674736.2019.1641646
162,https://openalex.org/W2000625944,https://doi.org/10.1080/00022470.1979.10470750
163,https://openalex.org/W3093534034,https://doi.org/10.6023/a20060280
164,https://openalex.org/W2295585505,https://doi.org/10.7161/anajas.2014.29.3.167-173
165,https://openalex.org/W1978725557,https://doi.org/10.1002/cjoc.200590285
166,https://openalex.org/W2473403234,https://doi.org/10.5281/zenodo.15886631
167,https://openalex.org/W2555440268,
168,https://openalex.org/W2519009585,
169,https://openalex.org/W1972631149,https://doi.org/10.1109/greencomp.2010.5598301
170,https://openalex.org/W2029510086,https://doi.org/10.1049/piee.1970.0263
171,https://openalex.org/W2181731752,https://doi.org/10.2011/jcpsp.626627
172,https://openalex.org/W2091458895,https://doi.org/10.1093/mnras/stt2179
173,https://openalex.org/W2353369436,
174,https://openalex.org/W2353731818,
175,https://openalex.org/W4240061343,https://doi.org/10.1080/j.0001-6349.2004.00441.x
176,https://openalex.org/W3091852380,https://doi.org/10.1109/iset49818.2020.00017
177,https://openalex.org/W7045760459,
178,https://openalex.org/W2994251745,https://doi.org/10.1515/pac-2019-0901
179,https://openalex.org/W2562753939,
180,https://openalex.org/W3186133257,https://doi.org/10.1002/bewi.202100012
181,https://openalex.org/W2970639191,https://doi.org/10.1017/jog.2019.47
182,https://openalex.org/W3005325413,https://doi.org/10.1021/acscatal.9b05521
183,https://openalex.org/W2100536962,https://doi.org/10.1111/0023-8333.00112
184,https://openalex.org/W2809653371,https://doi.org/10.1515/cclm-2018-0471
185,https://openalex.org/W2091089372,https://doi.org/10.2322/tastj.12.th_1
186,https://openalex.org/W2912393079,https://doi.org/10.21475/ajcs.18.12.12.p1267
187,https://openalex.org/W2082812462,https://doi.org/10.1371/journal.pcbi.1003202
188,https://openalex.org/W2528884007,
189,https://openalex.org/W2913101416,https://doi.org/10.1590/1678-4499.2017441
190,https://openalex.org/W2980006740,https://doi.org/10.2174/1381612825666191007163152
191,https://openalex.org/W2078771170,https://doi.org/10.1074/jbc.m112.425959
192,https://openalex.org/W2154080178,https://doi.org/10.1002/wcm.1196
193,https://openalex.org/W2917301053,https://doi.org/10.2147/copd.s196383
194,https://openalex.org/W2516946209,
195,https://openalex.org/W2069806761,https://doi.org/10.1002/chin.200835230
196,https://openalex.org/W4296874946,https://doi.org/10.3102/1885830
197,https://openalex.org/W2066559889,https://doi.org/10.1086/107419
198,https://openalex.org/W1970536528,https://doi.org/10.1093/musqtl/gdn003
199,https://openalex.org/W2052539937,https://doi.org/10.5220/0005067205680579
200,https://openalex.org/W2130452454,https://doi.org/10.1080/10236190902821671
201,https://openalex.org/W2014027580,https://doi.org/10.7439/ijbr.v6i3.1800
202,https://openalex.org/W3208737884,https://doi.org/10.1177/00045632211059755
203,https://openalex.org/W2583977619,https://doi.org/10.1155/2017/8594051
204,https://openalex.org/W2051845225,https://doi.org/10.4103/0301-4738.33819
205,https://openalex.org/W3158191913,https://doi.org/10.3390/axioms10020080
206,https://openalex.org/W3177801163,https://doi.org/10.1002/star.202000228
207,https://openalex.org/W2908228793,
208,https://openalex.org/W3148383665,https://doi.org/10.3389/fpsyt.2021.626991
209,https://openalex.org/W3022858681,https://doi.org/10.1088/1755-1315/475/1/012040
210,https://openalex.org/W1621220271,
211,https://openalex.org/W1984523268,https://doi.org/10.1109/icpr.2014.682
212,https://openalex.org/W2113427248,https://doi.org/10.1109/iros.2006.281890
213,https://openalex.org/W2993490189,
214,https://openalex.org/W2088673490,https://doi.org/10.2475/ajs.285.3.207
215,https://openalex.org/W4366463267,https://doi.org/10.1371/journal.pone.0284858
216,https://openalex.org/W3033332516,https://doi.org/10.3389/fmicb.2020.01090
217,https://openalex.org/W3092354405,https://doi.org/10.1093/sleep/zsaa205
218,https://openalex.org/W1990642123,https://doi.org/10.1080/00263206.2010.520423
219,https://openalex.org/W2782431185,https://doi.org/10.1097/spv.0000000000000540
220,https://openalex.org/W1993511448,https://doi.org/10.1128/genomea.01112-13
221,https://openalex.org/W4313354152,https://doi.org/10.4049/jimmunol.120.5.1625
222,https://openalex.org/W2174364750,https://doi.org/10.1051/0004-6361/201527445
223,https://openalex.org/W2101170673,https://doi.org/10.1177/0957926504041016
224,https://openalex.org/W1975905332,https://doi.org/10.1021/ed080p311
225,https://openalex.org/W2935878225,
226,https://openalex.org/W2094093309,https://doi.org/10.1103/physrevlett.95.266801
227,https://openalex.org/W2404195710,
228,https://openalex.org/W2132472890,https://doi.org/10.1504/ijvnv.2008.020940
229,https://openalex.org/W2351659566,
230,https://openalex.org/W2063846991,https://doi.org/10.1139/f38-026
231,https://openalex.org/W2093987286,https://doi.org/10.1179/136485906x78517
232,https://openalex.org/W2582315395,https://doi.org/10.1039/c6sm02650h
233,https://openalex.org/W2908878407,https://doi.org/10.1093/afraf/ady063
234,https://openalex.org/W2123670418,https://doi.org/10.21437/eurospeech.2001-289
235,https://openalex.org/W2157952841,https://doi.org/10.1145/566408.566485
236,https://openalex.org/W2018998367,https://doi.org/10.1021/jo01043a028
237,https://openalex.org/W2149662540,https://doi.org/10.1109/cdc.2006.376908
238,https://openalex.org/W2391165915,
239,https://openalex.org/W4253299505,https://doi.org/10.4133/1.2923176
240,https://openalex.org/W4229916047,https://doi.org/10.2307/2003681
241,https://openalex.org/W2181367659,
242,https://openalex.org/W2029287311,https://doi.org/10.1111/j.1365-2621.1991.tb14650.x
243,https://openalex.org/W2414168629,
244,https://openalex.org/W2950402544,https://doi.org/10.1055/s-2008-1078206
245,https://openalex.org/W2936336033,https://doi.org/10.1002/adma.201900663
246,https://openalex.org/W2159954049,https://doi.org/10.1074/jbc.m110389200
247,https://openalex.org/W2416133443,https://doi.org/10.5144/0256-4947.1998.208
248,https://openalex.org/W1965893732,https://doi.org/10.1021/ac00216a024
249,https://openalex.org/W2237731699,https://doi.org/10.1093/biomet/ast051
250,https://openalex.org/W2952602900,https://doi.org/10.1101/675777
251,https://openalex.org/W4388937696,https://doi.org/10.1109/icccnt56998.2023.10307400
252,https://openalex.org/W2014010145,https://doi.org/10.1080/00028896609342450
253,https://openalex.org/W1692796338,https://doi.org/10.3233/jvr-2002-00163
254,https://openalex.org/W4285218789,https://doi.org/10.3934/nhm.2022024
255,https://openalex.org/W4241662211,https://doi.org/10.1001/jama.274.11.888
256,https://openalex.org/W4231718524,https://doi.org/10.1108/sd-03-2021-0027
257,https://openalex.org/W4200254624,https://doi.org/10.1134/s1070428021100158
258,https://openalex.org/W809908067,
259,https://openalex.org/W2885145541,https://doi.org/10.1152/japplphysiol.00106.2018
260,https://openalex.org/W4286485285,https://doi.org/10.1145/3526196
261,https://openalex.org/W4320083225,https://doi.org/10.26480/seps.02.2022.53.56
262,https://openalex.org/W2938607640,https://doi.org/10.1051/mmnp/2018074
263,https://openalex.org/W4377972219,https://doi.org/10.1109/oncon56984.2022.10126886
264,https://openalex.org/W2281533936,
265,https://openalex.org/W3116807388,https://doi.org/10.3390/en14010184
266,https://openalex.org/W1990150566,https://doi.org/10.1111/j.1523-1739.2005.00694.x
267,https://openalex.org/W1630537031,https://doi.org/10.1111/apaa.12027
268,https://openalex.org/W2526763622,https://doi.org/10.5458/jag.57.121
269,https://openalex.org/W1966872297,https://doi.org/10.1088/1742-5468/2012/02/p02016
270,https://openalex.org/W4389627446,https://doi.org/10.3390/chemistry5040177
271,https://openalex.org/W2914796154,https://doi.org/10.1093/jscr/rjy364
272,https://openalex.org/W2168202045,https://doi.org/10.1061/(asce)cc.1943-5614.0000249
273,https://openalex.org/W3023113355,https://doi.org/10.1142/s0219691305000907
274,https://openalex.org/W2402437913,https://doi.org/10.1109/vts.2016.7477314
275,https://openalex.org/W4232513542,https://doi.org/10.1177/02663821211017045
276,https://openalex.org/W2140530360,https://doi.org/10.1373/49.8.1248
277,https://openalex.org/W2134316053,https://doi.org/10.1109/icosp.2010.5656478
278,https://openalex.org/W2113686079,https://doi.org/10.1109/isecs.2008.61
279,https://openalex.org/W2111983168,https://doi.org/10.1109/55.823575
280,https://openalex.org/W4206074876,https://doi.org/10.1063/5.0075914
281,https://openalex.org/W1989051182,https://doi.org/10.1021/jo016398e
282,https://openalex.org/W4405323738,https://doi.org/10.15376/biores.20.1.994-1007
283,https://openalex.org/W3182602285,
284,https://openalex.org/W4409111608,https://doi.org/10.2147/idr.s508092
285,https://openalex.org/W2095200489,https://doi.org/10.1002/jez.1401720302
286,https://openalex.org/W2618213140,https://doi.org/10.1002/maco.201709550
287,https://openalex.org/W978140055,
288,https://openalex.org/W2001087885,https://doi.org/10.1109/t-ed.1983.21153
289,https://openalex.org/W2128770344,https://doi.org/10.1093/nar/27.2.643
290,https://openalex.org/W2160041463,https://doi.org/10.1146/annurev.pp.07.060156.002035
291,https://openalex.org/W2400850190,
292,https://openalex.org/W991509731,
293,https://openalex.org/W2076273669,https://doi.org/10.7840/kics.2013.38c.10.881
294,https://openalex.org/W2793519403,https://doi.org/10.3356/jrr-17-52.1
295,https://openalex.org/W2244356475,
296,https://openalex.org/W2107296781,https://doi.org/10.1149/1.2129271
297,https://openalex.org/W4313171252,https://doi.org/10.28979/jarnas.1140573
298,https://openalex.org/W2098347847,https://doi.org/10.1002/etc.5620190820
299,https://openalex.org/W2083768554,https://doi.org/10.1117/12.326932
300,https://openalex.org/W4410833365,https://doi.org/10.1021/acsabm.5c00481
301,https://openalex.org/W1989579462,https://doi.org/10.2174/1568026043387601
302,https://openalex.org/W2141561503,https://doi.org/10.1161/01.cir.0000151289.73085.36
303,https://openalex.org/W4403494313,https://doi.org/10.5565/rev/catjl.445
304,https://openalex.org/W2032163832,https://doi.org/10.1063/1.2212065
305,https://openalex.org/W2917375599,https://doi.org/10.3390/f10030209
306,https://openalex.org/W4214854203,https://doi.org/10.1002/met.2050
307,https://openalex.org/W2019876906,https://doi.org/10.1134/s0965544107030097
308,https://openalex.org/W2064082217,https://doi.org/10.1109/raics.2011.6069263
309,https://openalex.org/W2068507120,https://doi.org/10.5125/jkaoms.2014.40.5.205
310,https://openalex.org/W4402379094,https://doi.org/10.3390/ijerph21091191
311,https://openalex.org/W3036912230,https://doi.org/10.1016/j.procs.2020.05.127
312,https://openalex.org/W4403242288,https://doi.org/10.1186/s12933-024-02443-4
313,https://openalex.org/W1903717151,
314,https://openalex.org/W4391303494,https://doi.org/10.1200/jco.2024.42.4_suppl.409
315,https://openalex.org/W2535798284,https://doi.org/10.1109/icpst.2008.4745170
316,https://openalex.org/W2070239699,https://doi.org/10.1111/j.1465-7287.2008.00132.x
317,https://openalex.org/W2577072812,
318,https://openalex.org/W2003085044,https://doi.org/10.1111/j.1467-8586.1985.tb00194.x
319,https://openalex.org/W131645628,
320,https://openalex.org/W2379969136,
321,https://openalex.org/W2594438001,https://doi.org/10.20546/ijcmas.2017.603.050
322,https://openalex.org/W1560567595,
323,https://openalex.org/W2061017524,https://doi.org/10.1136/bmj.1.5902.259
324,https://openalex.org/W1971979886,https://doi.org/10.3171/jns/2008/109/9/0433
325,https://openalex.org/W2078845296,https://doi.org/10.1089/aid.2006.0075
326,https://openalex.org/W2089561096,https://doi.org/10.1051/0004-6361/201220808
327,https://openalex.org/W3208465999,https://doi.org/10.2352/issn.2694-118x.2021.lim-54
328,https://openalex.org/W1486414742,https://doi.org/10.1016/s0021-9258(17)45459-7
329,https://openalex.org/W4384133508,https://doi.org/10.1163/22238980-bja10084
330,https://openalex.org/W2028802574,https://doi.org/10.1002/jcp.24113
331,https://openalex.org/W4205225185,https://doi.org/10.1111/jfpe.13962
332,https://openalex.org/W2090717765,https://doi.org/10.1063/1.1526703
333,https://openalex.org/W2060468038,https://doi.org/10.1530/jrf.0.0610425
334,https://openalex.org/W1995917012,https://doi.org/10.6028/jres.042.020
335,https://openalex.org/W2971073880,https://doi.org/10.21037/tau.2019.07.17
336,https://openalex.org/W1417957957,
337,https://openalex.org/W4307409115,https://doi.org/10.18502/ijml.v9i3.10908
338,https://openalex.org/W2011643017,https://doi.org/10.1182/blood-2007-07-102822
339,https://openalex.org/W2064996709,https://doi.org/10.1207/s15327663jcp0904_3
340,https://openalex.org/W1557665610,
341,https://openalex.org/W2148915027,https://doi.org/10.1111/j.1365-246x.1989.tb02295.x
342,https://openalex.org/W2959206657,https://doi.org/10.21608/jfds.2018.36109
343,https://openalex.org/W4380991471,https://doi.org/10.1016/j.jtemin.2023.100078
344,https://openalex.org/W4407563450,https://doi.org/10.1002/chem.202404630
345,https://openalex.org/W2063859240,https://doi.org/10.1002/hc.20676
346,https://openalex.org/W2050332499,https://doi.org/10.1063/1.1762120
347,https://openalex.org/W4255191645,https://doi.org/10.7146/grs.v50i1.16342
348,https://openalex.org/W2564010705,https://doi.org/10.1109/camad.2016.7790357
349,https://openalex.org/W4224217813,https://doi.org/10.1038/s41598-022-10644-8
350,https://openalex.org/W1975367825,https://doi.org/10.1080/1461670x.2014.897412
351,https://openalex.org/W1820236015,
352,https://openalex.org/W4391679981,https://doi.org/10.1080/2150704x.2024.2311782
353,https://openalex.org/W2578448634,https://doi.org/10.1039/c6ra26994j
354,https://openalex.org/W2758878283,
355,https://openalex.org/W4291008891,https://doi.org/10.3389/fgene.2022.891055
356,https://openalex.org/W2068857175,https://doi.org/10.1021/jm100181s
357,https://openalex.org/W2070585695,https://doi.org/10.1016/j.procs.2014.05.482
358,https://openalex.org/W2159777969,https://doi.org/10.1109/isie.2005.1529090
359,https://openalex.org/W2898181357,https://doi.org/10.1055/a-0753-0259
360,https://openalex.org/W2159560033,https://doi.org/10.1039/c5an01530h
361,https://openalex.org/W2348920469,https://doi.org/10.2174/1874440001610010041
362,https://openalex.org/W2064251451,https://doi.org/10.1002/ps.2780180202
363,https://openalex.org/W4224938567,https://doi.org/10.3390/diagnostics12051086
364,https://openalex.org/W2396552128,https://doi.org/10.21437/interspeech.2013-254
365,https://openalex.org/W3184268401,https://doi.org/10.1002/htj.22263
366,https://openalex.org/W2468170412,https://doi.org/10.20883/jms.2016.102
367,https://openalex.org/W2001936671,https://doi.org/10.1029/00eo00276
368,https://openalex.org/W2156541239,https://doi.org/10.1146/annurev.nucl.54.070103.181218
369,https://openalex.org/W2314607323,https://doi.org/10.3788/ope.20111911.2724
370,https://openalex.org/W4399412652,https://doi.org/10.1109/jphot.2024.3410697
371,https://openalex.org/W2093845460,https://doi.org/10.1111/j.1469-7998.1974.tb03128.x
372,https://openalex.org/W2005025265,https://doi.org/10.1159/000092010
373,https://openalex.org/W2016339031,https://doi.org/10.1063/1.2717532
374,https://openalex.org/W1902670843,
375,https://openalex.org/W2789603457,https://doi.org/10.22034/apjcp.2018.19.4.961
376,https://openalex.org/W3007249673,https://doi.org/10.1364/cleo.1982.fl4
377,https://openalex.org/W4402278678,https://doi.org/10.61453/intij.202203
378,https://openalex.org/W2940843937,https://doi.org/10.1158/1078-0432.ccr-19-0551
379,https://openalex.org/W2963166896,https://doi.org/10.1016/j.disc.2018.02.020
380,https://openalex.org/W2076513413,https://doi.org/10.1111/j.1751-0813.1975.tb09430.x
381,https://openalex.org/W2321679166,https://doi.org/10.1190/1.3627859
382,https://openalex.org/W3126042854,https://doi.org/10.22034/srls.2020.137215.1002
383,https://openalex.org/W2978374674,https://doi.org/10.1080/15569543.2019.1673424
384,https://openalex.org/W3153989856,https://doi.org/10.22037/ijpr.2020.113899.14551
385,https://openalex.org/W3157434688,https://doi.org/10.5194/acp-21-12715-2021
386,https://openalex.org/W2466392678,
387,https://openalex.org/W2254316573,https://doi.org/10.7916/d8g73dhm
388,https://openalex.org/W2334803043,https://doi.org/10.9746/sicetr1965.39.654
389,https://openalex.org/W4243246727,https://doi.org/10.1097/dbp.0b013e3182423352
390,https://openalex.org/W4401953744,https://doi.org/10.1177/10946705241278837
391,https://openalex.org/W1627783114,https://doi.org/10.1371/journal.pone.0129087
392,https://openalex.org/W2066164255,https://doi.org/10.1016/j.procs.2014.07.008
393,https://openalex.org/W2566248419,https://doi.org/10.1007/s00382-016-3452-5
394,https://openalex.org/W2908174161,https://doi.org/10.1109/acp.2018.8595942
395,https://openalex.org/W3113833338,https://doi.org/10.1109/phm-shanghai49105.2020.9281007
396,https://openalex.org/W2061428226,https://doi.org/10.1136/bmj.328.7433.187-a
397,https://openalex.org/W611207818,https://doi.org/10.3130/aija.67.209_2
398,https://openalex.org/W7020378768,
399,https://openalex.org/W2318851179,https://doi.org/10.2534/jjasnaoe1968.1981.150_550
400,https://openalex.org/W2147890406,https://doi.org/10.1109/iceice.2011.5777678
401,https://openalex.org/W2136329206,https://doi.org/10.2528/pierc14031811
402,https://openalex.org/W2113566557,https://doi.org/10.1039/b111048a
403,https://openalex.org/W1943196152,https://doi.org/10.1043/0003-3219(2000)070<0063:rrgeai>2.0.co;2
404,https://openalex.org/W2028033407,https://doi.org/10.1177/1071181312561102
405,https://openalex.org/W2004001743,https://doi.org/10.2307/280812
406,https://openalex.org/W2154807788,https://doi.org/10.1002/(sici)1097-0339(199802)18:2<137::aid-dc10>3.0.co;2-m
407,https://openalex.org/W2029066112,https://doi.org/10.1055/s-0030-1268864
408,https://openalex.org/W2501626221,
409,https://openalex.org/W2044971671,https://doi.org/10.1111/j.1747-0765.2007.00148.x
410,https://openalex.org/W2810843202,https://doi.org/10.31575/jp.v1i1.5
411,https://openalex.org/W1971902633,https://doi.org/10.1109/isit.2014.6875132
412,https://openalex.org/W1992310059,https://doi.org/10.1504/ijnd.2006.009506
413,https://openalex.org/W2903688512,https://doi.org/10.15294/jvce.v3i2.16116
414,https://openalex.org/W2028070486,https://doi.org/10.3109/03008207.2015.1026437
415,https://openalex.org/W2044542088,https://doi.org/10.1128/jvi.01637-12
416,https://openalex.org/W4390943443,https://doi.org/10.3390/reports7010006
417,https://openalex.org/W3084378362,https://doi.org/10.1590/s0100-83582020380100059
418,https://openalex.org/W1981009593,https://doi.org/10.1142/s1469026803000975
419,https://openalex.org/W2783019702,https://doi.org/10.22436/jnsa.009.03.50
420,https://openalex.org/W2997190702,https://doi.org/10.1080/00194506.2019.1709909
421,https://openalex.org/W1999285551,https://doi.org/10.1002/(sici)1099-1476(19990925)22:14<1201::aid-mma77>3.0.co;2-v
422,https://openalex.org/W1986449818,https://doi.org/10.1088/1748-9326/2/4/045033
423,https://openalex.org/W4390002285,https://doi.org/10.56177/11icmie2023.21
424,https://openalex.org/W1989372072,https://doi.org/10.1021/ma00146a005
425,https://openalex.org/W2408844688,
426,https://openalex.org/W2428217996,
427,https://openalex.org/W3003429224,https://doi.org/10.1371/journal.pone.0228009
428,https://openalex.org/W2999405887,https://doi.org/10.1061/(asce)su.1943-5428.0000307
429,https://openalex.org/W4237846245,https://doi.org/10.1108/hrmid-10-2019-0238
430,https://openalex.org/W1542318124,https://doi.org/10.5812/kowsar.22287523.3348
431,https://openalex.org/W2061415491,https://doi.org/10.1063/1.3305326
432,https://openalex.org/W4409347087,https://doi.org/10.1609/aaai.v39i15.33722
433,https://openalex.org/W2046811860,https://doi.org/10.1051/0004-6361/200911852
434,https://openalex.org/W2466243815,
435,https://openalex.org/W2126374640,https://doi.org/10.1112/s0010437x14007623
436,https://openalex.org/W2136703956,https://doi.org/10.1136/bmj.39343.649097.55
437,https://openalex.org/W2530987698,
438,https://openalex.org/W2595885526,
439,https://openalex.org/W4200030757,https://doi.org/10.1063/5.0074453
440,https://openalex.org/W2122931372,https://doi.org/10.1109/iscas.2003.1205938
441,https://openalex.org/W2891803919,https://doi.org/10.1590/0004-282x20180074
442,https://openalex.org/W3025604908,https://doi.org/10.1088/1755-1315/473/1/012152
443,https://openalex.org/W2045082812,https://doi.org/10.3109/00016488209130892
444,https://openalex.org/W3121972076,https://doi.org/10.3390/rs13030356
445,https://openalex.org/W4308834707,https://doi.org/10.1001/jamaoncol.2022.5425
446,https://openalex.org/W2725693443,https://doi.org/10.1016/j.ihj.2017.06.006
447,https://openalex.org/W2783348747,https://doi.org/10.1002/glia.23286
448,https://openalex.org/W1983429602,https://doi.org/10.1152/ajpheart.00279.2007
449,https://openalex.org/W2023507218,https://doi.org/10.1371/journal.pone.0029728
450,https://openalex.org/W2078000981,https://doi.org/10.1002/hec.1469
451,https://openalex.org/W2104698360,https://doi.org/10.1109/iecon.2000.972263
452,https://openalex.org/W2333109753,https://doi.org/10.1097/ypg.0000000000000059
453,https://openalex.org/W2086546074,https://doi.org/10.1002/eji.1830270305
454,https://openalex.org/W4391354382,https://doi.org/10.1002/mar.21970
455,https://openalex.org/W7066484457,
456,https://openalex.org/W66156882,
457,https://openalex.org/W2146621172,https://doi.org/10.3382/ps.2012-02373
458,https://openalex.org/W2030511495,https://doi.org/10.1577/1548-8659(1997)126<0514:eeopif>2.3.co;2
459,https://openalex.org/W2599151800,https://doi.org/10.1109/icocn.2016.7875595
460,https://openalex.org/W1967223097,https://doi.org/10.1143/jjap.45.7489
461,https://openalex.org/W4283323347,https://doi.org/10.33995/wu2022.1.1
462,https://openalex.org/W2000166867,https://doi.org/10.1109/8.277224
463,https://openalex.org/W4405153380,https://doi.org/10.11646/zootaxa.5549.1.1
464,https://openalex.org/W3207098420,https://doi.org/10.4018/jgim.287590
465,https://openalex.org/W4299811687,https://doi.org/10.48550/arxiv.1304.2719
466,https://openalex.org/W2093625784,https://doi.org/10.1088/0004-637x/757/2/114
467,https://openalex.org/W1519849653,
468,https://openalex.org/W4403279057,https://doi.org/10.1109/icem60801.2024.10700088
469,https://openalex.org/W4246281683,https://doi.org/10.7449/superalloys/2016/superalloys_2016_505_511
470,https://openalex.org/W2152386996,https://doi.org/10.1117/1.3265543
471,https://openalex.org/W2029980535,https://doi.org/10.1182/blood-2008-04-151845
472,https://openalex.org/W2081413497,https://doi.org/10.1159/000162323
473,https://openalex.org/W3126393513,https://doi.org/10.1155/2021/8571524
474,https://openalex.org/W2062765198,https://doi.org/10.1109/icime.2010.5477771
475,https://openalex.org/W2103190442,https://doi.org/10.1116/1.589921
476,https://openalex.org/W1969709329,https://doi.org/10.1118/1.2401041
477,https://openalex.org/W2261442271,
478,https://openalex.org/W1981680129,https://doi.org/10.1088/0370-1301/69/1/309
479,https://openalex.org/W2766884506,https://doi.org/10.1021/acs.jnatprod.7b00241
480,https://openalex.org/W4220892867,https://doi.org/10.2903/j.efsa.2022.7210
481,https://openalex.org/W2044832707,https://doi.org/10.1021/jo962371x
482,https://openalex.org/W2975859535,https://doi.org/10.1093/eurheartj/ehx095
483,https://openalex.org/W2127096583,
484,https://openalex.org/W4404533305,https://doi.org/10.1016/j.carbpol.2024.123052
485,https://openalex.org/W2074094407,https://doi.org/10.1021/ac0303160
486,https://openalex.org/W2926595850,https://doi.org/10.26083/tuprints-00008386
487,https://openalex.org/W2084878396,https://doi.org/10.1007/bf02535004
488,https://openalex.org/W4390055976,https://doi.org/10.3389/fnimg.2023.1138193
489,https://openalex.org/W2033983619,https://doi.org/10.1145/2806416.2806483
490,https://openalex.org/W2529727302,https://doi.org/10.1521/soco.2016.34.5.357
491,https://openalex.org/W4320081870,https://doi.org/10.19109/biota.v9i1.12347
492,https://openalex.org/W2557922677,https://doi.org/10.1109/tsp.2016.7760841
493,https://openalex.org/W2050105337,https://doi.org/10.1136/gut.33.2.259
494,https://openalex.org/W2031471005,https://doi.org/10.4103/0259-1162.108317
495,https://openalex.org/W4387159753,https://doi.org/10.1142/s0218271823500918
496,https://openalex.org/W2124743567,https://doi.org/10.1016/s1028-4559(09)60258-8
497,https://openalex.org/W2157112332,https://doi.org/10.1088/0741-3335/57/1/014021
498,https://openalex.org/W2066813507,https://doi.org/10.1086/595279
499,https://openalex.org/W4285724925,https://doi.org/10.4103/1673-5374.346468
500,https://openalex.org/W2734546066,https://doi.org/10.1109/ccdc.2017.7978555
501,https://openalex.org/W2124676934,https://doi.org/10.1109/iscas.2000.857391
502,https://openalex.org/W4409285925,https://doi.org/10.3389/fmicb.2025.1565399
503,https://openalex.org/W1994246769,https://doi.org/10.1089/jop.2006.101
504,https://openalex.org/W3159027287,https://doi.org/10.1002/app.50875
505,https://openalex.org/W4235967430,https://doi.org/10.2307/3473144
506,https://openalex.org/W2347417505,
507,https://openalex.org/W2805643535,https://doi.org/10.7153/jmi-2018-12-30
508,https://openalex.org/W2188584979,
509,https://openalex.org/W4294190217,https://doi.org/10.1089/zeb.2021.0083
510,https://openalex.org/W1965776119,https://doi.org/10.1046/j.1440-1819.2002.00954.x
511,https://openalex.org/W2529191575,
512,https://openalex.org/W4225142319,https://doi.org/10.1007/s11280-022-01055-w
513,https://openalex.org/W3038474036,https://doi.org/10.3390/mi11070642
514,https://openalex.org/W1994711755,https://doi.org/10.1109/rfid-ta.2012.6404565
515,https://openalex.org/W1992454424,https://doi.org/10.1063/1.2220538
516,https://openalex.org/W2405333646,https://doi.org/10.1177/140349487900700207
517,https://openalex.org/W2180399634,https://doi.org/10.1111/rssb.12139
518,https://openalex.org/W4313175211,https://doi.org/10.1130/abs/2022am-382755
519,https://openalex.org/W2170263563,https://doi.org/10.1155/2013/283649
520,https://openalex.org/W1761857832,https://doi.org/10.1177/0142331215595678
521,https://openalex.org/W1966548634,https://doi.org/10.3141/2182-13
522,https://openalex.org/W4321350227,https://doi.org/10.1002/cbdv.202201263
523,https://openalex.org/W2406187073,
524,https://openalex.org/W2096268993,https://doi.org/10.1093/mnras/stu2603
525,https://openalex.org/W2018141968,https://doi.org/10.1016/s0014-5793(97)00745-x
526,https://openalex.org/W2149037311,https://doi.org/10.1177/0146621613494466
527,https://openalex.org/W2352770356,
528,https://openalex.org/W4393666402,https://doi.org/10.30791/0015-3214-2023-6-57-74
529,https://openalex.org/W2292842077,https://doi.org/10.3109/02841868609136406
530,https://openalex.org/W2000339562,https://doi.org/10.1002/cne.903000108
531,https://openalex.org/W4404140421,https://doi.org/10.13167/2024.30.7
532,https://openalex.org/W2021454930,https://doi.org/10.1017/s030500410800131x
533,https://openalex.org/W4245819768,https://doi.org/10.1097/00042728-200604000-00011
534,https://openalex.org/W2034674838,https://doi.org/10.2466/06.10.15.20.pr0.107.5.383-392
535,https://openalex.org/W2562408424,https://doi.org/10.1021/acs.jctc.6b01017
536,https://openalex.org/W2148457861,https://doi.org/10.1109/tpwrs.2007.894845
537,https://openalex.org/W2021428609,https://doi.org/10.1080/00927879608825672
538,https://openalex.org/W1998041663,https://doi.org/10.1002/asi.4630320304
539,https://openalex.org/W1965306466,https://doi.org/10.1061/(asce)wr.1943-5452.0000288
540,https://openalex.org/W2007251200,https://doi.org/10.1002/tera.1420470409
541,https://openalex.org/W1545428941,https://doi.org/10.1002/cncr.20498
542,https://openalex.org/W1644164792,https://doi.org/10.12693/aphyspola.114.1061
543,https://openalex.org/W4391598722,https://doi.org/10.1103/prxquantum.5.010321
544,https://openalex.org/W2049755797,https://doi.org/10.1159/000175321
545,https://openalex.org/W1991765515,https://doi.org/10.1080/00268948208073669
546,https://openalex.org/W1995845164,https://doi.org/10.5267/j.ccl.2015.1.001
547,https://openalex.org/W2075622566,https://doi.org/10.1002/chin.200001015
548,https://openalex.org/W2611241975,https://doi.org/10.1145/3025453.3025678
549,https://openalex.org/W2066408908,https://doi.org/10.1093/mnras/203.4.1087
550,https://openalex.org/W2082600364,https://doi.org/10.1002/chem.201405215
551,https://openalex.org/W3099603374,https://doi.org/10.3150/21-bej1393
552,https://openalex.org/W327744350,
553,https://openalex.org/W4414993413,https://doi.org/10.1103/kjx5-1hwy
554,https://openalex.org/W4312383213,https://doi.org/10.1017/s0023879100030120
555,https://openalex.org/W2097429812,https://doi.org/10.1109/dyspan.2005.1542640
556,https://openalex.org/W3021807044,https://doi.org/10.1587/transinf.2019dap0004
557,https://openalex.org/W3217294114,
558,https://openalex.org/W2988011813,https://doi.org/10.14336/ad.2019.0216
559,https://openalex.org/W2347989867,
560,https://openalex.org/W1489323177,https://doi.org/10.1111/j.1475-4959.2011.00448.x
561,https://openalex.org/W1620156897,https://doi.org/10.4018/ijitbag.2015010101
562,https://openalex.org/W2274480583,https://doi.org/10.14412/1995-4484-2015-371-374
563,https://openalex.org/W4410137054,https://doi.org/10.1017/s0003445285008674
564,https://openalex.org/W2081311058,https://doi.org/10.15678/znuek.2014.0935.1102
565,https://openalex.org/W2280811131,https://doi.org/10.1093/oxfordjournals.humrep.a135829
566,https://openalex.org/W4376138838,https://doi.org/10.3126/jucms.v11i01.54652
567,https://openalex.org/W2887808835,https://doi.org/10.20991/allazimuth.477300
568,https://openalex.org/W2587647969,https://doi.org/10.1109/spec.2016.7846189
569,https://openalex.org/W3093298545,https://doi.org/10.1080/00918369.2020.1826832
570,https://openalex.org/W2080799792,https://doi.org/10.1109/dasfaa.2001.916359
571,https://openalex.org/W4283778048,https://doi.org/10.3390/genes13071188
572,https://openalex.org/W3138026515,https://doi.org/10.21203/rs.3.rs-255899/v2
573,https://openalex.org/W2014745688,https://doi.org/10.1541/ieejeiss.129.1792
574,https://openalex.org/W1980635043,https://doi.org/10.1227/00006123-198402000-00020
575,https://openalex.org/W2586322869,https://doi.org/10.1021/acs.jpcc.6b12530
576,https://openalex.org/W2019949784,https://doi.org/10.5326/15473317-35-4-311
577,https://openalex.org/W4394868596,https://doi.org/10.13998/j.cnki.issn1002-1248.21-0707
578,https://openalex.org/W2062385577,https://doi.org/10.1080/00224497409550841
579,https://openalex.org/W2041662520,https://doi.org/10.5692/clinicalneurol.49.646
580,https://openalex.org/W2050362332,https://doi.org/10.1097/00006199-197801000-00018
581,https://openalex.org/W4402409277,https://doi.org/10.1177/02692163241277380
582,https://openalex.org/W3121315821,https://doi.org/10.18261/issn.1504-3134-2019-01-04
583,https://openalex.org/W3203335979,https://doi.org/10.32471/exp-oncology.2312-8852.vol-43-no-3.16548
584,https://openalex.org/W2033998941,https://doi.org/10.1002/1529-0131(199906)42:6<1101::aid-anr6>3.0.co;2-y
585,https://openalex.org/W2113952960,https://doi.org/10.1145/1629335.1629362
586,https://openalex.org/W4388498178,https://doi.org/10.1111/ajad.13484
587,https://openalex.org/W3087962294,https://doi.org/10.1109/iscv49265.2020.9204142
588,https://openalex.org/W3096090748,https://doi.org/10.32665/james.v3i2.150
589,https://openalex.org/W1593748280,https://doi.org/10.1111/1468-0262.00273
590,https://openalex.org/W4393029226,https://doi.org/10.51386/25815946/ijsms-v6i6p110
591,https://openalex.org/W224537298,https://doi.org/10.1080/02796015.2005.12086288
592,https://openalex.org/W2474934775,https://doi.org/10.13189/wjcat.2016.040102
593,https://openalex.org/W2275286308,https://doi.org/10.1093/icvts/ivv210
594,https://openalex.org/W2417615202,
595,https://openalex.org/W2263174178,
596,https://openalex.org/W3033470778,https://doi.org/10.1177/2473974x20929008
597,https://openalex.org/W2025698938,https://doi.org/10.1152/jn.01017.2011
598,https://openalex.org/W2581007665,
599,https://openalex.org/W3007611035,
600,https://openalex.org/W137082941,https://doi.org/10.1042/bj0480271
601,https://openalex.org/W2316577936,https://doi.org/10.4157/grj.46.205
602,https://openalex.org/W3003950459,https://doi.org/10.1093/ehjcr/ytz241
603,https://openalex.org/W3115972240,https://doi.org/10.1021/acs.joc.0c01398
604,https://openalex.org/W2479460831,
605,https://openalex.org/W2062682928,https://doi.org/10.1016/j.ijhydene.2013.06.106
606,https://openalex.org/W3170977399,https://doi.org/10.33394/jk.v7i2.3320
607,https://openalex.org/W2023214515,https://doi.org/10.1002/(sici)1097-4571(199007)41:5<368::aid-asi8>3.0.co;2-c
608,https://openalex.org/W2126238843,https://doi.org/10.1111/j.1467-6486.2005.00556.x
609,https://openalex.org/W1995543324,https://doi.org/10.1002/lt.22409
610,https://openalex.org/W4360840098,https://doi.org/10.1080/09537325.2023.2188972
611,https://openalex.org/W2277309839,https://doi.org/10.4271/920396
612,https://openalex.org/W2040080066,https://doi.org/10.1002/anie.199516171
613,https://openalex.org/W2267932547,
614,https://openalex.org/W3164600687,https://doi.org/10.3390/ani11061624
615,https://openalex.org/W3016149043,https://doi.org/10.1051/epjconf/202023707004
616,https://openalex.org/W1907243077,
617,https://openalex.org/W2118303306,https://doi.org/10.1080/00220270500068591
618,https://openalex.org/W2008388327,https://doi.org/10.5302/j.icros.2010.16.9.833
619,https://openalex.org/W2414521197,
620,https://openalex.org/W2111863045,https://doi.org/10.1017/s0014479700008693
621,https://openalex.org/W4220993410,https://doi.org/10.12659/msmbr.933726
622,https://openalex.org/W2593462456,
623,https://openalex.org/W1976501903,https://doi.org/10.1074/jbc.m204043200
624,https://openalex.org/W2080444296,https://doi.org/10.1088/1742-6596/21/1/031
625,https://openalex.org/W4309376691,https://doi.org/10.3389/fmicb.2022.1041338
626,https://openalex.org/W2110746581,https://doi.org/10.1080/10426500212315
627,https://openalex.org/W2078894796,https://doi.org/10.1115/1.3101886
628,https://openalex.org/W3082313403,https://doi.org/10.3847/1538-4365/abb4e6
629,https://openalex.org/W2581223825,
630,https://openalex.org/W2147641795,
631,https://openalex.org/W2109150950,https://doi.org/10.1109/76.134370
632,https://openalex.org/W3126234150,https://doi.org/10.1080/09636412.2020.1859127
633,https://openalex.org/W4239427074,https://doi.org/10.31234/osf.io/n289d
634,https://openalex.org/W2087295119,https://doi.org/10.2307/3572365
635,https://openalex.org/W2085989093,https://doi.org/10.1063/1.4717675
636,https://openalex.org/W2131880580,https://doi.org/10.1111/j.1471-4159.1989.tb02512.x
637,https://openalex.org/W2087668956,https://doi.org/10.1112/jlms/s2-48.3.385
638,https://openalex.org/W4312598981,https://doi.org/10.1109/3m-nano56083.2022.9941705
639,https://openalex.org/W2012428770,https://doi.org/10.1116/1.585131
640,https://openalex.org/W2163267480,https://doi.org/10.1128/jvi.73.10.8308-8319.1999
641,https://openalex.org/W2083257138,https://doi.org/10.1080/00343409012331346204
642,https://openalex.org/W216410140,
643,https://openalex.org/W3092579663,https://doi.org/10.20546/ijcmas.2020.908.069
644,https://openalex.org/W2969709998,https://doi.org/10.7763/ijiet.2016.v6.751
645,https://openalex.org/W3003640506,https://doi.org/10.33069/cim.2019.0031
646,https://openalex.org/W3040487373,https://doi.org/10.1002/maco.202011780
647,https://openalex.org/W3095332591,https://doi.org/10.1080/10528008.2020.1837633
648,https://openalex.org/W2264233339,https://doi.org/10.1021/acs.jced.5b00858
649,https://openalex.org/W4393326636,https://doi.org/10.4103/sjopt.sjopt_174_22
650,https://openalex.org/W2523839822,https://doi.org/10.1088/1742-6596/751/1/012006
651,https://openalex.org/W2027422228,https://doi.org/10.1086/190089
652,https://openalex.org/W2943081444,
653,https://openalex.org/W2138913538,https://doi.org/10.1071/pp98115
654,https://openalex.org/W4391377027,https://doi.org/10.1145/3613904.3642662
655,https://openalex.org/W2033341753,https://doi.org/10.1111/jai.12059
656,https://openalex.org/W88163481,https://doi.org/10.1299/kikaib.76.770_1473
657,https://openalex.org/W4401365506,https://doi.org/10.1515/biol-2022-0928
658,https://openalex.org/W2171882133,https://doi.org/10.1088/0957-0233/19/5/055207
659,https://openalex.org/W2121633911,https://doi.org/10.1093/jac/39.1.103
660,https://openalex.org/W12786025,
661,https://openalex.org/W2015184974,https://doi.org/10.1109/mwscas.2005.1594069
662,https://openalex.org/W2953576126,https://doi.org/10.3139/217.3704
663,https://openalex.org/W4289341015,https://doi.org/10.3390/dermatopathology9030032
664,https://openalex.org/W4386052211,https://doi.org/10.2147/copd.s415621
665,https://openalex.org/W3024035617,https://doi.org/10.2979/textcult.7.2.3
666,https://openalex.org/W2088381853,https://doi.org/10.1039/c39740000198
667,https://openalex.org/W1997660768,https://doi.org/10.1086/287388
668,https://openalex.org/W4390870984,https://doi.org/10.1101/2024.01.12.575432
669,https://openalex.org/W3154193679,https://doi.org/10.1080/09243046.2021.1907877
670,https://openalex.org/W4282919163,https://doi.org/10.1080/2040350x.2022.2086094
671,https://openalex.org/W2096664630,https://doi.org/10.1177/0095327x13496774
672,https://openalex.org/W2117935416,https://doi.org/10.1093/czoolo/57.4.499
673,https://openalex.org/W2011501228,https://doi.org/10.1109/icoom.2012.6316334
674,https://openalex.org/W2346390590,https://doi.org/10.4172/1204-5357.s2-009
675,https://openalex.org/W2810619655,https://doi.org/10.1177/0013124518785014
676,https://openalex.org/W2968967474,https://doi.org/10.3390/membranes9080099
677,https://openalex.org/W2413411899,
678,https://openalex.org/W2057702453,https://doi.org/10.4098/at.arch.89-34
679,https://openalex.org/W2045275207,https://doi.org/10.2514/2.1611
680,https://openalex.org/W1971135064,https://doi.org/10.1111/j.1440-1681.2009.05151.x
681,https://openalex.org/W3124750850,https://doi.org/10.36941/ajis-2021-0013
682,https://openalex.org/W756372061,https://doi.org/10.2307/1073373
683,https://openalex.org/W1589205765,
684,https://openalex.org/W40268261,https://doi.org/10.1182/blood.v44.6.879.879
685,https://openalex.org/W4247885495,https://doi.org/10.2306/scienceasia1513-1874.2008.34.115
686,https://openalex.org/W2241267478,https://doi.org/10.1681/asn.v5101806
687,https://openalex.org/W2316468345,https://doi.org/10.1093/jee/50.3.371
688,https://openalex.org/W4247171111,https://doi.org/10.22541/au.163111075.58012093/v2
689,https://openalex.org/W4322618369,https://doi.org/10.1098/rsos.221257
690,https://openalex.org/W72325480,https://doi.org/10.1353/cdr.1996.0040
691,https://openalex.org/W2948401414,https://doi.org/10.1002/ajmg.b.32745
692,https://openalex.org/W2098886901,https://doi.org/10.1109/iih-msp.2008.287
693,https://openalex.org/W166200932,
694,https://openalex.org/W2147451250,
695,https://openalex.org/W4382584175,https://doi.org/10.1016/j.paid.2023.112310
696,https://openalex.org/W2032298602,https://doi.org/10.1515/znb-1971-0801
697,https://openalex.org/W2096420618,https://doi.org/10.5194/isprsannals-ii-8-45-2014
698,https://openalex.org/W2098106478,https://doi.org/10.1079/bjnbjn/2002550
699,https://openalex.org/W2978585042,https://doi.org/10.1186/s12302-019-0248-3
700,https://openalex.org/W3097818497,https://doi.org/10.1128/aac.01949-20
701,https://openalex.org/W2046523915,https://doi.org/10.1111/j.1442-2050.2008.00883.x
702,https://openalex.org/W2227749851,https://doi.org/10.25071/2292-4736/37636
703,https://openalex.org/W60332087,
704,https://openalex.org/W2903015125,https://doi.org/10.1145/3229345.3229376
705,https://openalex.org/W2125034838,https://doi.org/10.4049/jimmunol.1300033
706,https://openalex.org/W4404370919,https://doi.org/10.1109/lra.2024.3498778
707,https://openalex.org/W3015009345,https://doi.org/10.1109/saner48275.2020.9054831
708,https://openalex.org/W2057287430,https://doi.org/10.1080/13603120902980812
709,https://openalex.org/W2078820509,https://doi.org/10.4304/tpls.3.6.1059-1064
710,https://openalex.org/W2031177340,https://doi.org/10.1111/j.1475-682x.1984.tb00041.x
711,https://openalex.org/W2323417757,https://doi.org/10.1246/nikkashi1948.92.598
712,https://openalex.org/W4243126703,https://doi.org/10.1097/jdn.0000000000000083
713,https://openalex.org/W1966498953,https://doi.org/10.1103/physrevlett.91.266601
714,https://openalex.org/W3000849862,https://doi.org/10.26911/the6thicph-fp.04.27
715,https://openalex.org/W1495815091,
716,https://openalex.org/W2562856315,https://doi.org/10.2527/jas1975.412554x
717,https://openalex.org/W2727134489,
718,https://openalex.org/W2800364575,https://doi.org/10.1042/bsr20171697
719,https://openalex.org/W2166653628,https://doi.org/10.1046/j.1365-2842.2002.00927.x
720,https://openalex.org/W2300761194,https://doi.org/10.1103/physreve.93.012109
721,https://openalex.org/W3168287806,https://doi.org/10.1049/icp.2020.0114
722,https://openalex.org/W1977595693,https://doi.org/10.3181/00379727-38-9889p
723,https://openalex.org/W2752844472,https://doi.org/10.1109/icma.2017.8016135
724,https://openalex.org/W2135467127,https://doi.org/10.1093/jee/85.6.2302
725,https://openalex.org/W2100020933,https://doi.org/10.1109/wetice.2005.31
726,https://openalex.org/W3141398641,https://doi.org/10.1109/msieid52046.2020.00075
727,https://openalex.org/W2311109637,https://doi.org/10.1177/1526602816638834
728,https://openalex.org/W1974214734,https://doi.org/10.1016/s1090-820x(96)70046-8
729,https://openalex.org/W4213445279,https://doi.org/10.1016/j.ijnurstu.2022.104207
730,https://openalex.org/W2996442701,https://doi.org/10.21125/iceri.2019.0787
731,https://openalex.org/W2090123680,https://doi.org/10.2514/6.1968-65
732,https://openalex.org/W2167304638,https://doi.org/10.1039/jr9640000258
733,https://openalex.org/W2334709324,https://doi.org/10.5322/jesi.2015.24.12.1591
734,https://openalex.org/W2506042574,https://doi.org/10.1108/rsr-12-2015-0050
735,https://openalex.org/W2020948596,https://doi.org/10.1039/c4ob02039a
736,https://openalex.org/W2559744409,https://doi.org/10.1039/c6sc03892a
737,https://openalex.org/W1777216584,https://doi.org/10.5860/choice.50-3924
738,https://openalex.org/W2272871144,https://doi.org/10.1177/096369351502400303
739,https://openalex.org/W2162259611,
740,https://openalex.org/W2168069152,
741,https://openalex.org/W4239809343,https://doi.org/10.1115/icef2010-35073
742,https://openalex.org/W2015774575,https://doi.org/10.1081/pln-200067497
743,https://openalex.org/W2036087978,https://doi.org/10.1089/gtmb.2009.0083
744,https://openalex.org/W2293223037,
745,https://openalex.org/W2097293495,https://doi.org/10.1109/cit.2005.117
746,https://openalex.org/W3116615241,https://doi.org/10.1371/journal.pone.0244583
747,https://openalex.org/W2275227060,
748,https://openalex.org/W2025656848,https://doi.org/10.1111/j.1468-0289.1994.tb01369.x
749,https://openalex.org/W2151959433,https://doi.org/10.2307/2061220
750,https://openalex.org/W2762380176,https://doi.org/10.1002/bmc.4115
751,https://openalex.org/W2022929929,https://doi.org/10.1039/a801254g
752,https://openalex.org/W4214701340,https://doi.org/10.1308/rcsbull.2022.21
753,https://openalex.org/W4220887306,https://doi.org/10.1117/12.2611664
754,https://openalex.org/W2899229477,https://doi.org/10.24247/ijmperddec201825
755,https://openalex.org/W2809556575,https://doi.org/10.1109/tste.2018.2849318
756,https://openalex.org/W2220310999,https://doi.org/10.14740/jocmr2433w
757,https://openalex.org/W4390394379,https://doi.org/10.1109/isgtasia54891.2023.10372655
758,https://openalex.org/W2005223190,https://doi.org/10.1159/000072855
759,https://openalex.org/W4308564991,https://doi.org/10.1021/acsaem.2c02569
760,https://openalex.org/W2560623878,https://doi.org/10.5812/traumamon.42604
761,https://openalex.org/W4388702104,https://doi.org/10.26634/jhss.3.1.18873
762,https://openalex.org/W2013786838,https://doi.org/10.1007/s10295-014-1474-8
763,https://openalex.org/W3000964219,https://doi.org/10.1002/env.2619
764,https://openalex.org/W3162447376,https://doi.org/10.3390/entropy2021-09797
765,https://openalex.org/W2796288187,https://doi.org/10.31026/j.eng.2018.04.01
766,https://openalex.org/W1979309837,https://doi.org/10.1117/12.654794
767,https://openalex.org/W2098729483,https://doi.org/10.2514/6.2012-4763
768,https://openalex.org/W4210667738,https://doi.org/10.1142/s0219265921410188
769,https://openalex.org/W4413955837,https://doi.org/10.1111/tan.70391
770,https://openalex.org/W1776107588,https://doi.org/10.7166/26-2-1010
771,https://openalex.org/W3093521902,https://doi.org/10.1109/aiea51086.2020.00016
772,https://openalex.org/W2063215805,https://doi.org/10.2466/pr0.2003.92.3.937
773,https://openalex.org/W4387916395,https://doi.org/10.18692/1810-4800-2023-3-8-14
774,https://openalex.org/W2164882601,https://doi.org/10.1363/4003914
775,https://openalex.org/W251030608,https://doi.org/10.15690/pf.v10i5.828
776,https://openalex.org/W4313609000,https://doi.org/10.21203/rs.3.rs-2407839/v1
777,https://openalex.org/W2086555035,https://doi.org/10.1055/s-0032-1306330
778,https://openalex.org/W4402118287,https://doi.org/10.36923/jicc.v24i3.833
779,https://openalex.org/W2315919991,https://doi.org/10.5958/2319-4324.2015.00005.x
780,https://openalex.org/W3204175726,https://doi.org/10.3390/ijerph181910325
781,https://openalex.org/W2316558118,https://doi.org/10.1093/jahist/jas494
782,https://openalex.org/W2752457187,https://doi.org/10.3390/en10091310
783,https://openalex.org/W2072809578,https://doi.org/10.1136/qshc.2.1.65-b
784,https://openalex.org/W4288059707,https://doi.org/10.1049/icp.2022.0841
785,https://openalex.org/W1980932385,https://doi.org/10.1111/j.1365-2621.1984.tb12497.x
786,https://openalex.org/W2108716625,https://doi.org/10.1109/cdc.2000.912107
787,https://openalex.org/W2085930085,https://doi.org/10.1109/iceaa.2009.5297790
788,https://openalex.org/W4243695691,https://doi.org/10.51317/ecjmcs.v2i1.195
789,https://openalex.org/W2574953731,https://doi.org/10.1177/2374373516685956
790,https://openalex.org/W2616718457,https://doi.org/10.2147/jpr.s132853
791,https://openalex.org/W2106825621,https://doi.org/10.1109/icsm.2007.4362659
792,https://openalex.org/W2072848505,https://doi.org/10.1021/jp010754f
793,https://openalex.org/W4401536961,https://doi.org/10.3390/ijerph21081061
794,https://openalex.org/W2002231797,https://doi.org/10.1021/nl802832m
795,https://openalex.org/W2351592094,
796,https://openalex.org/W2348037989,
797,https://openalex.org/W4412521461,https://doi.org/10.1038/s41698-025-01036-y
798,https://openalex.org/W2056634555,https://doi.org/10.1289/ehp.92-1519389
799,https://openalex.org/W2012993128,https://doi.org/10.1002/jnr.23177
800,https://openalex.org/W2021175551,https://doi.org/10.1210/jcem-67-6-1278
801,https://openalex.org/W2331860815,https://doi.org/10.1021/ct5001268
802,https://openalex.org/W2614155042,https://doi.org/10.4271/2017-01-1866
803,https://openalex.org/W2085670490,https://doi.org/10.1364/ao.52.00a310
804,https://openalex.org/W2054019508,https://doi.org/10.1080/08856250701791286
805,https://openalex.org/W1580359061,
806,https://openalex.org/W2029832187,https://doi.org/10.1136/bjo.4.5.216
807,https://openalex.org/W2896085999,https://doi.org/10.1109/iccmc.2018.8488070
808,https://openalex.org/W4391382463,https://doi.org/10.1109/icaica58456.2023.10405433
809,https://openalex.org/W2896204577,https://doi.org/10.1109/irce.2018.8492935
810,https://openalex.org/W2889094156,https://doi.org/10.1111/jrh.12321
811,https://openalex.org/W2160851292,
812,https://openalex.org/W3173998547,https://doi.org/10.2514/6.1970-2
813,https://openalex.org/W2474339953,https://doi.org/10.5694/j.1326-5377.1996.tb122016.x
814,https://openalex.org/W2599780663,https://doi.org/10.1109/icocn.2016.7875697
815,https://openalex.org/W4392647798,https://doi.org/10.21010/ajidv18i2.3
816,https://openalex.org/W2157975475,https://doi.org/10.1177/0363546511404144
817,https://openalex.org/W3196831006,https://doi.org/10.29309/tpmj/2014.21.01.1903
818,https://openalex.org/W2004732409,https://doi.org/10.1145/218580.218598
819,https://openalex.org/W2168797892,https://doi.org/10.5897/ajmcsr11.154
820,https://openalex.org/W2161527887,https://doi.org/10.1039/c4ay00392f
821,https://openalex.org/W2130157300,https://doi.org/10.1146/annurev.pharmtox.38.1.45
822,https://openalex.org/W2129912898,https://doi.org/10.14670/hh-20.501
823,https://openalex.org/W2096494420,https://doi.org/10.1109/date.2011.5763062
824,https://openalex.org/W2055807746,https://doi.org/10.1111/j.1399-6576.2006.01041.x
825,https://openalex.org/W2463445394,https://doi.org/10.3290/j.qi.a32633
826,https://openalex.org/W2156324135,https://doi.org/10.1002/(sici)1521-4125(200004)23:4<329::aid-ceat329>3.0.co;2-0
827,https://openalex.org/W2386263504,
828,https://openalex.org/W3203552391,https://doi.org/10.1177/09713336211038809
829,https://openalex.org/W2316688250,https://doi.org/10.1177/1931243113507859
830,https://openalex.org/W2073199939,https://doi.org/10.1504/ijlc.2006.010973
831,https://openalex.org/W2127447518,https://doi.org/10.1109/radar.1990.201201
832,https://openalex.org/W2121032506,https://doi.org/10.1177/107602960501100103
833,https://openalex.org/W4242577423,https://doi.org/10.3402/tellusa.v67.27128
834,https://openalex.org/W2068973611,https://doi.org/10.1063/1.351382
835,https://openalex.org/W2318562019,https://doi.org/10.1056/nejm196506242722503
836,https://openalex.org/W2376663782,
837,https://openalex.org/W2020519182,https://doi.org/10.7838/jsebs.2011.16.3.225
838,https://openalex.org/W2410244536,https://doi.org/10.3290/j.jad.a31938
839,https://openalex.org/W1979933540,https://doi.org/10.1300/j010v08n03_10
840,https://openalex.org/W2980727506,https://doi.org/10.1080/23792949.2019.1672572
841,https://openalex.org/W4224444563,https://doi.org/10.3390/genes13050752
842,https://openalex.org/W1885685411,https://doi.org/10.3390/a8040810
843,https://openalex.org/W1980980723,https://doi.org/10.1165/ajrcmb.25.6.4401
844,https://openalex.org/W2036148187,https://doi.org/10.1109/icdma.2012.52
845,https://openalex.org/W1992369068,https://doi.org/10.1103/physrev.172.1551
846,https://openalex.org/W2564245727,https://doi.org/10.1074/jbc.m116.750349
847,https://openalex.org/W2611689752,https://doi.org/10.2138/am-2017-5832
848,https://openalex.org/W2003022955,https://doi.org/10.1364/ao.21.001910
849,https://openalex.org/W3181094031,
850,https://openalex.org/W4252214774,https://doi.org/10.1109/nssmic.2001.1008692
851,https://openalex.org/W1989877710,https://doi.org/10.5296/npa.v4i3.2055
852,https://openalex.org/W2074479141,https://doi.org/10.1080/15582159.2012.673862
853,https://openalex.org/W4402127379,https://doi.org/10.3390/agronomy14092005
854,https://openalex.org/W3094945137,https://doi.org/10.1080/00405000.2020.1841956
855,https://openalex.org/W2048954194,https://doi.org/10.1111/j.1471-0528.1983.tb09277.x
856,https://openalex.org/W4388623206,https://doi.org/10.1109/ro-man57019.2023.10309630
857,https://openalex.org/W2281417782,https://doi.org/10.3389/fmicb.2016.00105
858,https://openalex.org/W2073671623,https://doi.org/10.1001/jama.1924.02660060036013
859,https://openalex.org/W3015844018,https://doi.org/10.3847/2041-8213/ab9742
860,https://openalex.org/W2333226188,https://doi.org/10.15507/inted.077.018.201404.017
861,https://openalex.org/W2783695235,https://doi.org/10.1128/jvi.01514-17
862,https://openalex.org/W2325998734,https://doi.org/10.1093/infdis/21.3.279
863,https://openalex.org/W4246716758,https://doi.org/10.7567/jjap.50.020204
864,https://openalex.org/W3214286595,https://doi.org/10.1016/j.sajb.2021.11.003
865,https://openalex.org/W2120151487,
866,https://openalex.org/W2080465593,https://doi.org/10.1117/12.963397
867,https://openalex.org/W2091805064,https://doi.org/10.1080/01690965.2012.718088
868,https://openalex.org/W2946788703,
869,https://openalex.org/W4313015567,https://doi.org/10.58482/ijeresm.v1i1.5
870,https://openalex.org/W4406662489,https://doi.org/10.3390/app15031042
871,https://openalex.org/W4224324067,https://doi.org/10.24200/amecj.v5.i01.163
872,https://openalex.org/W2056415398,https://doi.org/10.1063/1.1840475
873,https://openalex.org/W4237316326,https://doi.org/10.1504/ijcse.2019.103826
874,https://openalex.org/W4406780974,https://doi.org/10.3892/ijmm.2025.5493
875,https://openalex.org/W2054362300,https://doi.org/10.1136/bmj.b1612
876,https://openalex.org/W2111452991,https://doi.org/10.1080/15567036.2011.569835
877,https://openalex.org/W4306250290,https://doi.org/10.47435/al-ilmi.v3i1.1250
878,https://openalex.org/W2364627535,
879,https://openalex.org/W2731573851,
880,https://openalex.org/W2375287293,https://doi.org/10.11873/j.issn.1004-0323.2009.3.325
881,https://openalex.org/W4362670948,https://doi.org/10.1186/s13059-023-02894-0
882,https://openalex.org/W4399673951,https://doi.org/10.46542/pe.2024.246.124127
883,https://openalex.org/W2066200935,https://doi.org/10.2514/3.48028
884,https://openalex.org/W4253535645,https://doi.org/10.1093/toxsci/42.2.152
885,https://openalex.org/W2032068856,https://doi.org/10.1111/1467-9485.5003004
886,https://openalex.org/W2039390891,https://doi.org/10.1117/12.175457
887,https://openalex.org/W3208400952,https://doi.org/10.1080/00222348.2021.1995947
888,https://openalex.org/W2009305419,https://doi.org/10.1037/0021-9010.77.1.24
889,https://openalex.org/W2144455581,https://doi.org/10.1109/cleo.2008.4551591
890,https://openalex.org/W4367556003,https://doi.org/10.1248/bpb.b23-00107
891,https://openalex.org/W2345728192,https://doi.org/10.1149/06803.0055ecst
892,https://openalex.org/W2021155975,https://doi.org/10.2337/diab.33.5.477
893,https://openalex.org/W1926283328,https://doi.org/10.1093/clinchem/44.9.2000
894,https://openalex.org/W1675793647,
895,https://openalex.org/W2289881013,https://doi.org/10.1097/acm.0000000000001138
896,https://openalex.org/W4391629789,
897,https://openalex.org/W1978717199,https://doi.org/10.1103/physrev.187.1176
898,https://openalex.org/W2760847697,https://doi.org/10.4071/imaps.456518
899,https://openalex.org/W2960652275,https://doi.org/10.1109/compsac.2019.10276
900,https://openalex.org/W2765860702,https://doi.org/10.12783/dtcse/aiea2017/15009
901,https://openalex.org/W2095022624,https://doi.org/10.1063/1.1713028
902,https://openalex.org/W217146530,https://doi.org/10.4271/1999-01-1893
903,https://openalex.org/W3168034206,https://doi.org/10.1063/5.0047382
904,https://openalex.org/W1975082094,https://doi.org/10.1097/pas.0b013e3181bc6059
905,https://openalex.org/W1971870189,https://doi.org/10.1121/1.2015421
906,https://openalex.org/W2748473102,https://doi.org/10.1021/acssuschemeng.7b02396
907,https://openalex.org/W2979702629,https://doi.org/10.1109/tcsvt.2019.2945918
908,https://openalex.org/W2768399532,https://doi.org/10.2749/222137917x14881937845963
909,https://openalex.org/W2507848736,https://doi.org/10.3390/w8090378
910,https://openalex.org/W2157575978,https://doi.org/10.5555/1715759.1715780
911,https://openalex.org/W4312710080,https://doi.org/10.1109/access.2022.3223355
912,https://openalex.org/W4293713909,https://doi.org/10.1145/3514197.3549691
913,https://openalex.org/W4246089150,https://doi.org/10.1182/blood.v78.11.2962.bloodjournal78112962
914,https://openalex.org/W2403888091,
915,https://openalex.org/W2335737529,https://doi.org/10.1093/jee/36.3.430
916,https://openalex.org/W1983164246,https://doi.org/10.1254/jjp.28.57
917,https://openalex.org/W2030646313,https://doi.org/10.2307/2076508
918,https://openalex.org/W3096397809,https://doi.org/10.1007/s10761-020-00572-6
919,https://openalex.org/W2072880128,https://doi.org/10.1145/544414.544508
920,https://openalex.org/W4401015706,https://doi.org/10.1097/md.0000000000039089
921,https://openalex.org/W4390938323,https://doi.org/10.1186/s12885-023-11793-3
922,https://openalex.org/W2075013554,https://doi.org/10.1080/00224540309600432
923,https://openalex.org/W2395670395,
924,https://openalex.org/W2065169715,https://doi.org/10.1177/0146167213494243
925,https://openalex.org/W2122471134,https://doi.org/10.1128/iai.70.2.970-973.2002
926,https://openalex.org/W2614636469,https://doi.org/10.2991/eame-17.2017.56
927,https://openalex.org/W2152626243,https://doi.org/10.1103/physrevd.77.044008
928,https://openalex.org/W2897921270,https://doi.org/10.1002/ar.23955
929,https://openalex.org/W2190109691,https://doi.org/10.13130/2039-4942/5924
930,https://openalex.org/W3030066629,https://doi.org/10.18231/j.ijodr.2020.014
931,https://openalex.org/W2246923533,https://doi.org/10.3928/0147-7447-19800501-06
932,https://openalex.org/W1565364906,
933,https://openalex.org/W2965657644,https://doi.org/10.4314/ejhs.v28i5.18
934,https://openalex.org/W2058391488,https://doi.org/10.1080/07366299008918015
935,https://openalex.org/W2088817507,https://doi.org/10.1088/0967-3334/32/10/013
936,https://openalex.org/W1984164851,https://doi.org/10.1109/vppc.2010.5729142
937,https://openalex.org/W2559161838,https://doi.org/10.4310/pamq.2015.v11.n3.a1
938,https://openalex.org/W1486785735,https://doi.org/10.1063/1.1302549
939,https://openalex.org/W2126056026,https://doi.org/10.3892/ijo_00000102
940,https://openalex.org/W1995542985,https://doi.org/10.1371/journal.pone.0122955
941,https://openalex.org/W72983140,
942,https://openalex.org/W2072883941,https://doi.org/10.1177/0013164408315264
943,https://openalex.org/W2884419985,https://doi.org/10.1039/c8lc00417j
944,https://openalex.org/W2803224781,https://doi.org/10.1080/23739770.2018.1473112
945,https://openalex.org/W2016641557,https://doi.org/10.1016/j.intcom.2005.09.006
946,https://openalex.org/W2038365577,https://doi.org/10.1115/detc2013-12838
947,https://openalex.org/W1990919308,https://doi.org/10.3390/su5093895
948,https://openalex.org/W4395682666,https://doi.org/10.1049/ell2.13191
949,https://openalex.org/W2470766902,
950,https://openalex.org/W2042431886,https://doi.org/10.1139/y02-097
951,https://openalex.org/W3126262568,https://doi.org/10.23880/doij-16000236
952,https://openalex.org/W2323152574,https://doi.org/10.2741/3868
953,https://openalex.org/W1993448075,https://doi.org/10.1093/aesa/85.4.477
954,https://openalex.org/W2074071649,https://doi.org/10.3390/s131014189
955,https://openalex.org/W4389268026,https://doi.org/10.1039/d3tc03412g
956,https://openalex.org/W2295152976,https://doi.org/10.1177/2054270415608118
957,https://openalex.org/W1503796692,https://doi.org/10.1177/140349489202000101
958,https://openalex.org/W2975684534,https://doi.org/10.1177/1358863x19871343
959,https://openalex.org/W2038294928,https://doi.org/10.1103/physrevb.68.180404
960,https://openalex.org/W2018492933,https://doi.org/10.1073/pnas.0504569102
961,https://openalex.org/W2104329513,https://doi.org/10.1080/10401230600614660
962,https://openalex.org/W3159826854,https://doi.org/10.1088/1361-648x/abfdf1
963,https://openalex.org/W1973796405,https://doi.org/10.1080/03605310500499211
964,https://openalex.org/W2156520876,https://doi.org/10.18757/ejtir.2008.8.2.3338
965,https://openalex.org/W3155175797,https://doi.org/10.2991/assehr.k.210407.164
966,https://openalex.org/W2777234152,https://doi.org/10.3390/en10122171
967,https://openalex.org/W2076601007,https://doi.org/10.1115/1.4028833
968,https://openalex.org/W2188588919,
969,https://openalex.org/W2057228713,https://doi.org/10.1080/03605308408820363
970,https://openalex.org/W2904531916,https://doi.org/10.1109/oceanskobe.2018.8559134
971,https://openalex.org/W2100112689,https://doi.org/10.1515/bejeap-2013-0050
972,https://openalex.org/W3157549888,https://doi.org/10.1021/acs.joc.1c00578
973,https://openalex.org/W2027509539,https://doi.org/10.1080/00018732.2011.619814
974,https://openalex.org/W1656230860,
975,https://openalex.org/W3100339492,https://doi.org/10.37904/metal.2020.3458
976,https://openalex.org/W2594187833,https://doi.org/10.1002/pbc.25853
977,https://openalex.org/W2004929894,https://doi.org/10.1021/jo00106a007
978,https://openalex.org/W2735439414,https://doi.org/10.1002/anie.201704999
979,https://openalex.org/W4386245708,https://doi.org/10.1002/ptr.7935
980,https://openalex.org/W2019145244,https://doi.org/10.2307/2525968
981,https://openalex.org/W2765406756,https://doi.org/10.3760/cma.j.issn.0253-3758.2017.04.006
982,https://openalex.org/W2320390975,https://doi.org/10.2307/302161
983,https://openalex.org/W2187821446,https://doi.org/10.4172/2167-0501.1000121
984,https://openalex.org/W2171325885,https://doi.org/10.1086/665814
985,https://openalex.org/W2076096663,https://doi.org/10.1016/j.phpro.2012.02.135
986,https://openalex.org/W2152828192,https://doi.org/10.1504/ijaom.2012.045892
987,https://openalex.org/W2769995469,https://doi.org/10.1109/tsp.2017.2773419
988,https://openalex.org/W1592151608,https://doi.org/10.1542/peds.33.6.956
989,https://openalex.org/W4230770257,https://doi.org/10.1213/00000539-199002000-00005
990,https://openalex.org/W3043505426,https://doi.org/10.1088/1742-6596/1582/1/012001
991,https://openalex.org/W2049657985,https://doi.org/10.1109/iccse.2009.5228349
992,https://openalex.org/W2551725866,https://doi.org/10.1080/21582041.2016.1223869
993,https://openalex.org/W2149734608,https://doi.org/10.1525/mua.1994.18.3.67
994,https://openalex.org/W2061183351,https://doi.org/10.5468/kjog.2011.54.10.611
995,https://openalex.org/W2895668625,https://doi.org/10.1115/es2018-7531
996,https://openalex.org/W2083223959,https://doi.org/10.1212/wnl.38.3.409
997,https://openalex.org/W2027850096,https://doi.org/10.1111/j.1540-5915.1988.tb00281.x
998,https://openalex.org/W4225412179,https://doi.org/10.54302/mausam.v36i4.2078
999,https://openalex.org/W2787226340,
1000,https://openalex.org/W3030875081,https://doi.org/10.4103/jehp.jehp_649_19
1001,https://openalex.org/W3177860134,https://doi.org/10.1039/d1ee00870f
1002,https://openalex.org/W1983020368,https://doi.org/10.1007/s10461-013-0429-9
1003,https://openalex.org/W2808490117,https://doi.org/10.5230/jgc.2018.18.e16
1004,https://openalex.org/W2131406775,https://doi.org/10.1002/pol.1978.170161213
1005,https://openalex.org/W4327748000,https://doi.org/10.1016/j.ese.2023.100267
1006,https://openalex.org/W4408050648,https://doi.org/10.1371/journal.pone.0315626
1007,https://openalex.org/W2057344527,https://doi.org/10.1111/j.1748-5827.1994.tb03297.x
1008,https://openalex.org/W4232940732,https://doi.org/10.1109/jcdl.2014.6970165
1009,https://openalex.org/W4410553547,https://doi.org/10.1126/scitranslmed.adj9615
1010,https://openalex.org/W3005972917,https://doi.org/10.1109/icevt48285.2019.8993970
1011,https://openalex.org/W2103743822,https://doi.org/10.1530/acta.0.0660122
1012,https://openalex.org/W127741557,
1013,https://openalex.org/W4407426343,https://doi.org/10.1021/acsabm.4c01633
1014,https://openalex.org/W2763434749,
1015,https://openalex.org/W2743697155,https://doi.org/10.1002/qua.25449
1016,https://openalex.org/W2140800446,https://doi.org/10.1080/0098261x.2015.1012572
1017,https://openalex.org/W4391956145,https://doi.org/10.1088/1755-1315/1303/1/012040
1018,https://openalex.org/W2071069158,https://doi.org/10.14341/probl20115733-10
1019,https://openalex.org/W2004065935,https://doi.org/10.1299/jsmeb.49.959
1020,https://openalex.org/W2895472774,https://doi.org/10.14569/ijacsa.2018.090920
1021,https://openalex.org/W4254055799,https://doi.org/10.1080/15257770.2011.624567
1022,https://openalex.org/W62690452,
1023,https://openalex.org/W4320725369,https://doi.org/10.1111/poms.13963
1024,https://openalex.org/W2117084371,https://doi.org/10.1109/lawp.2002.806051
1025,https://openalex.org/W3117577668,https://doi.org/10.1109/itsc45102.2020.9294597
1026,https://openalex.org/W2576024856,https://doi.org/10.1177/0146167216684133
1027,https://openalex.org/W2992676250,https://doi.org/10.17816/pmj32118-23
1028,https://openalex.org/W2913597302,https://doi.org/10.37652/juaps.2013.85002
1029,https://openalex.org/W2980446188,https://doi.org/10.1109/sispad.2019.8870530
1030,https://openalex.org/W2091137699,https://doi.org/10.1094/cchem-07-10-0099
1031,https://openalex.org/W2076239188,https://doi.org/10.1109/3pgcic.2014.102
1032,https://openalex.org/W2067546977,https://doi.org/10.1115/1.2829178
1033,https://openalex.org/W2271002005,https://doi.org/10.6440/tzucmj.200604.0109
1034,https://openalex.org/W2419056724,
1035,https://openalex.org/W2041508579,https://doi.org/10.1210/jc.2004-0232
1036,https://openalex.org/W1549042168,
1037,https://openalex.org/W2890768984,https://doi.org/10.1680/jmacr.18.00194
1038,https://openalex.org/W2783732705,https://doi.org/10.1109/mees.2017.8248894
1039,https://openalex.org/W3198665186,https://doi.org/10.1152/ajpregu.00165.2021
1040,https://openalex.org/W2771930428,https://doi.org/10.1109/oecc.2017.8114783
1041,https://openalex.org/W2989841196,https://doi.org/10.1080/00958972.2019.1695126
1042,https://openalex.org/W2065731612,https://doi.org/10.1098/rspb.1934.0014
1043,https://openalex.org/W2056135467,https://doi.org/10.1063/1.1679877
1044,https://openalex.org/W2184239955,
1045,https://openalex.org/W2057019034,https://doi.org/10.1177/140349489302100312
1046,https://openalex.org/W2141486177,
1047,https://openalex.org/W2789559944,https://doi.org/10.1021/acsami.7b16902
1048,https://openalex.org/W1967437354,https://doi.org/10.1080/03056240802196807
1049,https://openalex.org/W2094867905,https://doi.org/10.2118/128728-ms
1050,https://openalex.org/W4386223619,https://doi.org/10.3390/ijerph20176652
1051,https://openalex.org/W3176910529,https://doi.org/10.1145/3437880.3460414
1052,https://openalex.org/W3186814086,https://doi.org/10.17161/folklorica.v24i.15693
1053,https://openalex.org/W2042711451,https://doi.org/10.2169/internalmedicine.50.5798
1054,https://openalex.org/W3109088405,https://doi.org/10.1111/hex.13150
1055,https://openalex.org/W4230694680,https://doi.org/10.1213/00000539-199501000-00007
1056,https://openalex.org/W3093184896,https://doi.org/10.23919/acc50511.2021.9482894
1057,https://openalex.org/W2070220201,https://doi.org/10.3997/2214-4609.20142776
1058,https://openalex.org/W2093038631,https://doi.org/10.3109/00016488009127170
1059,https://openalex.org/W3157443224,https://doi.org/10.5055/ajdm.2021.0386
1060,https://openalex.org/W2611012377,https://doi.org/10.1021/acs.jchemed.6b00909
1061,https://openalex.org/W6948187050,https://doi.org/10.48550/arxiv.hep-th/0409174
1062,https://openalex.org/W4389855402,https://doi.org/10.1016/j.nbd.2023.106382
1063,https://openalex.org/W2608907896,https://doi.org/10.1109/icatcct.2016.7912109
1064,https://openalex.org/W2061212384,https://doi.org/10.1002/chin.199551086
1065,https://openalex.org/W4281787085,https://doi.org/10.3390/ijerph19127039
1066,https://openalex.org/W2043970779,https://doi.org/10.1117/1.oe.53.11.117109
1067,https://openalex.org/W4313528173,https://doi.org/10.1039/d2nj04797g
1068,https://openalex.org/W3114761758,https://doi.org/10.3390/app11010002
1069,https://openalex.org/W1941510137,https://doi.org/10.1043/0003-3219(2003)073<0654:rmeiib>2.0.co;2
1070,https://openalex.org/W2166082390,https://doi.org/10.2166/hydro.2011.106
1071,https://openalex.org/W1987120487,https://doi.org/10.1088/0143-0807/33/5/1271
1072,https://openalex.org/W2982647636,https://doi.org/10.1186/s40792-019-0730-6
1073,https://openalex.org/W2990325448,https://doi.org/10.1109/itsc.2019.8917155
1074,https://openalex.org/W2185556700,https://doi.org/10.1177/156482651303400107
1075,https://openalex.org/W2071957466,https://doi.org/10.1074/jbc.r300036200
1076,https://openalex.org/W2396745914,
1077,https://openalex.org/W3034125557,https://doi.org/10.1364/josaa.393580
1078,https://openalex.org/W2247786422,https://doi.org/10.1200/jco.2007.25.18_suppl.7587
1079,https://openalex.org/W2906876448,https://doi.org/10.14748/.v4i1.5513
1080,https://openalex.org/W4407940450,https://doi.org/10.3390/sci7010025
1081,https://openalex.org/W4389776644,https://doi.org/10.1109/jbhi.2023.3342069
1082,https://openalex.org/W3146496142,https://doi.org/10.5281/zenodo.4020531
1083,https://openalex.org/W4408160454,https://doi.org/10.1051/shsconf/202521204031
1084,https://openalex.org/W2145548588,https://doi.org/10.1109/hpcs.2006.23
1085,https://openalex.org/W2396862357,https://doi.org/10.1080/17512433.2016.1195262
1086,https://openalex.org/W2318095272,https://doi.org/10.1097/fjc.0000000000000352
1087,https://openalex.org/W2928889687,https://doi.org/10.1080/08120099.2019.1587644
1088,https://openalex.org/W2001384898,https://doi.org/10.5214/ans.0972.7531.190304
1089,https://openalex.org/W2801158763,
1090,https://openalex.org/W3106994093,https://doi.org/10.1021/acsami.0c15221
1091,https://openalex.org/W1528664287,
1092,https://openalex.org/W1963763716,https://doi.org/10.1371/journal.pone.0097628
1093,https://openalex.org/W4392715789,https://doi.org/10.56093/ijas.v94.i3.140129
1094,https://openalex.org/W4360612659,https://doi.org/10.1002/mop.33679
1095,https://openalex.org/W1998889476,https://doi.org/10.1097/00006534-198705000-00007
1096,https://openalex.org/W2122850530,https://doi.org/10.2174/092986607779117218
1097,https://openalex.org/W2418797430,https://doi.org/10.3389/fcimb.2016.00059
1098,https://openalex.org/W1563688046,https://doi.org/10.1016/s0021-9258(19)86062-3
1099,https://openalex.org/W2019013341,https://doi.org/10.1130/0016-7606(1960)71[531:sagrin]2.0.co;2
1100,https://openalex.org/W2024713929,https://doi.org/10.1126/science.172.3980.278
1101,https://openalex.org/W1979588085,https://doi.org/10.1097/mph.0b013e3181580eb3
1102,https://openalex.org/W2776627679,https://doi.org/10.24251/hicss.2018.673
1103,https://openalex.org/W2564974582,https://doi.org/10.2174/1568026617666161116142031
1104,https://openalex.org/W2117124164,https://doi.org/10.1109/tbme.2003.820387
1105,https://openalex.org/W3126813359,https://doi.org/10.3329/bjms.v20i2.51531
1106,https://openalex.org/W1983764086,https://doi.org/10.1371/journal.pone.0056724
1107,https://openalex.org/W3126845175,https://doi.org/10.1109/redw51883.2020.9325821
1108,https://openalex.org/W2256193160,https://doi.org/10.1021/acs.oprd.5b00079
1109,https://openalex.org/W2317497692,https://doi.org/10.1021/cs400355e
1110,https://openalex.org/W1988451936,https://doi.org/10.1021/bi00856a004
1111,https://openalex.org/W2335820689,https://doi.org/10.17061/phrp2621620
1112,https://openalex.org/W6920418426,https://doi.org/10.60692/16emp-j3252
1113,https://openalex.org/W2058402434,https://doi.org/10.1109/nems.2006.334648
1114,https://openalex.org/W2111770965,https://doi.org/10.1093/schbul/sbm021
1115,https://openalex.org/W2074172497,https://doi.org/10.1117/12.836839
1116,https://openalex.org/W2115774694,https://doi.org/10.1093/rheumatology/keh558
1117,https://openalex.org/W2902986535,https://doi.org/10.12700/aph.14.2.2017.2.8
1118,https://openalex.org/W3163902139,https://doi.org/10.1007/s00381-021-05208-6
1119,https://openalex.org/W4307630236,https://doi.org/10.5194/isprs-archives-xlviii-3-w2-2022-59-2022
1120,https://openalex.org/W1997070135,https://doi.org/10.4103/wkmp-0056.124183
1121,https://openalex.org/W214605257,https://doi.org/10.1107/s1600536803020105
1122,https://openalex.org/W4303699706,https://doi.org/10.3390/e24101416
1123,https://openalex.org/W2047457130,https://doi.org/10.1021/ac050534o
1124,https://openalex.org/W4415151638,https://doi.org/10.1186/s40100-025-00403-4
1125,https://openalex.org/W2110988342,https://doi.org/10.1111/j.1574-6976.1998.tb00379.x
1126,https://openalex.org/W2008842970,https://doi.org/10.1111/j.1349-7006.2008.00872.x
1127,https://openalex.org/W34875768,https://doi.org/10.1111/j.1096-0031.2009.00303.x
1128,https://openalex.org/W2010708839,https://doi.org/10.2355/isijinternational.42.1404
1129,https://openalex.org/W2022331794,https://doi.org/10.1097/01.id.0000116452.45096.e0
1130,https://openalex.org/W1924054847,https://doi.org/10.1002/pd.4177
1131,https://openalex.org/W2889114766,https://doi.org/10.2174/1874282301812010080
1132,https://openalex.org/W2787920463,https://doi.org/10.1145/3159450.3159504
1133,https://openalex.org/W2084651404,https://doi.org/10.1002/sia.2652
1134,https://openalex.org/W2910285766,https://doi.org/10.1109/sp.2019.00046
1135,https://openalex.org/W2140763539,https://doi.org/10.1109/ecctd.2009.5274990
1136,https://openalex.org/W4403792446,https://doi.org/10.26740/jim.v12n2.p395-405
1137,https://openalex.org/W4408685541,https://doi.org/10.1136/jitc-2025-011581
1138,https://openalex.org/W2041586920,https://doi.org/10.1016/j.odw.2013.01.037
1139,https://openalex.org/W2016082239,https://doi.org/10.1063/1.524822
1140,https://openalex.org/W1581971168,https://doi.org/10.1155/2015/768071
1141,https://openalex.org/W2119039041,https://doi.org/10.1109/tcomm.2009.07.070157
1142,https://openalex.org/W3113163577,https://doi.org/10.1128/mcb.14.1.373-381.1994
1143,https://openalex.org/W3122287513,https://doi.org/10.1159/000512647
1144,https://openalex.org/W2170484087,
1145,https://openalex.org/W2997316533,https://doi.org/10.1109/wincom47513.2019.8942485
1146,https://openalex.org/W2055326658,https://doi.org/10.1088/0026-1394/44/1a/08005
1147,https://openalex.org/W602244805,
1148,https://openalex.org/W2112823479,https://doi.org/10.1128/jb.00310-09
1149,https://openalex.org/W4321507542,https://doi.org/10.16995/labphon.6417
1150,https://openalex.org/W4399922783,https://doi.org/10.1093/jbmr/zjae088
1151,https://openalex.org/W4400422204,https://doi.org/10.1002/zoo.21851
1152,https://openalex.org/W2964162141,https://doi.org/10.1109/sahcn.2016.7732993
1153,https://openalex.org/W2429993088,
1154,https://openalex.org/W197669614,
1155,https://openalex.org/W2099729340,https://doi.org/10.1109/twc.2006.1633347
1156,https://openalex.org/W2000343382,https://doi.org/10.1080/03071847.2012.733124
1157,https://openalex.org/W4413437853,https://doi.org/10.1101/2025.08.19.671157
1158,https://openalex.org/W2890299060,https://doi.org/10.2307/1883167
1159,https://openalex.org/W2788798807,https://doi.org/10.17509/ijposs.v2i2.10165
1160,https://openalex.org/W2149714453,https://doi.org/10.1590/s1516-31802003000300008
1161,https://openalex.org/W4224224423,https://doi.org/10.21203/rs.3.rs-1551749/v1
1162,https://openalex.org/W2401014973,
1163,https://openalex.org/W2424940004,https://doi.org/10.1177/019459988809900113
1164,https://openalex.org/W2042681578,https://doi.org/10.1109/icumt.2010.5676577
1165,https://openalex.org/W2053664939,https://doi.org/10.1037/0002-9432.76.4.518
1166,https://openalex.org/W2356441919,
1167,https://openalex.org/W1986828496,https://doi.org/10.1002/humu.22504
1168,https://openalex.org/W2090515313,https://doi.org/10.1109/mwsym.2014.6848449
1169,https://openalex.org/W1773135912,https://doi.org/10.48550/arxiv.astro-ph/0212155
1170,https://openalex.org/W2754428036,
1171,https://openalex.org/W2969873009,https://doi.org/10.1016/j.prostr.2019.08.033
1172,https://openalex.org/W3125300769,https://doi.org/10.51429/ejmm30122
1173,https://openalex.org/W2036017869,https://doi.org/10.1080/02732173.1995.9982110
1174,https://openalex.org/W2162636148,https://doi.org/10.1136/oem.45.12.838
1175,https://openalex.org/W2989485689,https://doi.org/10.1080/2005615x.2019.1686565
1176,https://openalex.org/W2075733089,https://doi.org/10.2307/2808075
1177,https://openalex.org/W2802817296,https://doi.org/10.1002/jssc.201800146
1178,https://openalex.org/W2580874720,https://doi.org/10.1680/jstbu.16.00096
1179,https://openalex.org/W2971669395,https://doi.org/10.1002/chem.201903973
1180,https://openalex.org/W2282107791,https://doi.org/10.3109/01913123.2016.1141823
1181,https://openalex.org/W1966337076,https://doi.org/10.1021/cn200097s
1182,https://openalex.org/W2085039729,https://doi.org/10.5271/sjweh.3372
1183,https://openalex.org/W2016479403,https://doi.org/10.1088/0022-3735/8/6/015
1184,https://openalex.org/W2059703119,https://doi.org/10.1109/geoinformatics.2010.5567927
1185,https://openalex.org/W4385458600,https://doi.org/10.3126/ajms.v14i8.54270
1186,https://openalex.org/W2015686920,https://doi.org/10.2307/1087205
1187,https://openalex.org/W2615463825,https://doi.org/10.1117/12.2265249
1188,https://openalex.org/W2080959793,https://doi.org/10.1016/0304-3959(94)90210-0
1189,https://openalex.org/W1972551461,
1190,https://openalex.org/W2043595751,https://doi.org/10.1111/j.1600-0897.1992.tb00766.x
1191,https://openalex.org/W2989198822,https://doi.org/10.30654/mjcr.10057
1192,https://openalex.org/W2907422164,https://doi.org/10.15317/scitech.2018.173
1193,https://openalex.org/W2019454654,https://doi.org/10.1080/07399330600880392
1194,https://openalex.org/W2897270927,https://doi.org/10.1063/1.5043389
1195,https://openalex.org/W2372212646,
1196,https://openalex.org/W2465792012,https://doi.org/10.1109/carpathiancc.2016.7501057
1197,https://openalex.org/W2797824367,https://doi.org/10.1515/ang-2018-0011
1198,https://openalex.org/W1980527128,https://doi.org/10.4271/2011-01-1412
1199,https://openalex.org/W2008651267,https://doi.org/10.3382/ps.0631243
1200,https://openalex.org/W4220939975,https://doi.org/10.3389/fimmu.2022.831695
1201,https://openalex.org/W4408121912,https://doi.org/10.1002/mma.10852
1202,https://openalex.org/W4205445306,https://doi.org/10.33590/emjmicrobiolinfectdis/20-00215
1203,https://openalex.org/W4284894849,https://doi.org/10.15826/chimtech.2022.9.2.s10
1204,https://openalex.org/W2783989143,https://doi.org/10.1109/cdc.2017.8264468
1205,https://openalex.org/W2616168490,https://doi.org/10.1080/00036846.2017.1332753
1206,https://openalex.org/W2033135609,https://doi.org/10.1227/neu.0b013e31821bc822
1207,https://openalex.org/W3135281757,https://doi.org/10.3389/fvets.2021.604560
1208,https://openalex.org/W2037265315,https://doi.org/10.1111/j.1365-4632.2012.05851.x
1209,https://openalex.org/W4232497512,https://doi.org/10.1128/aem.24.1.114-119.1972
1210,https://openalex.org/W1594398528,
1211,https://openalex.org/W4246101704,https://doi.org/10.1386/iscc.6.2.141_1
1212,https://openalex.org/W2161952227,https://doi.org/10.1586/17469872.2013.814872
1213,https://openalex.org/W3173785393,https://doi.org/10.1162/jinh_a_01663
1214,https://openalex.org/W2602453402,
1215,https://openalex.org/W2601707290,
1216,https://openalex.org/W3204791413,https://doi.org/10.1002/ar.24789
1217,https://openalex.org/W2763871264,https://doi.org/10.5206/cie-eci.v46i2.9315
1218,https://openalex.org/W2099293394,https://doi.org/10.1017/s135561770999141x
1219,https://openalex.org/W2045027442,https://doi.org/10.1002/nav.3800330302
1220,https://openalex.org/W4399427719,https://doi.org/10.1016/j.ejmg.2024.104952
1221,https://openalex.org/W2083287231,https://doi.org/10.1049/ip-rsn:19981707
1222,https://openalex.org/W2024865515,https://doi.org/10.1109/nabic.2011.6089465
1223,https://openalex.org/W2468934511,https://doi.org/10.1080/21541248.2016.1211069
1224,https://openalex.org/W3144294485,
1225,https://openalex.org/W4233914214,https://doi.org/10.7748/phc2001.04.11.3.43.c303
1226,https://openalex.org/W2065956980,https://doi.org/10.1021/j150624a001
1227,https://openalex.org/W1969607911,https://doi.org/10.1063/1.2918497
1228,https://openalex.org/W3144874725,https://doi.org/10.1109/transducers.2011.5969272
1229,https://openalex.org/W2569960397,https://doi.org/10.17507/jltr.0801.10
1230,https://openalex.org/W232491678,
1231,https://openalex.org/W4318474684,https://doi.org/10.3390/horticulturae9020168
1232,https://openalex.org/W4368228241,https://doi.org/10.3727/152599523x16830662072053
1233,https://openalex.org/W6999359755,
1234,https://openalex.org/W2008348076,https://doi.org/10.1021/bm400612h
1235,https://openalex.org/W2989971081,
1236,https://openalex.org/W2099280920,https://doi.org/10.1017/s1355838200000881
1237,https://openalex.org/W4304617846,https://doi.org/10.3795/ksme-a.2022.46.10.915
1238,https://openalex.org/W2066209982,https://doi.org/10.3390/cancers5020639
1239,https://openalex.org/W1967391758,https://doi.org/10.1021/ic00335a009
1240,https://openalex.org/W269921288,
1241,https://openalex.org/W1976148103,https://doi.org/10.1097/01376517-200502000-00008
1242,https://openalex.org/W4255531910,https://doi.org/10.1093/ajhp/17.9.574
1243,https://openalex.org/W2349164940,
1244,https://openalex.org/W2770754678,https://doi.org/10.1371/journal.pone.0188328
1245,https://openalex.org/W2953276938,https://doi.org/10.5059/yukigoseikyokaishi.58.23
1246,https://openalex.org/W3135298098,https://doi.org/10.1080/14999013.2020.1830891
1247,https://openalex.org/W4309440907,https://doi.org/10.25170/juhr.v1i1.3850
1248,https://openalex.org/W1999738724,https://doi.org/10.1525/ah.2001.75.4.395
1249,https://openalex.org/W2026065868,https://doi.org/10.1177/0193841x9101500207
1250,https://openalex.org/W2047684091,https://doi.org/10.2337/diabetes.51.11.3342
1251,https://openalex.org/W4210426804,https://doi.org/10.12788/cp.0132
1252,https://openalex.org/W3169985084,https://doi.org/10.3389/fphar.2021.672515
1253,https://openalex.org/W3182984323,https://doi.org/10.1109/ted.2021.3093839
1254,https://openalex.org/W4402222080,https://doi.org/10.1002/cphc.202400357
1255,https://openalex.org/W2951508044,https://doi.org/10.1021/acs.est.9b02123
1256,https://openalex.org/W2133461799,https://doi.org/10.14430/arctic478
1257,https://openalex.org/W2034208127,https://doi.org/10.1115/pvp2011-57244
1258,https://openalex.org/W2043688408,https://doi.org/10.1273/cbij.2.95
1259,https://openalex.org/W2152208727,https://doi.org/10.2307/2225889
1260,https://openalex.org/W2133573517,https://doi.org/10.1002/anie.200703055
1261,https://openalex.org/W2530732103,https://doi.org/10.1186/s12913-016-1836-1
1262,https://openalex.org/W2912309250,https://doi.org/10.1016/j.jppr.2019.01.002
1263,https://openalex.org/W4283261427,https://doi.org/10.3390/ijerph19137574
1264,https://openalex.org/W2141695141,https://doi.org/10.1002/gj.1267
1265,https://openalex.org/W2990800587,https://doi.org/10.3920/cep190031
1266,https://openalex.org/W2577587975,https://doi.org/10.5005/jp-journals-11010-05103
1267,https://openalex.org/W2610742082,https://doi.org/10.1111/1365-2745.12804
1268,https://openalex.org/W2748464544,https://doi.org/10.1080/00207721.2017.1367863
1269,https://openalex.org/W1986781524,https://doi.org/10.1070/mc1997v007n01abeh000659
1270,https://openalex.org/W2955208203,https://doi.org/10.7567/1347-4065/ab1fd9
1271,https://openalex.org/W2107699903,https://doi.org/10.1145/860854.860877
1272,https://openalex.org/W2949562317,https://doi.org/10.1055/s-0029-1217132
1273,https://openalex.org/W2073749247,https://doi.org/10.1080/01431160010007024
1274,https://openalex.org/W2044581970,https://doi.org/10.1103/physrevd.82.074506
1275,https://openalex.org/W2787528102,https://doi.org/10.1175/jamc-d-17-0056.1
1276,https://openalex.org/W4323046878,https://doi.org/10.3390/rel14030336
1277,https://openalex.org/W2010655433,https://doi.org/10.1080/13506280344000176
1278,https://openalex.org/W4389379061,https://doi.org/10.1103/physrevd.108.123008
1279,https://openalex.org/W2070848461,https://doi.org/10.1111/j.1475-4983.2005.00448.x
1280,https://openalex.org/W2499168604,https://doi.org/10.4172/2155-6148.1000640
1281,https://openalex.org/W2140670949,https://doi.org/10.1111/j.1530-0277.1994.tb00091.x
1282,https://openalex.org/W2064785463,https://doi.org/10.1029/1999jd900454
1283,https://openalex.org/W3033744551,https://doi.org/10.34190/iccws.20.034
1284,https://openalex.org/W2922869808,https://doi.org/10.1111/cla.12379
1285,https://openalex.org/W2092604093,https://doi.org/10.12968/bjca.2010.5.5.47882
1286,https://openalex.org/W2172827512,https://doi.org/10.1175/1520-0493(1986)114<1138:sptcat>2.0.co;2
1287,https://openalex.org/W2167803209,https://doi.org/10.1109/vtc.2001.956527
1288,https://openalex.org/W4323981296,https://doi.org/10.22158/uspa.v6n1p75
1289,https://openalex.org/W4292230142,https://doi.org/10.12924/johs2022.18020001
1290,https://openalex.org/W4391573485,https://doi.org/10.3389/fenrg.2024.1346311
1291,https://openalex.org/W2944204429,https://doi.org/10.1109/iscslp.2018.8706621
1292,https://openalex.org/W1519037623,https://doi.org/10.1111/j.1443-1661.2010.00964.x
1293,https://openalex.org/W2487874444,https://doi.org/10.5539/mas.v10n8p173
1294,https://openalex.org/W2057623780,https://doi.org/10.1159/000247629
1295,https://openalex.org/W2180987432,https://doi.org/10.2469/cp.v25.n1.2
1296,https://openalex.org/W1944897020,https://doi.org/10.1080/00423114.2015.1039550
1297,https://openalex.org/W2034415869,https://doi.org/10.1111/j.1471-4159.2006.04102.x
1298,https://openalex.org/W2811269840,https://doi.org/10.1097/ccm.0000000000003292
1299,https://openalex.org/W4205996302,https://doi.org/10.1002/alz.052297
1300,https://openalex.org/W2154100015,https://doi.org/10.1093/schbul/sbs087
1301,https://openalex.org/W3040109137,https://doi.org/10.15766/mep_2374-8265.10917
1302,https://openalex.org/W1991709427,https://doi.org/10.1111/j.1559-3584.1980.tb05258.x
1303,https://openalex.org/W3081110709,https://doi.org/10.1002/ejlt.202000066
1304,https://openalex.org/W2902168700,https://doi.org/10.1109/pvsc.2017.8366299
1305,https://openalex.org/W4323654412,https://doi.org/10.1002/rvr2.39
1306,https://openalex.org/W2016537741,https://doi.org/10.1080/10848770.2013.816133
1307,https://openalex.org/W1668929251,https://doi.org/10.1109/coase.2015.7294040
1308,https://openalex.org/W2109451654,https://doi.org/10.1109/igarss.2006.24
1309,https://openalex.org/W3129602268,https://doi.org/10.5539/gjhs.v13n3p112
1310,https://openalex.org/W2132730568,https://doi.org/10.1111/rge.12061
1311,https://openalex.org/W2551962062,https://doi.org/10.1021/acs.biochem.6b00895
1312,https://openalex.org/W2071601689,https://doi.org/10.1210/endo-113-2-549
1313,https://openalex.org/W2953296097,https://doi.org/10.48550/arxiv.1305.0156
1314,https://openalex.org/W2413960806,https://doi.org/10.1016/j.procs.2016.05.121
1315,https://openalex.org/W2089003197,https://doi.org/10.1002/cne.902360406
1316,https://openalex.org/W4407828514,https://doi.org/10.20885/jielariba.vol10.iss2.art10
1317,https://openalex.org/W2417630349,
1318,https://openalex.org/W4391032141,https://doi.org/10.5498/wjp.v14.i1.88
1319,https://openalex.org/W4225809222,https://doi.org/10.1145/3507623.3507630
1320,https://openalex.org/W3173440946,https://doi.org/10.3390/polym13132072
1321,https://openalex.org/W3117255817,https://doi.org/10.1080/02770903.2020.1868499
1322,https://openalex.org/W3194399993,https://doi.org/10.1002/jobm.202100271
1323,https://openalex.org/W2282646114,https://doi.org/10.1111/jfpe.12337
1324,https://openalex.org/W2067561350,https://doi.org/10.3349/ymj.2004.45.4.739
1325,https://openalex.org/W2056558230,https://doi.org/10.1097/01.brs.0000194773.10461.9f
1326,https://openalex.org/W2561336855,https://doi.org/10.4103/1110-9165.197382
1327,https://openalex.org/W2257012353,https://doi.org/10.1134/s0036029515090086
1328,https://openalex.org/W3126345945,https://doi.org/10.48550/arxiv.1902.03169
1329,https://openalex.org/W4249972369,https://doi.org/10.1103/physrev.117.632
1330,https://openalex.org/W2072940406,https://doi.org/10.1109/infcom.2013.6566768
1331,https://openalex.org/W2508487856,
1332,https://openalex.org/W2068266245,https://doi.org/10.1039/b101952j
1333,https://openalex.org/W4234965326,https://doi.org/10.1002/ange.201205540
1334,https://openalex.org/W3161617875,https://doi.org/10.1101/2020.12.17.423252
1335,https://openalex.org/W1998134247,https://doi.org/10.1145/1562877.1562955
1336,https://openalex.org/W2066077978,https://doi.org/10.1111/j.1365-246x.2009.04392.x
1337,https://openalex.org/W2467214597,
1338,https://openalex.org/W2381382747,https://doi.org/10.2106/jbjs.cc.14.00154
1339,https://openalex.org/W2155160465,https://doi.org/10.1109/cicc.1991.164083
1340,https://openalex.org/W4387435886,https://doi.org/10.26855/er.2023.08.022
1341,https://openalex.org/W2003302376,https://doi.org/10.12968/indn.2007.1.1.74544
1342,https://openalex.org/W4391781865,https://doi.org/10.59704/fe9b21f9344b927a
1343,https://openalex.org/W2010066001,https://doi.org/10.1039/c4ta01909a
1344,https://openalex.org/W2049645401,https://doi.org/10.1080/09596419808721135
1345,https://openalex.org/W2168686247,https://doi.org/10.1109/csac.1989.81049
1346,https://openalex.org/W3034535463,https://doi.org/10.1088/1742-6596/1495/1/012015
1347,https://openalex.org/W1984189002,https://doi.org/10.1142/s0218488512500109
1348,https://openalex.org/W3180430202,https://doi.org/10.1021/acsami.1c10183
1349,https://openalex.org/W3010541109,https://doi.org/10.1101/2020.03.09.979369
1350,https://openalex.org/W1558568349,https://doi.org/10.1002/jhm.2272
1351,https://openalex.org/W3018847579,https://doi.org/10.1108/jabs-08-2019-0261
1352,https://openalex.org/W7075309397,
1353,https://openalex.org/W320815591,
1354,https://openalex.org/W3008541446,https://doi.org/10.1002/eqe.3267
1355,https://openalex.org/W2170206705,https://doi.org/10.3389/fphys.2013.00125
1356,https://openalex.org/W4252260167,https://doi.org/10.1109/aspdac.2010.5419907
1357,https://openalex.org/W2101670387,https://doi.org/10.1080/09613218.2013.808140
1358,https://openalex.org/W2077432170,https://doi.org/10.1139/v79-316
1359,https://openalex.org/W2029372057,https://doi.org/10.1001/archopht.1990.01070060026010
1360,https://openalex.org/W2042702765,https://doi.org/10.3399/bjgp09x394770
1361,https://openalex.org/W4403685315,https://doi.org/10.31399/asm.cp.istfa2024p0205
1362,https://openalex.org/W3094610458,https://doi.org/10.1128/aac.01734-20
1363,https://openalex.org/W4319844624,https://doi.org/10.1017/bca.2022.21
1364,https://openalex.org/W2123175289,https://doi.org/10.1109/cvpr.2008.4587569
1365,https://openalex.org/W2985514656,
1366,https://openalex.org/W2605188255,https://doi.org/10.1016/j.neo.2017.02.011
1367,https://openalex.org/W1956100295,https://doi.org/10.5038/1936-4660.8.2.4
1368,https://openalex.org/W2402626960,
1369,https://openalex.org/W2036504667,https://doi.org/10.1145/1653771.1653814
1370,https://openalex.org/W2076157508,https://doi.org/10.1089/hum.2006.127
1371,https://openalex.org/W2034012597,https://doi.org/10.1300/j075v17n01_04
1372,https://openalex.org/W1520116220,https://doi.org/10.25267/pragmalinguistica.1997.i5.16
1373,https://openalex.org/W2211557565,https://doi.org/10.1103/physrevc.55.1255
1374,https://openalex.org/W2042453253,https://doi.org/10.1088/0953-8984/23/45/455801
1375,https://openalex.org/W1987123790,https://doi.org/10.1108/jcom-01-2013-0007
1376,https://openalex.org/W2809791013,https://doi.org/10.18063/ijps.v4i1.412
1377,https://openalex.org/W3175187882,https://doi.org/10.7717/peerj.11667
1378,https://openalex.org/W2792635764,
1379,https://openalex.org/W2006330046,https://doi.org/10.1029/jd090id06p10607
1380,https://openalex.org/W2460515638,https://doi.org/10.1177/0309324716655661
1381,https://openalex.org/W2942093556,https://doi.org/10.1016/j.promfg.2019.02.015
1382,https://openalex.org/W2064998146,https://doi.org/10.4103/0331-3131.141028
1383,https://openalex.org/W2013416004,https://doi.org/10.1021/la036400s
1384,https://openalex.org/W2085448009,https://doi.org/10.1021/la1015912
1385,https://openalex.org/W2114408897,https://doi.org/10.1109/tvt.2003.819615
1386,https://openalex.org/W1964761633,https://doi.org/10.1080/14690760903396351
1387,https://openalex.org/W4281626954,https://doi.org/10.1093/qjmed/hcac143
1388,https://openalex.org/W4398248335,https://doi.org/10.1519/jsc.0000000000004752
1389,https://openalex.org/W1994996658,https://doi.org/10.1021/bc00031a012
1390,https://openalex.org/W1964921776,https://doi.org/10.2754/avb199362suppl60043
1391,https://openalex.org/W2169792680,https://doi.org/10.1161/01.cir.78.2.382
1392,https://openalex.org/W2477260128,
1393,https://openalex.org/W3111485599,https://doi.org/10.1039/d0cp04178e
1394,https://openalex.org/W2116616302,
1395,https://openalex.org/W3104578944,https://doi.org/10.48550/arxiv.gr-qc/0404021
1396,https://openalex.org/W2104868325,https://doi.org/10.2514/1.13591
1397,https://openalex.org/W2053374882,https://doi.org/10.3189/002214311796406121
1398,https://openalex.org/W2896019425,https://doi.org/10.30757/alea.v16-27
1399,https://openalex.org/W3127895922,https://doi.org/10.1063/5.0036367
1400,https://openalex.org/W2004901908,https://doi.org/10.2478/v10026-007-0096-6
1401,https://openalex.org/W4361214264,https://doi.org/10.1021/acsestwater.3c00050
1402,https://openalex.org/W1999754245,https://doi.org/10.1111/j.1365-2133.1979.tb05549.x
1403,https://openalex.org/W2003922082,https://doi.org/10.1088/0305-4470/20/12/021
1404,https://openalex.org/W4405247499,https://doi.org/10.55214/25768484.v8i6.3605
1405,https://openalex.org/W2790662460,https://doi.org/10.1093/tbm/ibx017
1406,https://openalex.org/W4361758906,https://doi.org/10.18799/24056529/2017/3/135
1407,https://openalex.org/W4241028491,https://doi.org/10.1080/02699050121088
1408,https://openalex.org/W2121996197,https://doi.org/10.1002/anie.200806219
1409,https://openalex.org/W4410564598,https://doi.org/10.1007/s00405-025-09466-x
1410,https://openalex.org/W2374118840,
1411,https://openalex.org/W1485501733,https://doi.org/10.1097/01.smj.0000051059.23259.56
1412,https://openalex.org/W2009432356,https://doi.org/10.1287/inte.18.3.62
1413,https://openalex.org/W2399307901,
1414,https://openalex.org/W2096480833,https://doi.org/10.1542/peds.2010-0059
1415,https://openalex.org/W2100652435,https://doi.org/10.1109/hicss.2000.927014
1416,https://openalex.org/W4221121639,https://doi.org/10.1101/2022.03.17.484808
1417,https://openalex.org/W2318641922,https://doi.org/10.1093/jcs/29.2.209
1418,https://openalex.org/W2338785967,https://doi.org/10.1056/nejm197504102921504
1419,https://openalex.org/W2159029994,https://doi.org/10.1109/nas.2008.7
1420,https://openalex.org/W2092204409,https://doi.org/10.1371/journal.pone.0051694
1421,https://openalex.org/W2921337537,
1422,https://openalex.org/W1983365745,https://doi.org/10.1163/146481710792710282
1423,https://openalex.org/W4205202436,https://doi.org/10.1371/journal.pone.0250188
1424,https://openalex.org/W2241365358,https://doi.org/10.1080/14620316.2000.11511231
1425,https://openalex.org/W2062632252,https://doi.org/10.1002/(sici)1096-8644(200002)111:2<185::aid-ajpa5>3.0.co;2-4
1426,https://openalex.org/W2096924226,https://doi.org/10.5120/15471-4192
1427,https://openalex.org/W1799230005,https://doi.org/10.1128/jb.163.3.1279-1281.1985
1428,https://openalex.org/W2077397727,https://doi.org/10.1115/1.2805958
1429,https://openalex.org/W2352230934,
1430,https://openalex.org/W1965777432,https://doi.org/10.1109/tia.1974.349144
1431,https://openalex.org/W4288706372,https://doi.org/10.36227/techrxiv.20126813.v2
1432,https://openalex.org/W1997808092,https://doi.org/10.1080/030044397012901011
1433,https://openalex.org/W1965329344,https://doi.org/10.1119/1.1934002
1434,https://openalex.org/W2292564594,https://doi.org/10.3344/kjp.2016.29.1.48
1435,https://openalex.org/W1973324893,https://doi.org/10.1002/pssb.2220690120
1436,https://openalex.org/W4361029617,https://doi.org/10.11591/ijphs.v12i2.22206
1437,https://openalex.org/W2080904303,https://doi.org/10.1143/jjap.30.2709
1438,https://openalex.org/W2243613148,https://doi.org/10.4028/www.scientific.net/ssp.244.146
1439,https://openalex.org/W2060502089,https://doi.org/10.1111/j.1439-0310.1994.tb01037.x
1440,https://openalex.org/W1988211810,https://doi.org/10.1097/00005131-199105020-00011
1441,https://openalex.org/W2319742117,https://doi.org/10.2307/3507406
1442,https://openalex.org/W2759253428,https://doi.org/10.1145/3127497
1443,https://openalex.org/W2436640173,https://doi.org/10.1002/etc.3428
1444,https://openalex.org/W4391433242,https://doi.org/10.1016/j.jag.2024.103698
1445,https://openalex.org/W2069731463,https://doi.org/10.1136/hrt.2003.015149
1446,https://openalex.org/W2981025032,https://doi.org/10.1200/jco.2019.37.27_suppl.268
1447,https://openalex.org/W2065934163,https://doi.org/10.1163/092764411x570860
1448,https://openalex.org/W3196172602,https://doi.org/10.32840/2522-4263/2021-3-23
1449,https://openalex.org/W2137596474,https://doi.org/10.1117/1.1447229
1450,https://openalex.org/W329150212,
1451,https://openalex.org/W2949551701,https://doi.org/10.1088/0264-9381/29/12/124010
1452,https://openalex.org/W2894573181,https://doi.org/10.1061/(asce)gt.1943-5606.0001968
1453,https://openalex.org/W1986162845,https://doi.org/10.1002/adma.201300875
1454,https://openalex.org/W2070749508,https://doi.org/10.1080/00405009208631171
1455,https://openalex.org/W2240492564,
1456,https://openalex.org/W2388819691,
1457,https://openalex.org/W2106572614,https://doi.org/10.1109/tmtt.1973.1128130
1458,https://openalex.org/W2019916799,https://doi.org/10.1109/aps.2004.1329624
1459,https://openalex.org/W2144482162,https://doi.org/10.1002/bs.3830290103
1460,https://openalex.org/W2137701517,https://doi.org/10.2174/1874437001105010039
1461,https://openalex.org/W4409590187,https://doi.org/10.1007/s12672-025-02307-7
1462,https://openalex.org/W4390566440,https://doi.org/10.1002/j.1536-4801.2004.tb12289.x
1463,https://openalex.org/W2034286750,https://doi.org/10.1094/cc-83-0636
1464,https://openalex.org/W2889053007,https://doi.org/10.1039/c8cp04848g
1465,https://openalex.org/W3088781245,https://doi.org/10.48550/arxiv.2009.12417
1466,https://openalex.org/W2747097032,https://doi.org/10.1080/10402659.2017.1344580
1467,https://openalex.org/W38543120,https://doi.org/10.3390/ph17030334
1468,https://openalex.org/W2038814899,https://doi.org/10.5235/14735970.13.1.1
1469,https://openalex.org/W2987988463,https://doi.org/10.1088/1361-665x/ab545e
1470,https://openalex.org/W590881398,https://doi.org/10.1061/tpejan.0000667
1471,https://openalex.org/W2140317342,https://doi.org/10.1056/nejm197004022821401
1472,https://openalex.org/W2781933637,https://doi.org/10.4000/lerhistoria.2912
1473,https://openalex.org/W2024448262,https://doi.org/10.1039/p19720002100
1474,https://openalex.org/W2045010183,https://doi.org/10.1080/10610270701242372
1475,https://openalex.org/W2027321853,https://doi.org/10.1080/03602559.2011.557818
1476,https://openalex.org/W1996502311,https://doi.org/10.1136/bmj.39141.534190.80
1477,https://openalex.org/W4230010277,https://doi.org/10.1097/01.ogx.0000423191.25747.7e
1478,https://openalex.org/W4294647363,https://doi.org/10.1016/j.catcom.2022.106503
1479,https://openalex.org/W186401979,https://doi.org/10.1177/1037969x1203700406
1480,https://openalex.org/W2794514516,https://doi.org/10.1088/1674-4926/39/4/044002
1481,https://openalex.org/W2891229592,https://doi.org/10.1039/c8ob01772g
1482,https://openalex.org/W2036459813,https://doi.org/10.1111/j.1572-0241.2007.01069.x
1483,https://openalex.org/W3088358715,https://doi.org/10.1145/3402942.3409607
1484,https://openalex.org/W1976301676,https://doi.org/10.1088/0967-3334/29/4/003
1485,https://openalex.org/W2811076589,https://doi.org/10.3390/ani8070102
1486,https://openalex.org/W3010262422,https://doi.org/10.3390/agronomy10030342
1487,https://openalex.org/W1943609296,https://doi.org/10.1128/iai.17.2.447-457.1977
1488,https://openalex.org/W4390344069,https://doi.org/10.24925/turjaf.v11i12.2308-2313.6273
1489,https://openalex.org/W2005307245,https://doi.org/10.1088/0957-0233/20/11/115301
1490,https://openalex.org/W1905369436,https://doi.org/10.1109/icc.2002.997466
1491,https://openalex.org/W1981175634,https://doi.org/10.1086/175806
1492,https://openalex.org/W4385829283,https://doi.org/10.1021/acs.jpcc.3c03931
1493,https://openalex.org/W2621535634,
1494,https://openalex.org/W2138852428,https://doi.org/10.1084/jem.194.1.79
1495,https://openalex.org/W4379535317,https://doi.org/10.3389/fpls.2023.1165156
1496,https://openalex.org/W4389613527,https://doi.org/10.3390/batteries9120587
1497,https://openalex.org/W46391292,
1498,https://openalex.org/W2275699041,https://doi.org/10.19030/jabr.v10i1.5969
1499,https://openalex.org/W2380380178,
1500,https://openalex.org/W2889018109,https://doi.org/10.3389/fimmu.2018.01932
1501,https://openalex.org/W1966723505,https://doi.org/10.4043/2626-ms
1502,https://openalex.org/W157879590,https://doi.org/10.5555/2578048.2578087
1503,https://openalex.org/W2790335553,https://doi.org/10.5455/medscience.2017.06.8737
1504,https://openalex.org/W4399530636,https://doi.org/10.1109/aeees61147.2024.10544661
1505,https://openalex.org/W2148713125,https://doi.org/10.1109/bcaa.1997.574117
1506,https://openalex.org/W2268045557,https://doi.org/10.1200/jco.2001.19.8.2272
1507,https://openalex.org/W4312162404,https://doi.org/10.1007/s11726-022-1351-3
1508,https://openalex.org/W2109947624,https://doi.org/10.1190/1.1437452
1509,https://openalex.org/W2511102329,https://doi.org/10.21863/jshrm/2015.4.1.006
1510,https://openalex.org/W3103868575,https://doi.org/10.1155/2020/8855839
1511,https://openalex.org/W4388971735,https://doi.org/10.1242/jcs.261329
1512,https://openalex.org/W4304184050,https://doi.org/10.1088/1612-202x/ac9596
1513,https://openalex.org/W3007744349,https://doi.org/10.54367/jmb.v10i1.68
1514,https://openalex.org/W2029786205,https://doi.org/10.1175/1520-0450(1992)031<1084:cosria>2.0.co;2
1515,https://openalex.org/W1871256338,
1516,https://openalex.org/W2003897425,https://doi.org/10.1063/1.4791018
1517,https://openalex.org/W2339719484,https://doi.org/10.1117/12.2229062
1518,https://openalex.org/W4405236223,https://doi.org/10.3390/app142411504
1519,https://openalex.org/W2230368839,
1520,https://openalex.org/W2396449993,https://doi.org/10.16995/pn.180
1521,https://openalex.org/W2589878186,https://doi.org/10.16997/wpcc.4
1522,https://openalex.org/W3196523365,https://doi.org/10.1177/00221678211043300
1523,https://openalex.org/W2356006552,
1524,https://openalex.org/W2245107032,https://doi.org/10.7498/aps.61.014213
1525,https://openalex.org/W3196293465,
1526,https://openalex.org/W1694608209,https://doi.org/10.37236/2862
1527,https://openalex.org/W3165821832,https://doi.org/10.1093/eurheartj/suab051
1528,https://openalex.org/W4385352033,https://doi.org/10.29038/eejpl.2023.10.1.koz
1529,https://openalex.org/W4388405612,https://doi.org/10.1109/dsaa60987.2023.10302634
1530,https://openalex.org/W2592869508,https://doi.org/10.1109/globalsip.2016.7906036
1531,https://openalex.org/W2043130811,https://doi.org/10.1097/00003072-200101000-00001
1532,https://openalex.org/W2913644759,
1533,https://openalex.org/W2099890501,https://doi.org/10.1002/pen.760301403
1534,https://openalex.org/W2963359948,https://doi.org/10.4102/hts.v75i4.5297
1535,https://openalex.org/W7074711051,
1536,https://openalex.org/W2523531265,https://doi.org/10.1021/cen-v081n047.p011
1537,https://openalex.org/W2946312248,https://doi.org/10.1017/pan.2018.56
1538,https://openalex.org/W2134290493,https://doi.org/10.1117/12.2308141
1539,https://openalex.org/W2966960917,https://doi.org/10.5324/nordis.v0i26.3268
1540,https://openalex.org/W2073223709,https://doi.org/10.1371/journal.pone.0004310
1541,https://openalex.org/W2172592752,https://doi.org/10.1089/089771503770802871
1542,https://openalex.org/W3132347157,https://doi.org/10.20542/0131-2227-2015-3-95-104
1543,https://openalex.org/W3134292195,https://doi.org/10.3390/biom11030382
1544,https://openalex.org/W2153549134,https://doi.org/10.2174/0929867321666140414103817
1545,https://openalex.org/W2083709898,https://doi.org/10.1063/1.103512
1546,https://openalex.org/W2090182775,https://doi.org/10.1107/s1744309107027273
1547,https://openalex.org/W4295886823,https://doi.org/10.3390/healthcare10091740
1548,https://openalex.org/W1539035729,https://doi.org/10.5336/dentalcase.2014-42756
1549,https://openalex.org/W1986719766,https://doi.org/10.1098/rspb.1974.0060
1550,https://openalex.org/W3000298575,https://doi.org/10.4103/ija.ija_397_19
1551,https://openalex.org/W1592740318,
1552,https://openalex.org/W2096611133,https://doi.org/10.1371/journal.pone.0056200
1553,https://openalex.org/W3199559895,https://doi.org/10.1002/adfm.202106491
1554,https://openalex.org/W2970840311,https://doi.org/10.1109/ptc.2019.8810883
1555,https://openalex.org/W4400748444,https://doi.org/10.1016/j.qsa.2024.100218
1556,https://openalex.org/W2299512415,https://doi.org/10.11646/zootaxa.3085.1.3
1557,https://openalex.org/W2041520155,https://doi.org/10.1177/146879680100100114
1558,https://openalex.org/W2483060964,https://doi.org/10.2166/hydro.2013.003
1559,https://openalex.org/W4391693720,https://doi.org/10.3390/app14041441
1560,https://openalex.org/W2050103860,https://doi.org/10.1001/jama.1946.02870190019005
1561,https://openalex.org/W1994725207,https://doi.org/10.1039/c3cc48914k
1562,https://openalex.org/W2053350407,https://doi.org/10.1107/s090904950904919x
1563,https://openalex.org/W2525071142,https://doi.org/10.1109/aim.2016.7576857
1564,https://openalex.org/W2066796672,https://doi.org/10.1097/00003086-199608000-00032
1565,https://openalex.org/W2974972014,https://doi.org/10.22214/ijraset.2019.5692
1566,https://openalex.org/W2736414683,https://doi.org/10.1021/acs.inorgchem.7b01495
1567,https://openalex.org/W4404914558,https://doi.org/10.1109/access.2024.3509572
1568,https://openalex.org/W2785396224,https://doi.org/10.18848/2154-8560/cgp/v08i04/97-122
1569,https://openalex.org/W1998246473,https://doi.org/10.1021/nn3046192
1570,https://openalex.org/W4379986763,https://doi.org/10.54254/2755-2721/3/20230559
1571,https://openalex.org/W2048040776,https://doi.org/10.1002/elan.201100415
1572,https://openalex.org/W2002011973,https://doi.org/10.1162/jocn.1994.6.4.388
1573,https://openalex.org/W4283080806,https://doi.org/10.1016/j.mehy.2022.110894
1574,https://openalex.org/W1527404380,https://doi.org/10.1109/leos.1996.565296
1575,https://openalex.org/W2103588312,https://doi.org/10.1192/bjp.151.1.122
1576,https://openalex.org/W2022399099,https://doi.org/10.1115/imece2009-11700
1577,https://openalex.org/W2921995607,https://doi.org/10.1080/03610926.2019.1584316
1578,https://openalex.org/W2027922740,https://doi.org/10.15288/jsad.2013.74.71
1579,https://openalex.org/W2156821500,https://doi.org/10.1115/1.2970068
1580,https://openalex.org/W3163966128,https://doi.org/10.1109/lgrs.2021.3079248
1581,https://openalex.org/W2622813378,
1582,https://openalex.org/W1673301110,https://doi.org/10.2223/jped.2205
1583,https://openalex.org/W2123008113,https://doi.org/10.1093/jat/28.4.242
1584,https://openalex.org/W1972502614,https://doi.org/10.1088/0004-637x/704/1/372
1585,https://openalex.org/W2021890761,https://doi.org/10.1139/h05-109
1586,https://openalex.org/W2115195144,https://doi.org/10.1111/j.1365-2966.2005.09706.x
1587,https://openalex.org/W2497180920,https://doi.org/10.2307/1947207
1588,https://openalex.org/W2725518234,https://doi.org/10.15689/ap.2017.1601.08
1589,https://openalex.org/W1567867192,https://doi.org/10.5296/jfs.v3i1.4646
1590,https://openalex.org/W1553187010,
1591,https://openalex.org/W2324980859,https://doi.org/10.1080/01966324.1982.10737084
1592,https://openalex.org/W2160678860,https://doi.org/10.1080/09540250801969014
1593,https://openalex.org/W2022717281,https://doi.org/10.1177/0263276410372236
1594,https://openalex.org/W2020398207,https://doi.org/10.1089/ast.2006.0046
1595,https://openalex.org/W3032490065,https://doi.org/10.3760/cma.j.issn.2095-0160.2013.02.015
1596,https://openalex.org/W2098670012,https://doi.org/10.1109/asic.2002.1158069
1597,https://openalex.org/W2331417415,https://doi.org/10.1093/japr/2.4.385
1598,https://openalex.org/W4362468206,https://doi.org/10.3847/1538-4357/acaddd
1599,https://openalex.org/W2070195069,https://doi.org/10.1210/me.2012-1072
1600,https://openalex.org/W2095234017,https://doi.org/10.1029/2004gl020273
1601,https://openalex.org/W2334884777,https://doi.org/10.1021/ja3103023
1602,https://openalex.org/W1989316501,https://doi.org/10.1134/s0030400x12070247
1603,https://openalex.org/W1968636937,https://doi.org/10.1021/es035032b
1604,https://openalex.org/W1640173597,https://doi.org/10.1063/1.4928883
1605,https://openalex.org/W3107714436,https://doi.org/10.18087/cardio.2020.10.n1170
1606,https://openalex.org/W834462032,https://doi.org/10.1176/ajp.152.9.1365
1607,https://openalex.org/W2071976720,https://doi.org/10.1371/journal.pone.0124020
1608,https://openalex.org/W2559329335,
1609,https://openalex.org/W4220704998,https://doi.org/10.1016/j.paerosci.2021.100798
1610,https://openalex.org/W2997204292,https://doi.org/10.17776/csj.642319
1611,https://openalex.org/W2462928719,https://doi.org/10.1007/s00268-016-3618-7
1612,https://openalex.org/W2003090603,https://doi.org/10.1080/02772241003640697
1613,https://openalex.org/W4367857154,https://doi.org/10.1016/j.memlet.2023.100043
1614,https://openalex.org/W237419543,
1615,https://openalex.org/W2904237858,
1616,https://openalex.org/W2081577798,https://doi.org/10.3168/jds.s0022-0302(04)73531-6
1617,https://openalex.org/W1969684909,https://doi.org/10.1038/sj.jcbfm.9600430
1618,https://openalex.org/W2077964735,https://doi.org/10.1186/1472-6882-14-486
1619,https://openalex.org/W1988997343,https://doi.org/10.5268/iw-4.3.564
1620,https://openalex.org/W2970987685,https://doi.org/10.21873/invivo.11632
1621,https://openalex.org/W4229742597,https://doi.org/10.31219/osf.io/9vky7
1622,https://openalex.org/W2897349098,https://doi.org/10.1017/ice.2018.260
1623,https://openalex.org/W3041603881,https://doi.org/10.3329/cardio.v12i2.47994
1624,https://openalex.org/W2149087190,https://doi.org/10.1088/0022-3727/47/47/475101
1625,https://openalex.org/W4280530145,https://doi.org/10.1002/chem.202200829
1626,https://openalex.org/W2939765667,https://doi.org/10.1109/ecace.2019.8679243
1627,https://openalex.org/W2900656997,https://doi.org/10.13140/rg.2.2.31978.36801
1628,https://openalex.org/W3209380908,https://doi.org/10.51560/ofj.v1.33
1629,https://openalex.org/W2084253690,https://doi.org/10.1080/15216549700204871
1630,https://openalex.org/W2958918493,https://doi.org/10.1021/jacs.9b06453
1631,https://openalex.org/W4410545687,https://doi.org/10.1186/s12876-025-03935-7
1632,https://openalex.org/W2074825745,https://doi.org/10.4182/amt.2014.e38
1633,https://openalex.org/W1966928657,https://doi.org/10.1155/2011/637170
1634,https://openalex.org/W2187166593,
1635,https://openalex.org/W1981948492,https://doi.org/10.1051/jp1:1993188
1636,https://openalex.org/W4313465855,https://doi.org/10.21776/ub.jiae.004.01.6
1637,https://openalex.org/W3139262106,https://doi.org/10.1590/2177-6709.26.1.e2119155.oar
1638,https://openalex.org/W2536811937,
1639,https://openalex.org/W4409916742,https://doi.org/10.1109/access.2025.3565625
1640,https://openalex.org/W2329959264,https://doi.org/10.2174/157339511794474280
1641,https://openalex.org/W2943762876,https://doi.org/10.1039/c9ra02287b
1642,https://openalex.org/W2290749787,
1643,https://openalex.org/W2157228717,https://doi.org/10.1080/00218468108071203
1644,https://openalex.org/W1905347920,https://doi.org/10.5294/dika.2010.19.2.7
1645,https://openalex.org/W3123074824,https://doi.org/10.1111/j.1468-0084.2006.00178.x
1646,https://openalex.org/W2187401419,https://doi.org/10.1193/052414eqs072
1647,https://openalex.org/W1860659552,https://doi.org/10.1177/03635465030310021201
1648,https://openalex.org/W2538214005,https://doi.org/10.1109/iecon.2008.4758325
1649,https://openalex.org/W1508673571,https://doi.org/10.1300/j082v04n03_05
1650,https://openalex.org/W3217644137,https://doi.org/10.1002/anie.201702265
1651,https://openalex.org/W4401858288,https://doi.org/10.3390/ruminants4030028
1652,https://openalex.org/W2008643693,https://doi.org/10.1007/s00167-011-1642-6
1653,https://openalex.org/W2421253446,
1654,https://openalex.org/W2588734280,https://doi.org/10.1080/09593330.2017.1296028
1655,https://openalex.org/W2219485583,https://doi.org/10.4271/770272
1656,https://openalex.org/W2093480892,https://doi.org/10.1021/bi00644a035
1657,https://openalex.org/W2036032183,https://doi.org/10.1088/0034-4885/23/1/302
1658,https://openalex.org/W1963560823,https://doi.org/10.1111/j.1751-1097.1982.tb02595.x
1659,https://openalex.org/W2082597359,https://doi.org/10.1111/j.1365-2311.1982.tb00644.x
1660,https://openalex.org/W3010661176,https://doi.org/10.1088/1755-1315/440/2/022067
1661,https://openalex.org/W2163915300,https://doi.org/10.1152/ajplung.00488.2005
1662,https://openalex.org/W2066540685,https://doi.org/10.1109/icdma.2013.234
1663,https://openalex.org/W3216138001,https://doi.org/10.1080/13467581.2021.2007104
1664,https://openalex.org/W2037889174,https://doi.org/10.1111/j.1939-165x.2009.00187.x
1665,https://openalex.org/W4308640901,https://doi.org/10.1155/2022/7625138
1666,https://openalex.org/W2090043267,https://doi.org/10.1111/j.1741-1130.2007.00132.x
1667,https://openalex.org/W4311378573,https://doi.org/10.3390/s22249770
1668,https://openalex.org/W2029955961,https://doi.org/10.1159/000093661
1669,https://openalex.org/W3136588013,https://doi.org/10.1261/rna.078261.120
1670,https://openalex.org/W3157331463,https://doi.org/10.1016/j.ijmst.2021.04.002
1671,https://openalex.org/W2032708567,https://doi.org/10.1145/2744707
1672,https://openalex.org/W2973229788,https://doi.org/10.1039/c9ob01440c
1673,https://openalex.org/W3135787941,https://doi.org/10.1088/1757-899x/1084/1/012078
1674,https://openalex.org/W2046445017,https://doi.org/10.3997/2214-4609.20131848
1675,https://openalex.org/W2148056869,https://doi.org/10.1165/rcmb.2003-0028oc
1676,https://openalex.org/W2601493545,https://doi.org/10.18260/1-2--9146
1677,https://openalex.org/W3214441025,https://doi.org/10.1021/acsnano.1c06403
1678,https://openalex.org/W1756379361,https://doi.org/10.1111/j.1365-294x.2010.04729.x
1679,https://openalex.org/W3160517203,https://doi.org/10.1590/1678-4324-2021180392
1680,https://openalex.org/W2951525859,https://doi.org/10.14341/omet10113
1681,https://openalex.org/W2007904734,https://doi.org/10.1108/eb002340
1682,https://openalex.org/W4298392640,https://doi.org/10.55362/ije/2022/3710
1683,https://openalex.org/W4323666596,https://doi.org/10.3389/fruro.2023.1132139
1684,https://openalex.org/W6929168705,https://doi.org/10.48550/arxiv.astro-ph/0302217
1685,https://openalex.org/W2884252680,https://doi.org/10.3390/polym10080829
1686,https://openalex.org/W2793616542,https://doi.org/10.5815/ijcnis.2018.02.05
1687,https://openalex.org/W2044247774,https://doi.org/10.1677/joe.0.0960097
1688,https://openalex.org/W3211479402,
1689,https://openalex.org/W140220701,
1690,https://openalex.org/W2002240052,https://doi.org/10.1271/bbb1961.49.3643
1691,https://openalex.org/W4206447407,https://doi.org/10.1002/(sici)1096-8628(19970303)69:1<65::aid-ajmg12>3.3.co;2-a
1692,https://openalex.org/W2963858148,https://doi.org/10.1097/aln.0000000000002870
1693,https://openalex.org/W1969986433,https://doi.org/10.1001/archinte.160.20.3141
1694,https://openalex.org/W2327977772,https://doi.org/10.1021/jo400797t
1695,https://openalex.org/W4236547547,https://doi.org/10.1017/s0012217300044048
1696,https://openalex.org/W2047220791,https://doi.org/10.1021/jp9833247
1697,https://openalex.org/W1943782056,https://doi.org/10.4049/jimmunol.137.5.1599
1698,https://openalex.org/W2131436683,https://doi.org/10.1017/s0960777306003651
1699,https://openalex.org/W2415098295,https://doi.org/10.1055/s-0038-1654890
1700,https://openalex.org/W2811639738,https://doi.org/10.1080/00970050.1985.10615790
1701,https://openalex.org/W2015937861,https://doi.org/10.1080/10496490802353790
1702,https://openalex.org/W2015896408,https://doi.org/10.1088/0959-5309/43/3/306
1703,https://openalex.org/W3038769154,https://doi.org/10.24843/eja.2020.v30.i06.p16
1704,https://openalex.org/W2116833850,https://doi.org/10.1139/t10-093
1705,https://openalex.org/W1973898312,https://doi.org/10.1021/ja01508a009
1706,https://openalex.org/W1972034153,https://doi.org/10.1177/000331970305400512
1707,https://openalex.org/W2996834813,https://doi.org/10.1609/aaai.v34i04.5709
1708,https://openalex.org/W2736100167,https://doi.org/10.1016/s0022-5347(17)68580-x
1709,https://openalex.org/W2123958815,https://doi.org/10.1371/journal.pone.0138559
1710,https://openalex.org/W2472465292,https://doi.org/10.1080/23802359.2016.1176884
1711,https://openalex.org/W2267948169,
1712,https://openalex.org/W2407101933,
1713,https://openalex.org/W2317598168,https://doi.org/10.2524/jtappij.51.140
1714,https://openalex.org/W1489286079,
1715,https://openalex.org/W2038708662,https://doi.org/10.4081/ijas.2007.s2.1199
1716,https://openalex.org/W2057521354,https://doi.org/10.1002/jhet.5570210311
1717,https://openalex.org/W2906732338,https://doi.org/10.3390/jcm8010051
1718,https://openalex.org/W4400790396,https://doi.org/10.59779/jiomnepal.701
1719,https://openalex.org/W2143856710,https://doi.org/10.1162/jocn.2009.21341
1720,https://openalex.org/W4408218795,https://doi.org/10.1007/s10037-025-00231-5
1721,https://openalex.org/W4224488452,https://doi.org/10.25259/jcis_24_2022
1722,https://openalex.org/W3008071035,https://doi.org/10.14529/em190417
1723,https://openalex.org/W2508248171,https://doi.org/10.1109/chicc.2016.7554692
1724,https://openalex.org/W2149283438,https://doi.org/10.1017/s0022278x04230555
1725,https://openalex.org/W2079748176,https://doi.org/10.1097/nrl.0b013e318167b93f
1726,https://openalex.org/W3137497967,https://doi.org/10.4269/ajtmh.20-1497
1727,https://openalex.org/W2058190714,https://doi.org/10.1002/j.2334-5837.1997.tb02244.x
1728,https://openalex.org/W2084642324,https://doi.org/10.4043/5046-ms
1729,https://openalex.org/W2122730491,https://doi.org/10.1136/jech.37.4.279
1730,https://openalex.org/W2120478165,https://doi.org/10.1183/09031936.96.09071445
1731,https://openalex.org/W2096670339,https://doi.org/10.1117/1.jrs.7.073509
1732,https://openalex.org/W4409342504,https://doi.org/10.1002/alz.14604
1733,https://openalex.org/W2979238558,https://doi.org/10.4067/s0718-34292019000200051
1734,https://openalex.org/W2026237395,https://doi.org/10.5194/gmd-8-1919-2015
1735,https://openalex.org/W2100522629,https://doi.org/10.1109/icmla.2010.53
1736,https://openalex.org/W3133881889,https://doi.org/10.1515/crpm-2020-0050
1737,https://openalex.org/W2014592571,https://doi.org/10.1080/08934037.1942.10381297
1738,https://openalex.org/W2320842047,https://doi.org/10.1071/ch9682703
1739,https://openalex.org/W2092450239,https://doi.org/10.1103/physrev.141.336
1740,https://openalex.org/W1992684269,https://doi.org/10.3327/jnst.14.308
1741,https://openalex.org/W3010281092,https://doi.org/10.5935/1676-2444.20200017
1742,https://openalex.org/W2587021088,https://doi.org/10.1002/cben.201600031
1743,https://openalex.org/W3217774644,https://doi.org/10.3847/1538-4357/ac214b
1744,https://openalex.org/W2961448915,https://doi.org/10.3233/jifs-182910
1745,https://openalex.org/W3162425178,https://doi.org/10.1002/ecs2.3512
1746,https://openalex.org/W2567431781,https://doi.org/10.1371/journal.pone.0167793
1747,https://openalex.org/W2309866504,
1748,https://openalex.org/W3162174341,https://doi.org/10.3390/pr9050845
1749,https://openalex.org/W2546590150,https://doi.org/10.3923/jest.2015.310.319
1750,https://openalex.org/W2079654034,https://doi.org/10.1136/bmj.314.7083.809
1751,https://openalex.org/W745159787,
1752,https://openalex.org/W2954063559,https://doi.org/10.1109/synasc.2018.00067
1753,https://openalex.org/W2358754897,
1754,https://openalex.org/W2803741747,https://doi.org/10.4236/wjet.2018.62022
1755,https://openalex.org/W2090240827,https://doi.org/10.1111/let.12020
1756,https://openalex.org/W1964326021,https://doi.org/10.1136/bmj.315.7101.139
1757,https://openalex.org/W3089569233,https://doi.org/10.21769/bioprotoc.3769
1758,https://openalex.org/W2727377640,https://doi.org/10.4236/jbise.2017.106025
1759,https://openalex.org/W2134027946,https://doi.org/10.1084/jem.48.2.225
1760,https://openalex.org/W2966246499,https://doi.org/10.1002/jmv.25553
1761,https://openalex.org/W4395114000,https://doi.org/10.1016/j.envint.2024.108688
1762,https://openalex.org/W2137215602,https://doi.org/10.1001/jama.1968.03140080009003
1763,https://openalex.org/W3008564614,https://doi.org/10.26701/ems.632173
1764,https://openalex.org/W4308587144,https://doi.org/10.1080/09540962.2022.2131290
1765,https://openalex.org/W1975395689,https://doi.org/10.1097/wnf.0b013e318220d8c6
1766,https://openalex.org/W2273288572,
1767,https://openalex.org/W4225327466,https://doi.org/10.3390/cryst12040499
1768,https://openalex.org/W2158485455,https://doi.org/10.7554/elife.06562
1769,https://openalex.org/W2440293497,
1770,https://openalex.org/W4412040660,https://doi.org/10.1080/21645515.2025.2517488
1771,https://openalex.org/W4324334057,https://doi.org/10.1016/j.jssas.2023.03.005
1772,https://openalex.org/W2522464121,https://doi.org/10.1016/j.rpor.2016.08.001
1773,https://openalex.org/W2919975364,https://doi.org/10.1109/cspis.2018.8642726
1774,https://openalex.org/W2917763325,https://doi.org/10.5050/ksnve.2019.29.1.075
1775,https://openalex.org/W2050244298,https://doi.org/10.1186/bf03352200
1776,https://openalex.org/W2900117361,https://doi.org/10.1109/tvt.2018.2879413
1777,https://openalex.org/W2536589680,https://doi.org/10.9790/0853-1510030104
1778,https://openalex.org/W2466873807,https://doi.org/10.4028/www.scientific.net/aef.17.31
1779,https://openalex.org/W2739956123,https://doi.org/10.13110/criticism.58.2.0231
1780,https://openalex.org/W7000495129,
1781,https://openalex.org/W2275380558,https://doi.org/10.15356/0435-4281-2011-2-85-90
1782,https://openalex.org/W3120756248,
1783,https://openalex.org/W3035377873,https://doi.org/10.53841/bpsqmip.2020.1.29.22
1784,https://openalex.org/W4297504250,https://doi.org/10.3390/sports10100145
1785,https://openalex.org/W4394756661,https://doi.org/10.4028/p-wbbj9g
1786,https://openalex.org/W2021555471,https://doi.org/10.1111/j.1651-2227.1988.tb10863.x
1787,https://openalex.org/W2070904517,https://doi.org/10.2118/55050-pa
1788,https://openalex.org/W4407667896,https://doi.org/10.1002/brb3.70328
1789,https://openalex.org/W2902600242,https://doi.org/10.4028/www.scientific.net/df.20.124
1790,https://openalex.org/W2596540254,
1791,https://openalex.org/W2169886347,https://doi.org/10.1109/tasl.2010.2072500
1792,https://openalex.org/W4390339518,https://doi.org/10.3390/v16010049
1793,https://openalex.org/W4402423389,https://doi.org/10.1080/17425255.2024.2401603
1794,https://openalex.org/W2169255399,https://doi.org/10.1074/jbc.m109.049858
1795,https://openalex.org/W2321223977,https://doi.org/10.1097/sap.0b013e3182503af4
1796,https://openalex.org/W131685220,
1797,https://openalex.org/W2506862161,
1798,https://openalex.org/W1608239929,https://doi.org/10.4049/jimmunol.150.7.2981
1799,https://openalex.org/W4285553352,https://doi.org/10.7832/49-0-428
1800,https://openalex.org/W2315394998,
1801,https://openalex.org/W2042083211,https://doi.org/10.1111/j.1469-7998.1968.tb01680.x
1802,https://openalex.org/W2600166039,https://doi.org/10.1016/j.promfg.2017.02.083
1803,https://openalex.org/W1968869856,https://doi.org/10.1111/j.0006-341x.2001.00972.x
1804,https://openalex.org/W2953513399,https://doi.org/10.1161/jaha.119.012995
1805,https://openalex.org/W2608593787,
1806,https://openalex.org/W1500731693,
1807,https://openalex.org/W2158687962,https://doi.org/10.1016/j.jcrs.2005.03.064
1808,https://openalex.org/W1954041338,https://doi.org/10.4037/ccn1986.6.3.50
1809,https://openalex.org/W7074206296,
1810,https://openalex.org/W2058947613,https://doi.org/10.1109/jrproc.1954.274794
1811,https://openalex.org/W3112241070,https://doi.org/10.3390/s20247173
1812,https://openalex.org/W1861137128,https://doi.org/10.4049/jimmunol.1004012
1813,https://openalex.org/W4401593992,https://doi.org/10.3389/fpls.2024.1440859
1814,https://openalex.org/W2902381568,https://doi.org/10.1017/ice.2018.310
1815,https://openalex.org/W2901326760,https://doi.org/10.14232/analecta.2018.1.30-38
1816,https://openalex.org/W2119211864,https://doi.org/10.2174/15672050113106660179
1817,https://openalex.org/W1513145636,https://doi.org/10.13182/fst00-a142
1818,https://openalex.org/W1590805426,https://doi.org/10.1109/arftgf.2003.1459745
1819,https://openalex.org/W2061534124,https://doi.org/10.1001/archpedi.1971.02110040146018
1820,https://openalex.org/W2400949553,https://doi.org/10.1016/s0022-5347(17)50366-3
1821,https://openalex.org/W2186660763,
1822,https://openalex.org/W2605597681,https://doi.org/10.2320/jinstmet1952.17.2_96
1823,https://openalex.org/W1583209742,https://doi.org/10.1111/vec.12254
1824,https://openalex.org/W1601403724,
1825,https://openalex.org/W1990358345,https://doi.org/10.1109/ukci.2014.6930153
1826,https://openalex.org/W3217729678,https://doi.org/10.13679/j.advps.2021.0047
1827,https://openalex.org/W4400364330,https://doi.org/10.1089/tmr.2024.0023
1828,https://openalex.org/W2765435725,https://doi.org/10.17706/ijcee.2017.9.2.484-491
1829,https://openalex.org/W1970193736,https://doi.org/10.1121/1.2754063
1830,https://openalex.org/W3163280387,https://doi.org/10.1088/1742-6596/1885/2/022053
1831,https://openalex.org/W2075540297,https://doi.org/10.1086/148732
1832,https://openalex.org/W2739267344,https://doi.org/10.12732/ijpam.v115i2.1
1833,https://openalex.org/W1998912874,https://doi.org/10.4028/www.scientific.net/amr.112.19
1834,https://openalex.org/W2594233416,https://doi.org/10.1182/blood.v112.11.185.185
1835,https://openalex.org/W4408998016,https://doi.org/10.1038/s41377-025-01820-2
1836,https://openalex.org/W2025371757,https://doi.org/10.1002/crq.3890180207
1837,https://openalex.org/W1807268812,https://doi.org/10.1111/j.1365-2699.2009.02195.x
1838,https://openalex.org/W2152944405,https://doi.org/10.1109/robot.1988.12033
1839,https://openalex.org/W2576002596,https://doi.org/10.1093/ejcts/ezw363
1840,https://openalex.org/W2072876625,https://doi.org/10.1074/jbc.m111.236687
1841,https://openalex.org/W815723072,https://doi.org/10.1163/15700720-12341209
1842,https://openalex.org/W4319063156,https://doi.org/10.1371/journal.pone.0278104
1843,https://openalex.org/W4230163699,https://doi.org/10.1897/1551-5028(1996)015<0466:iocaci>2.3.co;2
1844,https://openalex.org/W2065728220,https://doi.org/10.1136/bmj.321.7266.963
1845,https://openalex.org/W3089485393,https://doi.org/10.1109/icra40945.2020.9196559
1846,https://openalex.org/W2300254304,
1847,https://openalex.org/W2056532765,https://doi.org/10.1136/bmj.330.7502.1229-b
1848,https://openalex.org/W4381196366,https://doi.org/10.56827/seajmms.2023.1901.33
1849,https://openalex.org/W2019666491,https://doi.org/10.12989/sem.2014.50.3.257
1850,https://openalex.org/W2082526324,https://doi.org/10.1063/1.527913
1851,https://openalex.org/W2043211185,https://doi.org/10.1103/physrevc.5.626
1852,https://openalex.org/W2319990772,https://doi.org/10.1097/01.mlr.0000053440.18761.f0
1853,https://openalex.org/W2749788821,https://doi.org/10.1088/1361-6560/aa875e
1854,https://openalex.org/W2435164595,
1855,https://openalex.org/W2010732394,https://doi.org/10.1061/(asce)0899-1561(1996)8:2(77)
1856,https://openalex.org/W2326468309,https://doi.org/10.1386/jac.4.2.145_1
1857,https://openalex.org/W3145967956,https://doi.org/10.2307/3606727
1858,https://openalex.org/W1990912026,https://doi.org/10.1097/00006534-197710000-00006
1859,https://openalex.org/W2996855667,https://doi.org/10.1016/s2214-109x(19)30495-4
1860,https://openalex.org/W4312224782,https://doi.org/10.1103/physrevlett.129.275501
1861,https://openalex.org/W1570220621,
1862,https://openalex.org/W4315703385,https://doi.org/10.2196/40017
1863,https://openalex.org/W2062608816,https://doi.org/10.1073/pnas.80.14.4354
1864,https://openalex.org/W1503622742,https://doi.org/10.1128/am.18.3.511-512.1969
1865,https://openalex.org/W1977511523,https://doi.org/10.1507/endocrj.43.291
1866,https://openalex.org/W2054556165,https://doi.org/10.1136/bmj.314.7094.1588
1867,https://openalex.org/W622867577,
1868,https://openalex.org/W2884981120,https://doi.org/10.3389/fimmu.2018.01678
1869,https://openalex.org/W3161280960,https://doi.org/10.1063/5.0038912
1870,https://openalex.org/W2747411965,https://doi.org/10.21136/am.1995.134277
1871,https://openalex.org/W2487889295,https://doi.org/10.1109/mmm.2016.2580322
1872,https://openalex.org/W2165274323,https://doi.org/10.3168/jds.s0022-0302(05)72708-9
1873,https://openalex.org/W4223505033,https://doi.org/10.1080/17565529.2022.2051418
1874,https://openalex.org/W2468310276,https://doi.org/10.1177/1932296816658746
1875,https://openalex.org/W4393242600,https://doi.org/10.24200/jonus.vol8iss3pp209-234
1876,https://openalex.org/W2031595944,https://doi.org/10.1139/b92-087
1877,https://openalex.org/W4393007064,https://doi.org/10.1108/cr-03-2023-0069
1878,https://openalex.org/W2978191534,https://doi.org/10.14309/00000434-200809001-00654
1879,https://openalex.org/W1964406563,https://doi.org/10.2140/agt.2014.14.1745
1880,https://openalex.org/W98534450,
1881,https://openalex.org/W2006092011,https://doi.org/10.1088/0268-1242/19/4/126
1882,https://openalex.org/W4377967930,https://doi.org/10.1145/3560469
1883,https://openalex.org/W1987431581,https://doi.org/10.2174/1568009033481949
1884,https://openalex.org/W4391994543,https://doi.org/10.1097/bot.0000000000002755
1885,https://openalex.org/W2743535163,https://doi.org/10.1109/iemdc.2017.8001996
1886,https://openalex.org/W22011852,
1887,https://openalex.org/W1966554200,https://doi.org/10.1111/j.2044-8279.1966.tb01836.x
1888,https://openalex.org/W1517752879,
1889,https://openalex.org/W4389783898,https://doi.org/10.3390/economies11120301
1890,https://openalex.org/W2162322285,https://doi.org/10.1029/gl001i001p00013
1891,https://openalex.org/W2736664595,https://doi.org/10.2791/45027
1892,https://openalex.org/W2897309008,https://doi.org/10.1108/ajim-05-2018-0108
1893,https://openalex.org/W2643647219,https://doi.org/10.1007/s10021-017-0163-7
1894,https://openalex.org/W2150760091,https://doi.org/10.5194/jsss-4-77-2015
1895,https://openalex.org/W1585956020,https://doi.org/10.1300/j047v19n04_04
1896,https://openalex.org/W2517698555,https://doi.org/10.4329/wjr.v8.i8.735
1897,https://openalex.org/W1032169820,https://doi.org/10.2109/jcersj2.123.517
1898,https://openalex.org/W2334296334,https://doi.org/10.1248/cpb.24.1459
1899,https://openalex.org/W1993523095,https://doi.org/10.1088/0022-3727/3/4/327
1900,https://openalex.org/W3127051346,https://doi.org/10.3390/iecps2020-08724
1901,https://openalex.org/W3192609868,https://doi.org/10.3171/2020.12.spine201735
1902,https://openalex.org/W1883604343,https://doi.org/10.1002/0471142700.nc1011s26
1903,https://openalex.org/W2562750088,https://doi.org/10.1103/physrevb.92.184405
1904,https://openalex.org/W2999661231,https://doi.org/10.1021/acs.jpcb.9b09342
1905,https://openalex.org/W2300962088,https://doi.org/10.17638/02037906
1906,https://openalex.org/W2548535001,https://doi.org/10.1109/pedes.2012.6484330
1907,https://openalex.org/W4412124332,https://doi.org/10.1371/journal.pone.0326965
1908,https://openalex.org/W2533897212,https://doi.org/10.1177/1369433216670664
1909,https://openalex.org/W26303551,https://doi.org/10.1016/s2215-0366(15)00285-0
1910,https://openalex.org/W6963027504,https://doi.org/10.17863/cam.45314
1911,https://openalex.org/W2035387806,https://doi.org/10.5802/jedp.70
1912,https://openalex.org/W1975136717,https://doi.org/10.1109/tpel.2004.839824
1913,https://openalex.org/W2093632621,https://doi.org/10.1139/m81-138
1914,https://openalex.org/W2950608487,https://doi.org/10.1002/chin.199432307
1915,https://openalex.org/W3119888378,https://doi.org/10.1089/tmr.2020.0012
1916,https://openalex.org/W3214227395,https://doi.org/10.1016/j.ecolind.2021.108359
1917,https://openalex.org/W2025318586,https://doi.org/10.1088/1751-8113/40/10/021
1918,https://openalex.org/W3030495765,https://doi.org/10.24036/geografi/vol8-iss2/845
1919,https://openalex.org/W3111997330,https://doi.org/10.1519/jsc.0000000000003864
1920,https://openalex.org/W2002091252,https://doi.org/10.4028/www.scientific.net/amr.997.843
1921,https://openalex.org/W2022323230,https://doi.org/10.2307/1928711
1922,https://openalex.org/W1572941253,https://doi.org/10.1046/j.1525-1314.2003.00474.x
1923,https://openalex.org/W3128800335,https://doi.org/10.1080/15424065.2021.1875944
1924,https://openalex.org/W2724999917,https://doi.org/10.1080/2162402x.2017.1343775
1925,https://openalex.org/W4402491349,https://doi.org/10.4314/jagrenv.v20i1.23
1926,https://openalex.org/W4401277007,https://doi.org/10.47191/ijcsrr/v7-i8-01
1927,https://openalex.org/W3121817536,
1928,https://openalex.org/W1974743003,https://doi.org/10.1063/1.3481027
1929,https://openalex.org/W1985914995,https://doi.org/10.1097/00005053-198004000-00009
1930,https://openalex.org/W2971705142,https://doi.org/10.18633/biotecnia.v21i3.1047
1931,https://openalex.org/W4407116886,https://doi.org/10.55606/jubima.v2i4.3450
1932,https://openalex.org/W4231444395,https://doi.org/10.2523/24969-ms
1933,https://openalex.org/W2143235174,
1934,https://openalex.org/W4238775562,https://doi.org/10.1021/ac60207a704
1935,https://openalex.org/W2164481778,https://doi.org/10.1371/journal.pone.0079490
1936,https://openalex.org/W1612077591,https://doi.org/10.3168/jds.2015-9828
1937,https://openalex.org/W2144670446,https://doi.org/10.1177/002221949002300403
1938,https://openalex.org/W2115708110,https://doi.org/10.1109/icpst.2002.1067852
1939,https://openalex.org/W3132797226,https://doi.org/10.1080/09640568.2021.1876000
1940,https://openalex.org/W3123268316,https://doi.org/10.3390/jcm10020364
1941,https://openalex.org/W2520631838,
1942,https://openalex.org/W2142666576,https://doi.org/10.5897/ajbm.9000066
1943,https://openalex.org/W2030808296,https://doi.org/10.1177/2047981614560076
1944,https://openalex.org/W3208716820,https://doi.org/10.14712/1213-7243.2021.023
1945,https://openalex.org/W2335221532,https://doi.org/10.1166/jnn.2011.3552
1946,https://openalex.org/W2122574093,https://doi.org/10.1126/science.1092805
1947,https://openalex.org/W4297193113,https://doi.org/10.1002/advs.202203927
1948,https://openalex.org/W2329475340,https://doi.org/10.1080/00275514.1942.12020927
1949,https://openalex.org/W2011408362,https://doi.org/10.1590/s0101-20612010000300029
1950,https://openalex.org/W2423738363,
1951,https://openalex.org/W3009332560,https://doi.org/10.1177/0145482x8407800403
1952,https://openalex.org/W2006768161,https://doi.org/10.1063/1.443827
1953,https://openalex.org/W2129939701,https://doi.org/10.1093/pcp/pcl040
1954,https://openalex.org/W3011402910,https://doi.org/10.29333/iji.2020.13225a
1955,https://openalex.org/W2169236275,https://doi.org/10.1109/ichve.2008.4773964
1956,https://openalex.org/W3038835228,https://doi.org/10.1097/cm9.0000000000000871
1957,https://openalex.org/W3088299305,https://doi.org/10.1177/0142331220949366
1958,https://openalex.org/W2894772632,https://doi.org/10.23885/1814-3326-2016-12-1-181-214
1959,https://openalex.org/W2127583626,https://doi.org/10.1017/s0954586702000058
1960,https://openalex.org/W1992498691,https://doi.org/10.1063/1.1380400
1961,https://openalex.org/W3116781548,https://doi.org/10.17485/ijst/v13i44.1841
1962,https://openalex.org/W3185090189,https://doi.org/10.1016/j.ceja.2021.100159
1963,https://openalex.org/W2320236264,https://doi.org/10.3181/00379727-91-22201
1964,https://openalex.org/W2412195140,https://doi.org/10.1109/iccsce.2015.7482153
1965,https://openalex.org/W4294123291,https://doi.org/10.1037/pha0000590
1966,https://openalex.org/W2165935693,https://doi.org/10.1152/jn.91360.2008
1967,https://openalex.org/W4321792914,https://doi.org/10.1016/j.nhres.2023.02.005
1968,https://openalex.org/W2015683060,https://doi.org/10.4088/jcp.v69n1219a
1969,https://openalex.org/W2129241285,https://doi.org/10.1093/jat/28.6.443
1970,https://openalex.org/W2049238344,https://doi.org/10.1080/09512748.2015.1013494
1971,https://openalex.org/W2726678465,https://doi.org/10.1515/nanoph-2017-0039
1972,https://openalex.org/W2016517829,https://doi.org/10.1021/ol034555l
1973,https://openalex.org/W2082617723,https://doi.org/10.1080/02642060500092063
1974,https://openalex.org/W2034119616,https://doi.org/10.1136/vr.110.1.7
1975,https://openalex.org/W2150525080,https://doi.org/10.1121/1.423880
1976,https://openalex.org/W2888236706,https://doi.org/10.1515/dx-2018-0010
1977,https://openalex.org/W4238926616,https://doi.org/10.1210/me.15.5.704
1978,https://openalex.org/W3024478716,
1979,https://openalex.org/W2333266348,https://doi.org/10.2307/487933
1980,https://openalex.org/W2076761979,https://doi.org/10.1017/s0008938900022469
1981,https://openalex.org/W4391095666,https://doi.org/10.11646/zootaxa.5403.4.5
1982,https://openalex.org/W4322615864,https://doi.org/10.1093/braincomms/fcad038
1983,https://openalex.org/W4408776121,https://doi.org/10.26486/jpsb.v12i2.4235
1984,https://openalex.org/W4224306072,https://doi.org/10.3749/canmin.2100016
1985,https://openalex.org/W1998224639,https://doi.org/10.1046/j.1365-2273.2003.00697.x
1986,https://openalex.org/W4323663955,https://doi.org/10.1051/0004-6361/202245662
1987,https://openalex.org/W2074037225,https://doi.org/10.1111/j.1600-0722.1992.tb01721.x
1988,https://openalex.org/W2074758946,https://doi.org/10.1021/jp004178j
1989,https://openalex.org/W2114663182,https://doi.org/10.1364/josab.24.001603
1990,https://openalex.org/W2582478181,https://doi.org/10.1177/0725513616689397
1991,https://openalex.org/W2009062502,https://doi.org/10.1111/j.1399-3038.2008.00733.x
1992,https://openalex.org/W2899172238,https://doi.org/10.5539/ijef.v10n11p70
1993,https://openalex.org/W2122033309,https://doi.org/10.1287/orsc.1110.0701
1994,https://openalex.org/W4282961752,https://doi.org/10.5098/hmt.18.34
1995,https://openalex.org/W3196594846,https://doi.org/10.35940/ijeat.a1789.1010120
1996,https://openalex.org/W2132766756,https://doi.org/10.1109/pacrim.2007.4313282
1997,https://openalex.org/W4304815933,https://doi.org/10.1109/acit54803.2022.9913191
1998,https://openalex.org/W4239788964,https://doi.org/10.2307/2047949
1999,https://openalex.org/W1975571652,https://doi.org/10.1002/jcp.1041390207
2000,https://openalex.org/W2950158361,https://doi.org/10.1002/chin.201529326
2001,https://openalex.org/W4394753058,https://doi.org/10.31857/s0002188123050071
2002,https://openalex.org/W187775234,
2003,https://openalex.org/W4206811879,https://doi.org/10.11361/journalcpij.54.276
2004,https://openalex.org/W4410301829,https://doi.org/10.2196/68054
2005,https://openalex.org/W1983637387,https://doi.org/10.1007/bf02690030
2006,https://openalex.org/W2118801347,https://doi.org/10.1002/jbm.a.30669
2007,https://openalex.org/W2389592833,
2008,https://openalex.org/W4309012924,https://doi.org/10.3390/s22228757
2009,https://openalex.org/W2052904453,https://doi.org/10.1143/jjap.42.l1469
2010,https://openalex.org/W2019603895,https://doi.org/10.1093/carcin/4.1.49
2011,https://openalex.org/W324372680,
2012,https://openalex.org/W2809864211,
2013,https://openalex.org/W4232667520,https://doi.org/10.1016/j.jamcollsurg.2019.08.857
2014,https://openalex.org/W2004116709,https://doi.org/10.1098/rspa.2013.0194
2015,https://openalex.org/W2096185559,https://doi.org/10.1063/1.1665882
2016,https://openalex.org/W4407800618,https://doi.org/10.1093/jhps/hnaf004
2017,https://openalex.org/W2745456378,https://doi.org/10.1098/rstb.2016.0290
2018,https://openalex.org/W2159041027,https://doi.org/10.4067/s0717-97072011000400002
2019,https://openalex.org/W2399492502,https://doi.org/10.2352/cic.2008.16.1.art00066
2020,https://openalex.org/W2095154591,https://doi.org/10.1080/01944367708977761
2021,https://openalex.org/W2089702819,https://doi.org/10.1143/jpsj.77.034402
2022,https://openalex.org/W2940693898,https://doi.org/10.1109/iccsp.2019.8698100
2023,https://openalex.org/W2415464324,https://doi.org/10.1002/nem.1932
2024,https://openalex.org/W4287583376,https://doi.org/10.1063/5.0095625
2025,https://openalex.org/W2886750607,
2026,https://openalex.org/W2390534979,
2027,https://openalex.org/W1997875386,https://doi.org/10.1177/1740774510368300
2028,https://openalex.org/W1991733645,https://doi.org/10.1136/gut.2004.048298
2029,https://openalex.org/W2909192819,https://doi.org/10.21577/1984-6835.20180071
2030,https://openalex.org/W2046291545,https://doi.org/10.1111/j.1365-2230.1987.tb01887.x
2031,https://openalex.org/W4293082232,https://doi.org/10.3389/fmars.2022.872631
2032,https://openalex.org/W2353132210,https://doi.org/10.13182/fst02-a22766
2033,https://openalex.org/W2235776073,
2034,https://openalex.org/W2047045095,https://doi.org/10.1139/x01-070
2035,https://openalex.org/W1526954792,https://doi.org/10.1109/ccdc.2015.7162230
2036,https://openalex.org/W4396507052,https://doi.org/10.26434/chemrxiv-2024-hxbfm
2037,https://openalex.org/W2160984952,https://doi.org/10.3109/21691401.2013.800083
2038,https://openalex.org/W1991098454,https://doi.org/10.1021/jp9843353
2039,https://openalex.org/W2069442123,https://doi.org/10.1002/(sici)1097-0215(19990105)80:1<1::aid-ijc1>3.0.co;2-u
2040,https://openalex.org/W2256628628,
2041,https://openalex.org/W3107535636,https://doi.org/10.1080/13183222.2021.1843857
2042,https://openalex.org/W2599759740,https://doi.org/10.1177/1010428317691176
2043,https://openalex.org/W2599234797,https://doi.org/10.3303/cet1543356
2044,https://openalex.org/W2764281603,https://doi.org/10.1155/2017/8986917
2045,https://openalex.org/W4406596570,https://doi.org/10.1093/imanum/drae094
2046,https://openalex.org/W1998337308,https://doi.org/10.2214/ajr.132.5.833
2047,https://openalex.org/W1485478101,https://doi.org/10.1080/15320380802007069
2048,https://openalex.org/W2329606429,https://doi.org/10.4005/jjfs.94.229
2049,https://openalex.org/W2907952720,https://doi.org/10.1088/1757-899x/446/1/012008
2050,https://openalex.org/W2033984836,https://doi.org/10.1246/cl.2004.706
2051,https://openalex.org/W2107218529,https://doi.org/10.1155/1954/84084
2052,https://openalex.org/W2073262542,https://doi.org/10.1001/jama.1986.03380180107028
2053,https://openalex.org/W2605501530,
2054,https://openalex.org/W1485403083,https://doi.org/10.5860/choice.45-5640
2055,https://openalex.org/W2137884292,
2056,https://openalex.org/W2148380845,https://doi.org/10.1109/etfa.2009.5346989
2057,https://openalex.org/W2036213815,https://doi.org/10.1109/irep.2013.6629402
2058,https://openalex.org/W2397295187,
2059,https://openalex.org/W4220859692,https://doi.org/10.3389/fpsyg.2022.817008
2060,https://openalex.org/W2955868404,https://doi.org/10.3390/en12132456
2061,https://openalex.org/W2106986654,https://doi.org/10.2514/3.7595
2062,https://openalex.org/W2145820112,https://doi.org/10.1177/016555158901500204
2063,https://openalex.org/W2096689280,https://doi.org/10.1109/icassp.1978.1170455
2064,https://openalex.org/W2335591609,https://doi.org/10.2307/1485982
2065,https://openalex.org/W1976135734,https://doi.org/10.1002/pros.2990230403
2066,https://openalex.org/W2397613441,https://doi.org/10.1039/c6sc01503d
2067,https://openalex.org/W2164919478,https://doi.org/10.1021/nl8009236
2068,https://openalex.org/W1980399606,https://doi.org/10.3345/kjp.2010.53.7.753
2069,https://openalex.org/W2802466511,https://doi.org/10.1117/12.2303800
2070,https://openalex.org/W1977977740,https://doi.org/10.1177/152808378901800404
2071,https://openalex.org/W4312988143,https://doi.org/10.35315/dakp.v10i2.8879
2072,https://openalex.org/W2238901742,https://doi.org/10.18590/euscorpius.2014.vol2014.iss190.1
2073,https://openalex.org/W3006629274,https://doi.org/10.1109/mnet.001.1900348
2074,https://openalex.org/W2012492475,https://doi.org/10.1039/b502328a
2075,https://openalex.org/W4400769342,https://doi.org/10.3389/fsoc.2024.1412154
2076,https://openalex.org/W2566119726,https://doi.org/10.23917/jep.v17i1.1453
2077,https://openalex.org/W4285159522,https://doi.org/10.4103/mjbl.mjbl_60_22
2078,https://openalex.org/W3216587059,https://doi.org/10.3390/rs13234844
2079,https://openalex.org/W4293199752,https://doi.org/10.3389/fpls.2022.951181
2080,https://openalex.org/W2053037330,https://doi.org/10.1109/icmecg.2010.13
2081,https://openalex.org/W4389733672,https://doi.org/10.22323/1.449.0058
2082,https://openalex.org/W1593344022,https://doi.org/10.4271/2002-01-0927
2083,https://openalex.org/W4312229785,https://doi.org/10.24394/natsom.2008.12.111
2084,https://openalex.org/W3201259251,https://doi.org/10.3892/mmr.2021.12438
2085,https://openalex.org/W1964864643,https://doi.org/10.1103/physrev.135.b724
2086,https://openalex.org/W2316555282,https://doi.org/10.1017/s0043933911000286
2087,https://openalex.org/W2355740202,
2088,https://openalex.org/W2064496402,https://doi.org/10.1142/s0218271803003700
2089,https://openalex.org/W4281690171,https://doi.org/10.1080/15567036.2022.2080890
2090,https://openalex.org/W4254799603,https://doi.org/10.1017/s0021859602252259
2091,https://openalex.org/W4391486115,https://doi.org/10.1021/acs.analchem.3c04299
2092,https://openalex.org/W3161235899,https://doi.org/10.1080/10714839.2021.1923222
2093,https://openalex.org/W616192426,
2094,https://openalex.org/W187816412,https://doi.org/10.1017/s0025727300063821
2095,https://openalex.org/W2114994842,https://doi.org/10.1116/1.581041
2096,https://openalex.org/W2802738321,https://doi.org/10.1136/bmj.326.7402.1286-f
2097,https://openalex.org/W2003238174,https://doi.org/10.1063/1.3617421
2098,https://openalex.org/W4384933505,https://doi.org/10.22207/jpam.17.3.07
2099,https://openalex.org/W2140502946,https://doi.org/10.1016/s0002-9149(97)00374-3
2100,https://openalex.org/W1994872296,https://doi.org/10.1103/physrevc.74.037301
2101,https://openalex.org/W2614374371,
2102,https://openalex.org/W2901975463,https://doi.org/10.14710/dilrev.3.2.2018.165-181
2103,https://openalex.org/W2259883578,
2104,https://openalex.org/W2028023159,https://doi.org/10.2207/qjjws.31.183s
2105,https://openalex.org/W2159947276,https://doi.org/10.1109/tim.2010.2045145
2106,https://openalex.org/W3164103751,https://doi.org/10.32702/2306-6814.2021.9.15
2107,https://openalex.org/W2512252358,https://doi.org/10.1039/c6ra18112k
2108,https://openalex.org/W2332756091,https://doi.org/10.1093/whq/46.4.528
2109,https://openalex.org/W4391878824,https://doi.org/10.1002/cbic.202400023
2110,https://openalex.org/W2101868286,https://doi.org/10.1080/09654313.2012.674347
2111,https://openalex.org/W1985314492,https://doi.org/10.1002/chin.199811008
2112,https://openalex.org/W2026908610,https://doi.org/10.1350/jcla.2007.71.1.54
2113,https://openalex.org/W2092259378,https://doi.org/10.1080/08827508.2010.542211
2114,https://openalex.org/W2948632836,https://doi.org/10.1101/662213
2115,https://openalex.org/W2008939262,https://doi.org/10.1111/j.1468-2281.2004.00220.x
2116,https://openalex.org/W1986809710,https://doi.org/10.1016/s0304-3959(99)00306-1
2117,https://openalex.org/W4387942242,https://doi.org/10.3788/irla20230423
2118,https://openalex.org/W2305545242,
2119,https://openalex.org/W2039290477,https://doi.org/10.1111/j.1467-8292.1995.tb00879.x
2120,https://openalex.org/W2600116628,https://doi.org/10.1109/ictia.2014.7883758
2121,https://openalex.org/W2945404625,https://doi.org/10.3390/su11102868
2122,https://openalex.org/W2001094781,https://doi.org/10.1145/2491568.2491571
2123,https://openalex.org/W2003233875,https://doi.org/10.1039/c29690001205
2124,https://openalex.org/W2437850599,
2125,https://openalex.org/W2009013768,https://doi.org/10.1177/1066896914565024
2126,https://openalex.org/W132595253,
2127,https://openalex.org/W7058204864,
2128,https://openalex.org/W2375631050,
2129,https://openalex.org/W1516746981,
2130,https://openalex.org/W2184241613,https://doi.org/10.1093/chromsci/47.1.26
2131,https://openalex.org/W3209986213,https://doi.org/10.20473/mi.v4i3.26806
2132,https://openalex.org/W1978720422,https://doi.org/10.12968/eyed.2013.14.12.35
2133,https://openalex.org/W2055759446,https://doi.org/10.1017/s0960428600004029
2134,https://openalex.org/W4378842775,https://doi.org/10.23919/eucap57121.2023.10133226
2135,https://openalex.org/W2155306038,https://doi.org/10.1530/acta.0.0490403
2136,https://openalex.org/W1520793361,
2137,https://openalex.org/W2318412544,https://doi.org/10.2307/3633613
2138,https://openalex.org/W3100341153,https://doi.org/10.1039/d0cy02009e
2139,https://openalex.org/W2029760941,https://doi.org/10.1021/j150575a040
2140,https://openalex.org/W2620039677,https://doi.org/10.1021/acs.cgd.7b00522
2141,https://openalex.org/W4408393011,https://doi.org/10.1016/j.digbus.2025.100112
2142,https://openalex.org/W2214642818,https://doi.org/10.5254/1.3535189
2143,https://openalex.org/W3171211013,https://doi.org/10.1177/10820132211022106
2144,https://openalex.org/W2793357537,https://doi.org/10.1145/3185467.3190790
2145,https://openalex.org/W3109779982,https://doi.org/10.1097/md.0000000000023292
2146,https://openalex.org/W4220979356,https://doi.org/10.1101/2022.03.11.22272157
2147,https://openalex.org/W4235177401,https://doi.org/10.1146/annurev.med.44.1.431
2148,https://openalex.org/W2093145764,https://doi.org/10.1046/j.1365-2508.2002.00529.x
2149,https://openalex.org/W2800874462,https://doi.org/10.3892/ol.2018.8561
2150,https://openalex.org/W1996294214,https://doi.org/10.1055/s-0031-1297247
2151,https://openalex.org/W132172596,
2152,https://openalex.org/W2027977914,https://doi.org/10.4021/cr121w
2153,https://openalex.org/W2802961597,https://doi.org/10.1088/2053-1583/aad864
2154,https://openalex.org/W2412761431,https://doi.org/10.1176/appi.psychotherapy.1978.32.4.510
2155,https://openalex.org/W3118647436,https://doi.org/10.33448/rsd-v10i1.10841
2156,https://openalex.org/W4251644289,https://doi.org/10.1002/ange.200900539
2157,https://openalex.org/W2584889426,
2158,https://openalex.org/W2545584250,https://doi.org/10.1109/spca.2006.297571
2159,https://openalex.org/W2621538550,https://doi.org/10.5194/dwes-2017-21
2160,https://openalex.org/W4286214176,https://doi.org/10.5296/ijssr.v10i2.19953
2161,https://openalex.org/W2235985266,https://doi.org/10.5534/wjmh.2015.33.3.161
2162,https://openalex.org/W3126218005,https://doi.org/10.5829/ije.2021.34.01a.19
2163,https://openalex.org/W2571068512,
2164,https://openalex.org/W1982944088,https://doi.org/10.1098/rsta.2002.1148
2165,https://openalex.org/W3155748457,https://doi.org/10.1590/2358-2936e2021016
2166,https://openalex.org/W3013853770,https://doi.org/10.1073/pnas.1919204117
2167,https://openalex.org/W3182083031,https://doi.org/10.2478/mmcks-2021-0008
2168,https://openalex.org/W2955117823,https://doi.org/10.1080/24725838.2019.1636898
2169,https://openalex.org/W3155783670,https://doi.org/10.1002/ece3.7989
2170,https://openalex.org/W2072419807,https://doi.org/10.1126/science.184.4138.795
2171,https://openalex.org/W2050436695,https://doi.org/10.1103/physrevlett.59.2389
2172,https://openalex.org/W4399283396,https://doi.org/10.62054/ijdm/0102.07
2173,https://openalex.org/W2134513138,https://doi.org/10.1088/0951-7715/26/7/1945
2174,https://openalex.org/W2296873291,https://doi.org/10.1007/s00018-016-2172-7
2175,https://openalex.org/W1997343684,https://doi.org/10.1353/hpu.2005.0001
2176,https://openalex.org/W1663923841,https://doi.org/10.1111/tra.12164
2177,https://openalex.org/W4299007031,https://doi.org/10.48550/arxiv.1802.02422
2178,https://openalex.org/W2107539398,
2179,https://openalex.org/W80279094,https://doi.org/10.12693/aphyspola.98.611
2180,https://openalex.org/W3117702881,https://doi.org/10.1021/acsabm.0c01282
2181,https://openalex.org/W2184043244,
2182,https://openalex.org/W3141445585,https://doi.org/10.1504/ijahuc.2020.106652
2183,https://openalex.org/W2088197232,https://doi.org/10.2463/mrms.4.35
2184,https://openalex.org/W3216156233,https://doi.org/10.5614/j.eng.technol.sci.2021.53.5.10
2185,https://openalex.org/W84863092,
2186,https://openalex.org/W2981872345,https://doi.org/10.1002/ar.24293
2187,https://openalex.org/W1608358424,
2188,https://openalex.org/W4388085990,https://doi.org/10.37284/eajes.6.3.1544
2189,https://openalex.org/W2118514265,
2190,https://openalex.org/W2097013720,https://doi.org/10.1190/geo2012-0182.1
2191,https://openalex.org/W2096979949,https://doi.org/10.1103/physrevb.33.4406
2192,https://openalex.org/W2158554224,https://doi.org/10.1097/00001888-200501000-00008
2193,https://openalex.org/W1996717936,https://doi.org/10.1063/1.434431
2194,https://openalex.org/W2766626253,https://doi.org/10.1115/pvp2017-65371
2195,https://openalex.org/W4387238671,https://doi.org/10.29321/maj.10.a02838
2196,https://openalex.org/W2104288208,https://doi.org/10.1109/igarss.2002.1024971
2197,https://openalex.org/W2166721526,https://doi.org/10.1525/mp.2001.19.1.65
2198,https://openalex.org/W2398513656,https://doi.org/10.1021/acs.joc.6b00767
2199,https://openalex.org/W2596806090,https://doi.org/10.4028/www.scientific.net/kem.730.607
2200,https://openalex.org/W3217454588,https://doi.org/10.1155/2021/2826609
2201,https://openalex.org/W4403732442,https://doi.org/10.34659/eis.2024.90.3.869
2202,https://openalex.org/W2325179915,https://doi.org/10.1021/om010110u
2203,https://openalex.org/W4405177752,https://doi.org/10.2196/55741
2204,https://openalex.org/W2021303672,https://doi.org/10.1002/pol.1962.1205816651
2205,https://openalex.org/W4283699230,https://doi.org/10.1097/phh.0000000000001537
2206,https://openalex.org/W2066346167,https://doi.org/10.1089/dna.1998.17.879
2207,https://openalex.org/W2184526603,
2208,https://openalex.org/W2134221964,https://doi.org/10.3109/08880018.2014.940074
2209,https://openalex.org/W4399343359,https://doi.org/10.17709/2410-1893-2024-11-2-4
2210,https://openalex.org/W1979545818,https://doi.org/10.1021/jm00151a020
2211,https://openalex.org/W2023162298,https://doi.org/10.1002/jnr.490360210
2212,https://openalex.org/W3044898041,https://doi.org/10.5455/ijmrcr.stomatology-covid-19-lubamba
2213,https://openalex.org/W4405450684,https://doi.org/10.1080/15226514.2024.2440110
2214,https://openalex.org/W2902883030,https://doi.org/10.3390/coatings8120449
2215,https://openalex.org/W2090994813,https://doi.org/10.1152/physiolgenomics.00058.2009
2216,https://openalex.org/W2014556922,https://doi.org/10.1115/imece2002-33019
2217,https://openalex.org/W2476520856,https://doi.org/10.7600/jspfsm1949.52.543
2218,https://openalex.org/W1996454833,https://doi.org/10.1306/bc743b89-16be-11d7-8645000102c1865d
2219,https://openalex.org/W1681153452,https://doi.org/10.5281/zenodo.1058634
2220,https://openalex.org/W2148212645,https://doi.org/10.1215/00318108-2749730
2221,https://openalex.org/W3194301871,https://doi.org/10.1155/2021/5583389
2222,https://openalex.org/W2058577738,https://doi.org/10.3389/fmicb.2014.00019
2223,https://openalex.org/W2312869953,https://doi.org/10.2307/359879
2224,https://openalex.org/W2109634038,https://doi.org/10.1650/7383
2225,https://openalex.org/W2331916158,https://doi.org/10.2514/6.2006-3407
2226,https://openalex.org/W3013168555,https://doi.org/10.1109/imccc.2018.00123
2227,https://openalex.org/W2250504652,https://doi.org/10.1636/04-65.1
2228,https://openalex.org/W2973315244,https://doi.org/10.1063/1.5126565
2229,https://openalex.org/W2170731597,https://doi.org/10.1177/0263276414537910
2230,https://openalex.org/W2060604131,https://doi.org/10.1111/j.1748-720x.1996.tb01878.x
2231,https://openalex.org/W2746937343,
2232,https://openalex.org/W2972031210,https://doi.org/10.7887/jcns.25.27
2233,https://openalex.org/W3048243302,https://doi.org/10.1109/tmag.2020.3014890
2234,https://openalex.org/W4396918724,https://doi.org/10.1371/journal.pone.0300967
2235,https://openalex.org/W2067291374,https://doi.org/10.1107/s1600536801020049
2236,https://openalex.org/W3152334340,https://doi.org/10.1002/spp2.1356
2237,https://openalex.org/W64960313,https://doi.org/10.5006/c2004-04370
2238,https://openalex.org/W2086860643,https://doi.org/10.1103/physreve.76.055401
2239,https://openalex.org/W2386125395,
2240,https://openalex.org/W4250291973,https://doi.org/10.2307/2269983
2241,https://openalex.org/W2141121706,https://doi.org/10.1109/bife.2009.179
2242,https://openalex.org/W2329889372,https://doi.org/10.1097/00013614-200604000-00004
2243,https://openalex.org/W2953595575,https://doi.org/10.1002/mc.23073
2244,https://openalex.org/W2107756416,https://doi.org/10.1093/mutage/10.2.91
2245,https://openalex.org/W1632031357,
2246,https://openalex.org/W2351349105,
2247,https://openalex.org/W2069236074,https://doi.org/10.1162/ling.2010.41.1.83
2248,https://openalex.org/W2003952171,https://doi.org/10.1063/1.3587571
2249,https://openalex.org/W4405009253,https://doi.org/10.1016/j.jtte.2024.03.006
2250,https://openalex.org/W2178389470,https://doi.org/10.1002/jms.3715
2251,https://openalex.org/W2168092310,https://doi.org/10.1242/jeb.043612
2252,https://openalex.org/W2888201648,https://doi.org/10.1371/journal.pone.0202609
2253,https://openalex.org/W2602402540,
2254,https://openalex.org/W2070071999,https://doi.org/10.1111/j.1439-037x.1997.tb00512.x
2255,https://openalex.org/W4213072400,https://doi.org/10.1136/postgradmedj-2021-141416
2256,https://openalex.org/W1982385357,https://doi.org/10.1001/jama.1963.03700150043007
2257,https://openalex.org/W4246010630,https://doi.org/10.22323/1.305.0009
2258,https://openalex.org/W4353070339,https://doi.org/10.3390/electronics12061485
2259,https://openalex.org/W4236488639,https://doi.org/10.1097/00006250-200109000-00007
2260,https://openalex.org/W2040501593,https://doi.org/10.1175/1520-0450(1999)038<1391:aomrpf>2.0.co;2
2261,https://openalex.org/W2030824176,https://doi.org/10.1080/18811248.1974.9730657
2262,https://openalex.org/W2024759522,https://doi.org/10.1039/c5cp01779c
2263,https://openalex.org/W4382468167,https://doi.org/10.1016/j.rio.2023.100463
2264,https://openalex.org/W2113617227,https://doi.org/10.1073/pnas.0903378106
2265,https://openalex.org/W4230895327,https://doi.org/10.4274/mirt.galenos.2018.59251
2266,https://openalex.org/W3015951677,https://doi.org/10.1042/bsr20190768
2267,https://openalex.org/W2092283727,https://doi.org/10.1051/jphyscol:1989510
2268,https://openalex.org/W1974334488,https://doi.org/10.1093/bjps/axi121
2269,https://openalex.org/W3215136357,https://doi.org/10.54664/iohb7586
2270,https://openalex.org/W4206243057,https://doi.org/10.1080/00085006.2021.1990641
2271,https://openalex.org/W1971690399,https://doi.org/10.1088/0965-0393/2/2/008
2272,https://openalex.org/W1985340856,https://doi.org/10.1039/c1cc15046d
2273,https://openalex.org/W4386514448,https://doi.org/10.20944/preprints202309.0413.v1
2274,https://openalex.org/W2357763393,
2275,https://openalex.org/W2218808015,https://doi.org/10.1061/jmcea3.0001474
2276,https://openalex.org/W4210467958,https://doi.org/10.3390/cancers14030813
2277,https://openalex.org/W4231651492,https://doi.org/10.1002/(sici)1098-2264(199907)25:3<270::aid-gcc9>3.3.co;2-q
2278,https://openalex.org/W4312210131,https://doi.org/10.3390/polym14245567
2279,https://openalex.org/W1593677990,https://doi.org/10.1088/1674-1056/21/8/087401
2280,https://openalex.org/W2065172608,https://doi.org/10.1107/s0108270107059124
2281,https://openalex.org/W2030332890,https://doi.org/10.1111/j.1365-2966.2008.13883.x
2282,https://openalex.org/W4285490380,https://doi.org/10.1515/ijcre-2021-0274
2283,https://openalex.org/W40013441,
2284,https://openalex.org/W3193064726,https://doi.org/10.14744/tjtes.2021.77088
2285,https://openalex.org/W4411607474,https://doi.org/10.1002/pa.70058
2286,https://openalex.org/W3047917566,https://doi.org/10.1177/2192568220941457
2287,https://openalex.org/W4285278154,https://doi.org/10.31744/einstein_journal/2022ce6988
2288,https://openalex.org/W4284994948,https://doi.org/10.1142/s0218625x22501256
2289,https://openalex.org/W2070539352,https://doi.org/10.1086/283601
2290,https://openalex.org/W2149220119,https://doi.org/10.1046/j.1365-201x.2001.00883.x
2291,https://openalex.org/W2089822628,https://doi.org/10.1371/journal.pone.0114368
2292,https://openalex.org/W2387822437,
2293,https://openalex.org/W2072960441,https://doi.org/10.1088/0031-8949/22/2/013
2294,https://openalex.org/W4395112703,https://doi.org/10.22214/ijraset.2024.60790
2295,https://openalex.org/W3174495593,https://doi.org/10.7759/cureus.15989
2296,https://openalex.org/W1480390280,
2297,https://openalex.org/W108824099,https://doi.org/10.3406/hispa.1998.4957
2298,https://openalex.org/W2003450560,https://doi.org/10.1117/12.623695
2299,https://openalex.org/W4312543657,https://doi.org/10.2307/41939109
2300,https://openalex.org/W4247753571,https://doi.org/10.1111/j.1365-2133.1920.tb09743.x
2301,https://openalex.org/W4224219584,https://doi.org/10.3389/fphys.2022.838704
2302,https://openalex.org/W1584715765,https://doi.org/10.2307/3493375
2303,https://openalex.org/W2054649461,https://doi.org/10.2118/113887-ms
2304,https://openalex.org/W2088309885,https://doi.org/10.1097/00007890-198901000-00025
2305,https://openalex.org/W4306652902,https://doi.org/10.3390/biology11101517
2306,https://openalex.org/W4400571625,https://doi.org/10.1016/j.cie.2024.110376
2307,https://openalex.org/W49308951,
2308,https://openalex.org/W1978143286,https://doi.org/10.1021/ja803676r
2309,https://openalex.org/W1993696281,https://doi.org/10.1117/12.633226
2310,https://openalex.org/W4386317122,https://doi.org/10.1021/acs.chemmater.3c01555
2311,https://openalex.org/W2949472854,https://doi.org/10.1021/ol034213f
2312,https://openalex.org/W2336842626,
2313,https://openalex.org/W4381710360,https://doi.org/10.5281/zenodo.8072882
2314,https://openalex.org/W1995359511,https://doi.org/10.1088/1742-6596/148/1/012016
2315,https://openalex.org/W2064365702,https://doi.org/10.1080/1523908x.2013.766578
2316,https://openalex.org/W2354258257,
2317,https://openalex.org/W2520853201,https://doi.org/10.15802/stp2009/14180
2318,https://openalex.org/W2782129412,https://doi.org/10.1007/s40192-017-0104-5
2319,https://openalex.org/W2132878551,https://doi.org/10.1112/s0024609301008487
2320,https://openalex.org/W1962679864,https://doi.org/10.1109/icassp.2001.941340
2321,https://openalex.org/W2790767178,https://doi.org/10.1111/risa.12984
2322,https://openalex.org/W2972482177,https://doi.org/10.18412/1816-0395-2019-9-49-53
2323,https://openalex.org/W4404873170,https://doi.org/10.1177/17499755241292426
2324,https://openalex.org/W4388424028,https://doi.org/10.24425/bpasts.2020.133386
2325,https://openalex.org/W2190724089,https://doi.org/10.1103/physrevd.90.104001
2326,https://openalex.org/W4362550543,https://doi.org/10.1136/tc-2022-057798
2327,https://openalex.org/W2151084601,https://doi.org/10.1002/tie.20376
2328,https://openalex.org/W3009045965,https://doi.org/10.1590/0103-6440201802881
2329,https://openalex.org/W3082151375,https://doi.org/10.1093/jac/dkaa370
2330,https://openalex.org/W2952526090,https://doi.org/10.1109/tifs.2019.2922331
2331,https://openalex.org/W4400016192,https://doi.org/10.7759/cureus.63063
2332,https://openalex.org/W2094614191,https://doi.org/10.1039/b717220f
2333,https://openalex.org/W2983448167,
2334,https://openalex.org/W2988243877,https://doi.org/10.55460/cb3t-ubqv
2335,https://openalex.org/W1833562170,https://doi.org/10.1177/0278364915593400
2336,https://openalex.org/W4229735893,https://doi.org/10.2331/suisan.44.985
2337,https://openalex.org/W3199910415,
2338,https://openalex.org/W2051992497,https://doi.org/10.1016/j.curtheres.2010.06.002
2339,https://openalex.org/W4391130279,https://doi.org/10.1109/jbhi.2024.3357506
2340,https://openalex.org/W2100348396,https://doi.org/10.1109/nssmic.2000.949901
2341,https://openalex.org/W2981992991,https://doi.org/10.3389/fpubh.2019.00321
2342,https://openalex.org/W2028541466,https://doi.org/10.1121/1.1909585
2343,https://openalex.org/W2007023350,https://doi.org/10.1097/inf.0b013e31819b9085
2344,https://openalex.org/W2931537390,https://doi.org/10.5334/jbsr.1591
2345,https://openalex.org/W2573967046,
2346,https://openalex.org/W2035543899,https://doi.org/10.1001/archsurg.1961.01300150062008
2347,https://openalex.org/W4282929012,https://doi.org/10.1080/03091902.2022.2080881
2348,https://openalex.org/W2267645069,
2349,https://openalex.org/W2932231853,https://doi.org/10.1080/87559129.2019.1600541
2350,https://openalex.org/W2366770725,
2351,https://openalex.org/W4283313313,https://doi.org/10.3390/vetsci9070308
2352,https://openalex.org/W1911115189,
2353,https://openalex.org/W3167265908,https://doi.org/10.1007/s10611-021-09960-3
2354,https://openalex.org/W2009370985,https://doi.org/10.1063/1.4849416
2355,https://openalex.org/W1872413765,https://doi.org/10.1055/s-0038-1632652
2356,https://openalex.org/W2605016689,https://doi.org/10.1002/qua.560150405
2357,https://openalex.org/W4377080256,https://doi.org/10.5140/jass.2023.40.1.35
2358,https://openalex.org/W2140679198,https://doi.org/10.1167/15.9.6
2359,https://openalex.org/W2009694582,https://doi.org/10.1139/y00-027
2360,https://openalex.org/W2050780032,https://doi.org/10.1088/0004-637x/768/1/57
2361,https://openalex.org/W4255910370,https://doi.org/10.21914/anziamj.v55i0.5331
2362,https://openalex.org/W7057189385,
2363,https://openalex.org/W3132868547,
2364,https://openalex.org/W4361226128,https://doi.org/10.5937/jaes0-40263
2365,https://openalex.org/W4412191013,https://doi.org/10.1002/pc.70173
2366,https://openalex.org/W3046757022,https://doi.org/10.1016/j.jff.2020.104132
2367,https://openalex.org/W4255232150,https://doi.org/10.1109/iembs.2006.4397939
2368,https://openalex.org/W13902332,https://doi.org/10.5134/176084
2369,https://openalex.org/W4200109503,https://doi.org/10.21684/0132-8077-2021-29-2-267-268
2370,https://openalex.org/W3026602061,https://doi.org/10.1155/2020/6798492
2371,https://openalex.org/W2130520731,https://doi.org/10.1084/jem.169.6.1961
2372,https://openalex.org/W2760343424,https://doi.org/10.1103/physrevb.97.024507
2373,https://openalex.org/W3189089931,https://doi.org/10.1111/roie.12566
2374,https://openalex.org/W2123153018,https://doi.org/10.3844/ajavsp.2009.136.141
2375,https://openalex.org/W1964516259,https://doi.org/10.1115/1.483181
2376,https://openalex.org/W4408617735,https://doi.org/10.1021/acs.jcim.5c00199
2377,https://openalex.org/W4241194881,https://doi.org/10.1139/cgj-37-2-479
2378,https://openalex.org/W3127191003,https://doi.org/10.3390/ecsoc-24-08331
2379,https://openalex.org/W2598686535,https://doi.org/10.1159/000355423
2380,https://openalex.org/W4285655510,https://doi.org/10.54648/trad2020029
2381,https://openalex.org/W2086646436,https://doi.org/10.1299/jsmea.46.1
2382,https://openalex.org/W2370973189,
2383,https://openalex.org/W2888797886,https://doi.org/10.13045/jar.2018.00080
2384,https://openalex.org/W2031334099,https://doi.org/10.3322/canjclin.37.4.225
2385,https://openalex.org/W2069536907,https://doi.org/10.1021/la400604m
2386,https://openalex.org/W2937485916,https://doi.org/10.1017/s0272503700030160
2387,https://openalex.org/W2757242922,https://doi.org/10.24911/ejmcr/1/31
2388,https://openalex.org/W2322903073,https://doi.org/10.1071/ch9790653
2389,https://openalex.org/W2334203486,https://doi.org/10.1080/00221546.1967.11774690
2390,https://openalex.org/W2167991512,https://doi.org/10.1091/mbc.e08-03-0252
2391,https://openalex.org/W2020916413,https://doi.org/10.2343/geochemj.11.9
2392,https://openalex.org/W3037560592,https://doi.org/10.4103/jgmh.jgmh_6_20
2393,https://openalex.org/W2119082750,https://doi.org/10.1136/jmg.2004.021667
2394,https://openalex.org/W3009245085,https://doi.org/10.1136/bmj.m835
2395,https://openalex.org/W3175047915,https://doi.org/10.1609/aaai.v35i7.16777
2396,https://openalex.org/W2066686985,https://doi.org/10.1016/s0022-5347(01)67508-6
2397,https://openalex.org/W2211325984,https://doi.org/10.1098/rspb.2015.2173
2398,https://openalex.org/W2923462721,https://doi.org/10.18429/jacow-ipac2014-wepro107
2399,https://openalex.org/W3128069257,https://doi.org/10.2991/ahsr.k.210201.002
2400,https://openalex.org/W2801995439,https://doi.org/10.1080/14767058.2018.1462324
2401,https://openalex.org/W1591409149,https://doi.org/10.11948/2013008
2402,https://openalex.org/W4366816455,https://doi.org/10.1002/jbm4.10746
2403,https://openalex.org/W4232702551,https://doi.org/10.1182/blood.v56.2.262.bloodjournal562262
2404,https://openalex.org/W3158302167,https://doi.org/10.1109/jsen.2021.3075893
2405,https://openalex.org/W2885742107,https://doi.org/10.26486/jele.v4i1.282
2406,https://openalex.org/W2025785889,https://doi.org/10.1117/12.817149
2407,https://openalex.org/W2064407050,https://doi.org/10.1074/jbc.m111.300178
2408,https://openalex.org/W2741713758,https://doi.org/10.18632/oncotarget.19610
2409,https://openalex.org/W1883994439,https://doi.org/10.21248/hpsg.2008.9
2410,https://openalex.org/W1994756869,https://doi.org/10.1080/09500349414552201
2411,https://openalex.org/W2143413313,https://doi.org/10.1093/chromsci/2.4.109
2412,https://openalex.org/W6945185493,https://doi.org/10.22111/jeps.2023.7532
2413,https://openalex.org/W2099401491,https://doi.org/10.1109/fmpc.1996.558076
2414,https://openalex.org/W2322145364,https://doi.org/10.3181/00379727-45-11599
2415,https://openalex.org/W2116372782,https://doi.org/10.1177/0021955x06060943
2416,https://openalex.org/W4234668301,https://doi.org/10.1002/(sici)1097-4598(199911)22:11<1479::aid-mus3>3.3.co;2-2
2417,https://openalex.org/W166802731,
2418,https://openalex.org/W4292454258,https://doi.org/10.51731/cjht.2022.410
2419,https://openalex.org/W2365239192,
2420,https://openalex.org/W4235622071,https://doi.org/10.3233/s12349-008-0017-0
2421,https://openalex.org/W2015609226,https://doi.org/10.5555/1509456.1509630
2422,https://openalex.org/W2119316367,https://doi.org/10.2514/2.3374
2423,https://openalex.org/W3174785354,https://doi.org/10.1016/j.jadohealth.2021.04.010
2424,https://openalex.org/W4385801804,https://doi.org/10.1097/mat.0000000000002010
2425,https://openalex.org/W2768800571,https://doi.org/10.1177/1758834017742576
2426,https://openalex.org/W3094569373,https://doi.org/10.21037/shc-2019-mies-09
2427,https://openalex.org/W2342524985,https://doi.org/10.1016/j.rgg.2015.05.011
2428,https://openalex.org/W2045908649,https://doi.org/10.1097/00004647-199710000-00011
2429,https://openalex.org/W2393346303,
2430,https://openalex.org/W2230674862,https://doi.org/10.2495/st110351
2431,https://openalex.org/W1980624897,https://doi.org/10.4028/www.scientific.net/amm.409-410.553
2432,https://openalex.org/W2851919462,https://doi.org/10.1109/siu.2018.8404447
2433,https://openalex.org/W1986009713,https://doi.org/10.1080/13556509.2014.961394
2434,https://openalex.org/W1965105666,https://doi.org/10.1179/nam.1999.47.2.125
2435,https://openalex.org/W3092753375,https://doi.org/10.3892/or.2020.7813
2436,https://openalex.org/W620131933,
2437,https://openalex.org/W2976644615,https://doi.org/10.1097/sla.0000000000003528
2438,https://openalex.org/W2293215710,https://doi.org/10.21437/interspeech.2013-496
2439,https://openalex.org/W3088226960,
2440,https://openalex.org/W4288061357,https://doi.org/10.35445/alishlah.v14i2.1061
2441,https://openalex.org/W2319095764,https://doi.org/10.1103/physreve.87.063301
2442,https://openalex.org/W2566014479,https://doi.org/10.1080/10714839.1996.11722887
2443,https://openalex.org/W3001109946,https://doi.org/10.32495/nun.v5i1.103
2444,https://openalex.org/W2110563862,https://doi.org/10.1109/cleoe.2003.1312190
2445,https://openalex.org/W2079747062,https://doi.org/10.1109/16.141233
2446,https://openalex.org/W2072892591,https://doi.org/10.2478/v10255-012-0043-z
2447,https://openalex.org/W2945358230,https://doi.org/10.1080/19406940.2019.1612459
2448,https://openalex.org/W1487416858,https://doi.org/10.1016/s0021-9258(18)50492-0
2449,https://openalex.org/W2333264946,https://doi.org/10.7164/antibiotics.39.415
2450,https://openalex.org/W3147255603,https://doi.org/10.2307/20142702
2451,https://openalex.org/W2053139226,https://doi.org/10.1056/nejm196208022670503
2452,https://openalex.org/W2410742040,https://doi.org/10.52010/ijom.1994.20.1.7
2453,https://openalex.org/W2282047797,https://doi.org/10.7718/iamure.v8i1.802
2454,https://openalex.org/W2281767678,
2455,https://openalex.org/W4398758041,https://doi.org/10.1017/mem.2024.12
2456,https://openalex.org/W4387421774,https://doi.org/10.14495/jsiaml.15.101
2457,https://openalex.org/W2011130383,https://doi.org/10.1021/ie0712885
2458,https://openalex.org/W295825324,
2459,https://openalex.org/W2882881349,https://doi.org/10.1101/368027
2460,https://openalex.org/W4285025368,https://doi.org/10.1080/00094633.2022.2079311
2461,https://openalex.org/W2037644531,https://doi.org/10.3740/mrsk.2009.19.5.245
2462,https://openalex.org/W2466297194,https://doi.org/10.14568/cp2015040
2463,https://openalex.org/W1865054112,https://doi.org/10.1128/genomea.00914-15
2464,https://openalex.org/W2008579460,https://doi.org/10.3109/00365597909181169
2465,https://openalex.org/W2526869053,
2466,https://openalex.org/W2740997600,https://doi.org/10.26524/1332
2467,https://openalex.org/W2750433458,https://doi.org/10.5281/zenodo.16490587
2468,https://openalex.org/W1202446711,
2469,https://openalex.org/W2240303370,https://doi.org/10.1139/b51-003
2470,https://openalex.org/W2067344084,https://doi.org/10.4314/ajfand.v10i8.60875
2471,https://openalex.org/W2804007291,https://doi.org/10.1055/s-0038-1649279
2472,https://openalex.org/W2011591718,https://doi.org/10.1074/jbc.m403589200
2473,https://openalex.org/W2059085602,https://doi.org/10.1021/ja01047a006
2474,https://openalex.org/W2068356977,https://doi.org/10.2118/110873-ms
2475,https://openalex.org/W4361298652,https://doi.org/10.1080/15435075.2023.2194392
2476,https://openalex.org/W4390050502,https://doi.org/10.1021/acs.analchem.3c03337
2477,https://openalex.org/W2184207596,
2478,https://openalex.org/W1984510069,https://doi.org/10.1210/edrv-8-2-115
2479,https://openalex.org/W2023499989,https://doi.org/10.1145/2348676.2348684
2480,https://openalex.org/W2074218608,https://doi.org/10.1021/jo00825a016
2481,https://openalex.org/W2057638737,https://doi.org/10.1103/physreve.81.031920
2482,https://openalex.org/W2993203771,https://doi.org/10.3390/microorganisms7120659
2483,https://openalex.org/W2079557018,https://doi.org/10.1002/(sici)1098-2353(2000)13:2<83::aid-ca2>3.0.co;2-y
2484,https://openalex.org/W4403243510,https://doi.org/10.1134/s1063779624701028
2485,https://openalex.org/W2134647489,https://doi.org/10.1109/41.232214
2486,https://openalex.org/W4378904481,https://doi.org/10.1186/s12889-023-15918-y
2487,https://openalex.org/W2295436095,https://doi.org/10.1080/14732971.2015.1112591
2488,https://openalex.org/W2489196204,https://doi.org/10.1017/s0001924000000014
2489,https://openalex.org/W645243175,https://doi.org/10.5860/choice.44-1802
2490,https://openalex.org/W3032478409,https://doi.org/10.1371/journal.pone.0234229
2491,https://openalex.org/W1590050350,https://doi.org/10.1177/000313480006601206
2492,https://openalex.org/W4313284942,
2493,https://openalex.org/W4200286720,https://doi.org/10.3389/fceng.2021.787788
2494,https://openalex.org/W2936377645,https://doi.org/10.1109/vtcfall.2018.8690623
2495,https://openalex.org/W4394992685,https://doi.org/10.1149/1945-7111/ad417d
2496,https://openalex.org/W2809769206,https://doi.org/10.3897/subtbiol.26.26643
2497,https://openalex.org/W2023592145,https://doi.org/10.1021/bi0602056
2498,https://openalex.org/W2137308778,https://doi.org/10.5194/amt-7-1065-2014
2499,https://openalex.org/W3129075533,
2500,https://openalex.org/W4360983341,https://doi.org/10.58962/hstrpt.2022.3.1.135-142
2501,https://openalex.org/W2000428736,https://doi.org/10.1259/bjr.75.889.750072
2502,https://openalex.org/W2972833804,https://doi.org/10.1007/s13361-019-02309-0
2503,https://openalex.org/W3093375476,https://doi.org/10.3390/coatings10100997
2504,https://openalex.org/W3187784389,https://doi.org/10.47583/ijpsrr.2021.v68i02.012
2505,https://openalex.org/W1976334200,https://doi.org/10.3189/172756409789097504
2506,https://openalex.org/W2030083791,https://doi.org/10.1111/j.1432-1033.2004.04436.x
2507,https://openalex.org/W1585553353,
2508,https://openalex.org/W3033321166,https://doi.org/10.15407/frg2020.03.208
2509,https://openalex.org/W2320602518,https://doi.org/10.1177/019459988008800504
2510,https://openalex.org/W3042145136,https://doi.org/10.2478/environ-2020-0007
2511,https://openalex.org/W2286033687,
2512,https://openalex.org/W2096322266,https://doi.org/10.1517/13543784.16.12.1921
2513,https://openalex.org/W4317999706,https://doi.org/10.20953/1817-7646-2022-5-28-35
2514,https://openalex.org/W2568057803,https://doi.org/10.14296/rih/2014/2040
2515,https://openalex.org/W4298034323,
2516,https://openalex.org/W2064957684,https://doi.org/10.1088/0264-9381/13/12/003
2517,https://openalex.org/W2894442225,
2518,https://openalex.org/W2170864730,https://doi.org/10.1130/0016-7606(1961)72[1089:emwpas]2.0.co;2
2519,https://openalex.org/W2416873272,https://doi.org/10.1152/ajpheart.1997.273.4.h1994
2520,https://openalex.org/W2972205367,https://doi.org/10.1080/09168451.2019.1659716
2521,https://openalex.org/W2989686401,https://doi.org/10.1088/1757-899x/693/1/012003
2522,https://openalex.org/W2409609929,
2523,https://openalex.org/W2077005050,https://doi.org/10.1167/6.6.1004
2524,https://openalex.org/W4389150327,https://doi.org/10.21077/ijf.2023.70.3.136073-09
2525,https://openalex.org/W604416735,
2526,https://openalex.org/W4244870124,https://doi.org/10.2523/102160-ms
2527,https://openalex.org/W2319124296,https://doi.org/10.5631/jibirinsuppl1986.1987.supplement10_77
2528,https://openalex.org/W2520123578,https://doi.org/10.48558/ywk9-cg82
2529,https://openalex.org/W2029992280,https://doi.org/10.1149/1.2407664
2530,https://openalex.org/W2050984178,https://doi.org/10.1061/40713(2004)23
2531,https://openalex.org/W1965610002,https://doi.org/10.1097/00002371-199909000-00024
2532,https://openalex.org/W2419570161,https://doi.org/10.1093/jaoac/75.5.842
2533,https://openalex.org/W2037470241,https://doi.org/10.1002/(sici)1099-0801(199801/02)12:1<13::aid-bmc712>3.0.co;2-#
2534,https://openalex.org/W1556193041,
2535,https://openalex.org/W4296577362,https://doi.org/10.1051/0004-6361/200911791
2536,https://openalex.org/W4288770134,https://doi.org/10.1016/j.ifacol.2022.07.201
2537,https://openalex.org/W2121664335,https://doi.org/10.1039/c5ay00038f
2538,https://openalex.org/W3214997438,https://doi.org/10.1503/cmaj.210947
2539,https://openalex.org/W4390520667,https://doi.org/10.4208/ijnam2024-1002
2540,https://openalex.org/W1968950090,https://doi.org/10.3736/jcim20100115
2541,https://openalex.org/W4310682344,https://doi.org/10.1111/cns.14032
2542,https://openalex.org/W1753875734,https://doi.org/10.5933/jkapd.2015.42.3.257
2543,https://openalex.org/W3027282551,https://doi.org/10.1108/ijdrbe-12-2015-0061
2544,https://openalex.org/W1567762641,
2545,https://openalex.org/W2074706550,https://doi.org/10.1002/asl.82
2546,https://openalex.org/W2309241860,https://doi.org/10.1111/1460-6984.12247
2547,https://openalex.org/W2435671831,https://doi.org/10.1109/ncvpripg.2015.7490011
2548,https://openalex.org/W2054776712,https://doi.org/10.1017/s0007485300005812
2549,https://openalex.org/W2007651073,https://doi.org/10.4103/1947-2714.128477
2550,https://openalex.org/W2379331542,
2551,https://openalex.org/W2064805929,https://doi.org/10.1111/j.1365-2869.1994.tb00123.x
2552,https://openalex.org/W2997867189,https://doi.org/10.26355/eurrev_201912_19804
2553,https://openalex.org/W2055893660,https://doi.org/10.9798/kosham.2011.11.4.073
2554,https://openalex.org/W2035719537,https://doi.org/10.1115/gt2005-68212
2555,https://openalex.org/W4322390290,https://doi.org/10.17082/j.2204-1478.60.2018.2017-06
2556,https://openalex.org/W2083439433,https://doi.org/10.1155/2013/738954
2557,https://openalex.org/W1977943315,https://doi.org/10.1364/nlgw.2004.pd4
2558,https://openalex.org/W3181432310,https://doi.org/10.1249/01.mss.0000763036.68193.e6
2559,https://openalex.org/W1639675205,https://doi.org/10.4049/jimmunol.174.10.5926
2560,https://openalex.org/W1982795581,https://doi.org/10.1088/0031-9120/2/5/301
2561,https://openalex.org/W4240159796,https://doi.org/10.18698/0236-3941-2015-6-121-129
2562,https://openalex.org/W2609517418,
2563,https://openalex.org/W1514348442,https://doi.org/10.1002/polc.5070160820
2564,https://openalex.org/W2054467230,https://doi.org/10.1089/10430340460745793
2565,https://openalex.org/W3214689642,https://doi.org/10.1097/md.0000000000027530
2566,https://openalex.org/W2979642082,https://doi.org/10.1002/hyp.13597
2567,https://openalex.org/W2968152775,https://doi.org/10.18203/2394-6040.ijcmph20193659
2568,https://openalex.org/W2750511576,https://doi.org/10.18203/2320-1770.ijrcog20173717
2569,https://openalex.org/W2528757423,https://doi.org/10.17713/ajs.v31i2&3.477
2570,https://openalex.org/W2121972095,https://doi.org/10.11646/phytotaxa.116.1.3
2571,https://openalex.org/W4285134638,https://doi.org/10.54922/ijehss.2022.0402
2572,https://openalex.org/W4236037666,https://doi.org/10.1046/j.1523-5394.2000.86005.x
2573,https://openalex.org/W2014853376,https://doi.org/10.1364/ao.13.000465
2574,https://openalex.org/W2953798543,
2575,https://openalex.org/W4365135082,https://doi.org/10.1093/inthealth/ihad022
2576,https://openalex.org/W4303622025,https://doi.org/10.31234/osf.io/ebspt
2577,https://openalex.org/W2147458220,https://doi.org/10.1084/jem.176.3.845
2578,https://openalex.org/W2070863851,https://doi.org/10.1074/jbc.m413282200
2579,https://openalex.org/W4302080313,https://doi.org/10.14359/1675
2580,https://openalex.org/W2014077038,https://doi.org/10.3109/00207450109149734
2581,https://openalex.org/W2903434592,https://doi.org/10.3390/technologies4020017
2582,https://openalex.org/W2618624330,https://doi.org/10.1093/socpro/spx016
2583,https://openalex.org/W1990031529,https://doi.org/10.2307/1890232
2584,https://openalex.org/W2994907532,https://doi.org/10.1002/aic.16887
2585,https://openalex.org/W2409154515,
2586,https://openalex.org/W2778433964,https://doi.org/10.1002/dac.3493
2587,https://openalex.org/W3162982908,https://doi.org/10.1017/s0047279421000246
2588,https://openalex.org/W4283260632,https://doi.org/10.1021/acsnano.2c00168
2589,https://openalex.org/W2275806922,https://doi.org/10.1364/oe.24.00a270
2590,https://openalex.org/W4402567265,https://doi.org/10.1111/ijfs.17460
2591,https://openalex.org/W3010010950,https://doi.org/10.3136/fstr.26.1
2592,https://openalex.org/W2325742913,https://doi.org/10.2190/ml02-r845-240g-2tlk
2593,https://openalex.org/W2061684738,https://doi.org/10.1103/physrevlett.53.1240
2594,https://openalex.org/W3038568426,
2595,https://openalex.org/W2143877181,https://doi.org/10.1109/tns.2003.817288
2596,https://openalex.org/W2034181142,https://doi.org/10.1016/j.pmrj.2010.05.006
2597,https://openalex.org/W2045887732,https://doi.org/10.1063/1.3551727
2598,https://openalex.org/W4385710207,https://doi.org/10.46563/1560-9561-2023-26-3-159-167
2599,https://openalex.org/W1654787029,https://doi.org/10.20368/1971-8829/754
2600,https://openalex.org/W2036807817,https://doi.org/10.1108/13620439610152142
2601,https://openalex.org/W2125733527,https://doi.org/10.1113/jphysiol.1984.sp015175
2602,https://openalex.org/W2058177220,https://doi.org/10.1117/12.480514
2603,https://openalex.org/W2292100107,https://doi.org/10.1185/03007995.2016.1145108
2604,https://openalex.org/W4214808602,https://doi.org/10.22363/2313-2272-2022-22-1-70-83
2605,https://openalex.org/W2076894810,https://doi.org/10.1111/j.1439-0388.1997.tb00493.x
2606,https://openalex.org/W2167895623,
2607,https://openalex.org/W1603963212,
2608,https://openalex.org/W1772636995,https://doi.org/10.2298/tsci150703135l
2609,https://openalex.org/W2955422134,https://doi.org/10.1093/ej/uez029
2610,https://openalex.org/W2982238218,https://doi.org/10.9734/ajahr/2019/v4i430028
2611,https://openalex.org/W2164333690,https://doi.org/10.1073/pnas.1009933108
2612,https://openalex.org/W6920403970,https://doi.org/10.60692/2mjqq-2dp04
2613,https://openalex.org/W1996203016,https://doi.org/10.1002/hep.1840150518
2614,https://openalex.org/W791671607,
2615,https://openalex.org/W3201778613,https://doi.org/10.31083/j.rcm2203069
2616,https://openalex.org/W3152938038,https://doi.org/10.1109/is3c50286.2020.00117
2617,https://openalex.org/W3163397292,
2618,https://openalex.org/W4210538762,https://doi.org/10.5152/tjg.2021.201158
2619,https://openalex.org/W2007441519,https://doi.org/10.1002/app.39203
2620,https://openalex.org/W3032528305,https://doi.org/10.32795/widyanatya.v1i2.494
2621,https://openalex.org/W4387952680,https://doi.org/10.1002/smtd.202300873
2622,https://openalex.org/W2032628185,https://doi.org/10.5155/eurjchem.2.3.308-310.126
2623,https://openalex.org/W2154428867,https://doi.org/10.1002/ejic.200500584
2624,https://openalex.org/W2994599104,
2625,https://openalex.org/W3181688647,https://doi.org/10.1016/j.neunet.2021.07.013
2626,https://openalex.org/W2079711474,https://doi.org/10.1080/03075078212331379261
2627,https://openalex.org/W1974887328,https://doi.org/10.1002/germ.201190029
2628,https://openalex.org/W2083595504,https://doi.org/10.1142/s021945541540012x
2629,https://openalex.org/W2111475134,https://doi.org/10.5194/hess-18-4007-2014
2630,https://openalex.org/W2617262082,https://doi.org/10.1002/sam.11344
2631,https://openalex.org/W4386895036,https://doi.org/10.1177/02724316231199225
2632,https://openalex.org/W3012280484,https://doi.org/10.1190/geo2019-0396.1
2633,https://openalex.org/W4307621274,
2634,https://openalex.org/W4253831113,https://doi.org/10.1227/00006123-199701000-00002
2635,https://openalex.org/W2166588567,https://doi.org/10.1099/mic.0.2006/002311-0
2636,https://openalex.org/W2076894755,https://doi.org/10.9738/cc21.1
2637,https://openalex.org/W2275707569,https://doi.org/10.4996/fireecology.1103034
2638,https://openalex.org/W2054981253,https://doi.org/10.1080/17450918.2013.857711
2639,https://openalex.org/W2220379634,https://doi.org/10.1017/s0310582200008087
2640,https://openalex.org/W2129637459,https://doi.org/10.1145/196244.196605
2641,https://openalex.org/W2597139510,
2642,https://openalex.org/W1986731373,https://doi.org/10.1182/blood-2011-12-380162
2643,https://openalex.org/W2802225442,https://doi.org/10.1155/2018/3039783
2644,https://openalex.org/W3040673511,https://doi.org/10.24912/stupa.v1i2.4511
2645,https://openalex.org/W4391099187,https://doi.org/10.3390/su16020905
2646,https://openalex.org/W2061580047,https://doi.org/10.1109/cdc.1975.270679
2647,https://openalex.org/W2519891749,
2648,https://openalex.org/W3044508428,https://doi.org/10.4038/engineer.v52i4.7390
2649,https://openalex.org/W1993401675,https://doi.org/10.1161/01.str.0000064323.65539.a7
2650,https://openalex.org/W2992239544,
2651,https://openalex.org/W2087828763,https://doi.org/10.1099/0022-1317-63-2-513
2652,https://openalex.org/W2894435902,https://doi.org/10.1109/icd.2018.8514595
2653,https://openalex.org/W4286521481,https://doi.org/10.15406/sij.2022.06.00272
2654,https://openalex.org/W2370482555,
2655,https://openalex.org/W2338281130,https://doi.org/10.1210/en.2015-2006
2656,https://openalex.org/W4292295394,https://doi.org/10.1080/14656566.2022.2114345
2657,https://openalex.org/W1589190683,https://doi.org/10.1002/j.1939-4640.2000.tb02131.x
2658,https://openalex.org/W3168764676,
2659,https://openalex.org/W2163675995,https://doi.org/10.1287/mnsc.44.8.1131
2660,https://openalex.org/W4210368846,https://doi.org/10.1103/physrevlett.128.058001
2661,https://openalex.org/W3196508522,
2662,https://openalex.org/W2127004748,https://doi.org/10.1093/jnci/87.4.265
2663,https://openalex.org/W2075063599,https://doi.org/10.1086/510285
2664,https://openalex.org/W1518084281,https://doi.org/10.1080/00397919008052820
2665,https://openalex.org/W2158503420,https://doi.org/10.1016/j.celrep.2013.04.011
2666,https://openalex.org/W3185991603,https://doi.org/10.5281/zenodo.3841661
2667,https://openalex.org/W3016319811,https://doi.org/10.1200/go.20.00030
2668,https://openalex.org/W2597242295,https://doi.org/10.5937/pravzap0-12260
2669,https://openalex.org/W4302287516,https://doi.org/10.1002/ejoc.202200985
2670,https://openalex.org/W2112884637,https://doi.org/10.1667/rr0380.1
2671,https://openalex.org/W2003536487,https://doi.org/10.1109/fie.2011.6142808
2672,https://openalex.org/W1977418707,https://doi.org/10.1136/bmj.330.7502.1271
2673,https://openalex.org/W560558397,https://doi.org/10.2307/3266010
2674,https://openalex.org/W2006892681,https://doi.org/10.1063/1.2209411
2675,https://openalex.org/W2472688772,https://doi.org/10.1148/rg.2016150185
2676,https://openalex.org/W1541313059,
2677,https://openalex.org/W2076098901,https://doi.org/10.3893/jjaam.18.135
2678,https://openalex.org/W1999474568,https://doi.org/10.1002/(sici)1099-0518(20000615)38:12<2219::aid-pola100>3.0.co;2-1
2679,https://openalex.org/W2625406442,https://doi.org/10.1021/acs.langmuir.7b01225
2680,https://openalex.org/W2094558621,https://doi.org/10.1029/2010jc006528
2681,https://openalex.org/W2156821322,https://doi.org/10.5897/jmpr11.1575
2682,https://openalex.org/W2070547493,https://doi.org/10.1073/pnas.97.26.14295
2683,https://openalex.org/W2943606116,https://doi.org/10.1002/sia.6651
2684,https://openalex.org/W2460991777,
2685,https://openalex.org/W4388520074,https://doi.org/10.1186/s12879-023-08772-1
2686,https://openalex.org/W2183092907,https://doi.org/10.1080/02533839.2014.955971
2687,https://openalex.org/W2143690606,https://doi.org/10.1111/j.1365-2958.1995.mmi_17050865.x
2688,https://openalex.org/W3187557339,https://doi.org/10.21203/rs.3.rs-746283/v1
2689,https://openalex.org/W1576223343,https://doi.org/10.1002/jctb.3991
2690,https://openalex.org/W1989406575,https://doi.org/10.1021/np100366k
2691,https://openalex.org/W1978752424,https://doi.org/10.1063/1.325321
2692,https://openalex.org/W1499254337,
2693,https://openalex.org/W2012598546,https://doi.org/10.1207/s15374424jccp3303_12
2694,https://openalex.org/W4401260326,https://doi.org/10.5194/wes-9-1631-2024
2695,https://openalex.org/W2079005614,https://doi.org/10.1137/s0040585x97984954
2696,https://openalex.org/W2473434946,https://doi.org/10.1097/00007611-198905000-00036
2697,https://openalex.org/W7056268194,
2698,https://openalex.org/W2762970551,https://doi.org/10.1039/c7qi00517b
2699,https://openalex.org/W4390534768,https://doi.org/10.1093/jalm/jfad093
2700,https://openalex.org/W2004556087,https://doi.org/10.1590/s0085-56262012005000029
2701,https://openalex.org/W4403453303,https://doi.org/10.1001/jamacardio.2024.3544
2702,https://openalex.org/W167991496,
2703,https://openalex.org/W2068125333,https://doi.org/10.1021/np50124a029
2704,https://openalex.org/W2333704243,https://doi.org/10.1097/00003072-199904000-00020
2705,https://openalex.org/W2157677476,
2706,https://openalex.org/W2157771935,https://doi.org/10.1080/03075079912331379935
2707,https://openalex.org/W2410843133,https://doi.org/10.1042/bst025323s
2708,https://openalex.org/W2087948920,https://doi.org/10.1371/journal.pone.0121161
2709,https://openalex.org/W4387869763,https://doi.org/10.1109/dasa59624.2023.10286617
2710,https://openalex.org/W2139502012,https://doi.org/10.1109/50.580808
2711,https://openalex.org/W2026086847,https://doi.org/10.1002/ana.410250505
2712,https://openalex.org/W2069568874,https://doi.org/10.1179/026708303225008644
2713,https://openalex.org/W2324925936,https://doi.org/10.1177/0963662516637818
2714,https://openalex.org/W1992062453,https://doi.org/10.1117/12.2043320
2715,https://openalex.org/W2307310924,https://doi.org/10.4271/901353
2716,https://openalex.org/W2167317751,https://doi.org/10.1109/aps.1998.701617
2717,https://openalex.org/W2755956530,https://doi.org/10.1615/critreveukaryotgeneexpr.2017019532
2718,https://openalex.org/W3201524165,https://doi.org/10.55016/ojs/sppp.v11i1.53000
2719,https://openalex.org/W1998774055,https://doi.org/10.2147/hmer.s63417
2720,https://openalex.org/W2054280971,https://doi.org/10.1002/humu.9350
2721,https://openalex.org/W2285279915,https://doi.org/10.1021/acs.est.5b02112
2722,https://openalex.org/W2029942830,https://doi.org/10.1121/1.388441
2723,https://openalex.org/W3156614413,https://doi.org/10.1016/j.gecco.2021.e01588
2724,https://openalex.org/W1968768824,https://doi.org/10.3928/01477447-20100104-29
2725,https://openalex.org/W4414948214,https://doi.org/10.5755/j01.itc.53.3.36925
2726,https://openalex.org/W3000161885,https://doi.org/10.1142/s0217979220500046
2727,https://openalex.org/W1978548423,https://doi.org/10.2514/3.20304
2728,https://openalex.org/W1993774383,https://doi.org/10.1109/glocomw.2012.6477700
2729,https://openalex.org/W2351828035,
2730,https://openalex.org/W2006430941,https://doi.org/10.1074/jbc.m109.032672
2731,https://openalex.org/W3033545032,https://doi.org/10.12989/acd.2020.5.1.055
2732,https://openalex.org/W2095219380,https://doi.org/10.1111/j.1744-313x.1974.tb00288.x
2733,https://openalex.org/W2600427677,https://doi.org/10.5465/ambpp.2015.16529abstract
2734,https://openalex.org/W4220708549,https://doi.org/10.1515/mt-2021-2037
2735,https://openalex.org/W2171043779,https://doi.org/10.1145/1706299.1706335
2736,https://openalex.org/W2056129926,https://doi.org/10.1075/avt.23.17nou
2737,https://openalex.org/W2332941436,https://doi.org/10.2508/chikusan.64.637
2738,https://openalex.org/W1970963348,https://doi.org/10.4067/s0716-97602007000400009
2739,https://openalex.org/W3186568677,https://doi.org/10.1109/icaica58456.2023.10405508
2740,https://openalex.org/W2045500185,https://doi.org/10.3341/jkos.2008.49.1.57
2741,https://openalex.org/W2068352040,https://doi.org/10.1134/s0097807810060138
2742,https://openalex.org/W2068220530,https://doi.org/10.1109/tsmca.2012.2186439
2743,https://openalex.org/W2891325403,https://doi.org/10.1063/1.5026888
2744,https://openalex.org/W2982519888,https://doi.org/10.61426/sjbcm.v6i4.1439
2745,https://openalex.org/W2982512174,https://doi.org/10.1109/iccep.2019.8890119
2746,https://openalex.org/W2030709574,https://doi.org/10.3997/2214-4609.20141905
2747,https://openalex.org/W2751537745,https://doi.org/10.1109/itsc.2017.8317647
2748,https://openalex.org/W4212968439,https://doi.org/10.1021/acs.jafc.1c07479
2749,https://openalex.org/W4391128334,https://doi.org/10.1109/tasc.2024.3350606
2750,https://openalex.org/W2731464981,https://doi.org/10.1002/prep.201700053
2751,https://openalex.org/W4242645144,https://doi.org/10.35940/ijitee.c8144.019320
2752,https://openalex.org/W2546915078,https://doi.org/10.1109/nssmic.2010.5873792
2753,https://openalex.org/W2114242188,https://doi.org/10.1017/s1461145711001489
2754,https://openalex.org/W2907389250,https://doi.org/10.1145/3287037
2755,https://openalex.org/W2010179626,https://doi.org/10.1119/1.18163
2756,https://openalex.org/W2035858598,https://doi.org/10.1016/j.sbspro.2011.11.376
2757,https://openalex.org/W2222106262,
2758,https://openalex.org/W1977518142,https://doi.org/10.1191/0959683606hl947rp
2759,https://openalex.org/W2092092750,https://doi.org/10.1016/j.bbrc.2013.09.042
2760,https://openalex.org/W1996496406,https://doi.org/10.1002/pssa.2210210107
2761,https://openalex.org/W3154485202,https://doi.org/10.1016/j.physletb.2021.136420
2762,https://openalex.org/W1999453753,https://doi.org/10.1080/1358165020270306
2763,https://openalex.org/W4386257582,https://doi.org/10.4314/cajost.v5i2.2
2764,https://openalex.org/W4235517559,https://doi.org/10.1109/ipdps.2006.1639395
2765,https://openalex.org/W1140375074,https://doi.org/10.1049/iet-opt.2014.0128
2766,https://openalex.org/W2049385231,https://doi.org/10.4028/www.scientific.net/kem.280-283.373
2767,https://openalex.org/W2899825427,
2768,https://openalex.org/W2759900093,https://doi.org/10.1021/acs.langmuir.7b02778
2769,https://openalex.org/W2015185372,https://doi.org/10.1002/stem.773
2770,https://openalex.org/W2034288461,https://doi.org/10.1207/s15374424jccp2202_9
2771,https://openalex.org/W2249699660,
2772,https://openalex.org/W3026825331,https://doi.org/10.21608/zumj.2020.29434.1841
2773,https://openalex.org/W4300636396,https://doi.org/10.1111/j.1699-0463.1991.tb01287.x
2774,https://openalex.org/W4213449973,https://doi.org/10.3390/mi13030349
2775,https://openalex.org/W2057729325,https://doi.org/10.1103/physreve.78.026609
2776,https://openalex.org/W3183002171,https://doi.org/10.1093/ia/iiab107
2777,https://openalex.org/W2372672418,
2778,https://openalex.org/W2757539857,
2779,https://openalex.org/W2023107547,https://doi.org/10.3168/jds.s0022-0302(61)89942-6
2780,https://openalex.org/W1767233944,https://doi.org/10.5301/uro.5000160
2781,https://openalex.org/W4379619991,https://doi.org/10.1109/cictn57981.2023.10140271
2782,https://openalex.org/W2026800756,https://doi.org/10.3141/2291-05
2783,https://openalex.org/W2152941466,https://doi.org/10.1111/j.1469-7998.1989.tb02559.x
2784,https://openalex.org/W4394009695,https://doi.org/10.30762/jeels.v11i1.734
2785,https://openalex.org/W2156927539,https://doi.org/10.1136/pgmj.2006.055426
2786,https://openalex.org/W2749271318,https://doi.org/10.5539/jas.v9n9p182
2787,https://openalex.org/W110729306,
2788,https://openalex.org/W3168644859,https://doi.org/10.1021/acs.jafc.1c01894
2789,https://openalex.org/W4225546376,https://doi.org/10.26719/emhj.21.061
2790,https://openalex.org/W602222747,https://doi.org/10.5860/choice.47-5726
2791,https://openalex.org/W2040743489,https://doi.org/10.1103/physrevb.68.100401
2792,https://openalex.org/W2059360050,https://doi.org/10.2307/20049324
2793,https://openalex.org/W4409021322,https://doi.org/10.1108/tg-01-2025-0004
2794,https://openalex.org/W2017921901,https://doi.org/10.1175/jtech-d-14-00040.1
2795,https://openalex.org/W4210732087,https://doi.org/10.1134/s1070363221130041
2796,https://openalex.org/W4323294829,https://doi.org/10.1097/dss.0000000000003750
2797,https://openalex.org/W2592038341,https://doi.org/10.2174/1874836801711010200
2798,https://openalex.org/W2903574044,https://doi.org/10.1088/1757-899x/452/2/022157
2799,https://openalex.org/W1977871554,https://doi.org/10.1137/0715071
2800,https://openalex.org/W2887685360,https://doi.org/10.3906/fiz-1803-28
2801,https://openalex.org/W345013052,
2802,https://openalex.org/W2086501619,https://doi.org/10.1080/01463376009385113
2803,https://openalex.org/W2023453467,https://doi.org/10.1126/science.1112666
2804,https://openalex.org/W2146399969,https://doi.org/10.1091/mbc.11.8.2617
2805,https://openalex.org/W3033279041,https://doi.org/10.1386/joacm_00075_1
2806,https://openalex.org/W1965788079,https://doi.org/10.1002/(sici)1097-0215(19960807)67:4<563::aid-ijc16>3.0.co;2-8
2807,https://openalex.org/W4399524995,https://doi.org/10.1002/cbdv.202400778
2808,https://openalex.org/W1563242526,https://doi.org/10.1016/s0021-9258(18)61337-7
2809,https://openalex.org/W3037847837,https://doi.org/10.26832/24566632.2020.0502014
2810,https://openalex.org/W2133894365,https://doi.org/10.7916/d8zc89wx
2811,https://openalex.org/W90655666,
2812,https://openalex.org/W2094211485,https://doi.org/10.1190/1.1443490
2813,https://openalex.org/W2626708475,https://doi.org/10.18038/aubtda.322138
2814,https://openalex.org/W2274241899,https://doi.org/10.1061/jsdeag.0002313
2815,https://openalex.org/W4200075820,https://doi.org/10.1103/physrevx.11.041056
2816,https://openalex.org/W4281386661,https://doi.org/10.21203/rs.3.rs-1667176/v1
2817,https://openalex.org/W2114068896,https://doi.org/10.1109/vdat.2011.5783619
2818,https://openalex.org/W2098752292,https://doi.org/10.1109/27.887770
2819,https://openalex.org/W3125653287,https://doi.org/10.24149/gwp228
2820,https://openalex.org/W2197632335,
2821,https://openalex.org/W2279639501,
2822,https://openalex.org/W2407450523,https://doi.org/10.1021/ic971216d
2823,https://openalex.org/W2128052881,https://doi.org/10.2135/cropsci2013.11.0753
2824,https://openalex.org/W3180055055,https://doi.org/10.1111/1468-5922.12684
2825,https://openalex.org/W3021173807,https://doi.org/10.1002/14651858.cd011273.pub2
2826,https://openalex.org/W2038753261,https://doi.org/10.1017/s0143385797079170
2827,https://openalex.org/W4394060837,https://doi.org/10.2486/indhealth.2023-0181
2828,https://openalex.org/W4307377812,https://doi.org/10.18520/cs/v123/i6/781-790
2829,https://openalex.org/W2527343031,https://doi.org/10.1246/cl.1996.911
2830,https://openalex.org/W2006541045,https://doi.org/10.1001/archneurpsyc.1954.02330050020003
2831,https://openalex.org/W2888269420,https://doi.org/10.21037/jtd.2018.07.67
2832,https://openalex.org/W2503557106,https://doi.org/10.1088/0067-0049/213/2/22
2833,https://openalex.org/W4250496696,https://doi.org/10.1182/blood.v76.9.1723.1723
2834,https://openalex.org/W2129507046,https://doi.org/10.1016/j.jcrs.2011.01.029
2835,https://openalex.org/W2182634108,
2836,https://openalex.org/W2126127976,https://doi.org/10.1185/03007995.2015.1094653
2837,https://openalex.org/W4390911305,https://doi.org/10.21437/speechprosody.2002-150
2838,https://openalex.org/W2079138385,https://doi.org/10.1248/bpb.33.641
2839,https://openalex.org/W3044990764,https://doi.org/10.1086/710957
2840,https://openalex.org/W2681762178,https://doi.org/10.1299/jsmemmt.2004.5.145
2841,https://openalex.org/W3121174482,https://doi.org/10.1103/physrevapplied.15.014048
2842,https://openalex.org/W1964418717,https://doi.org/10.1039/p19940000589
2843,https://openalex.org/W2013391987,https://doi.org/10.1515/znb-1993-1014
2844,https://openalex.org/W2972685978,https://doi.org/10.1049/iet-gtd.2019.0406
2845,https://openalex.org/W4294435800,https://doi.org/10.48550/arxiv.2209.00629
2846,https://openalex.org/W2143237900,https://doi.org/10.1109/mse.2009.5270817
2847,https://openalex.org/W4391217484,https://doi.org/10.3389/frhem.2024.1305741
2848,https://openalex.org/W4387245391,https://doi.org/10.1089/vim.2023.0072
2849,https://openalex.org/W2545537932,https://doi.org/10.1111/emre.12095
2850,https://openalex.org/W1506511981,https://doi.org/10.48550/arxiv.0810.0269
2851,https://openalex.org/W1970125218,https://doi.org/10.5194/angeo-29-717-2011
2852,https://openalex.org/W2947958333,https://doi.org/10.1002/ams2.432
2853,https://openalex.org/W3110150461,https://doi.org/10.1063/5.0028260
2854,https://openalex.org/W4300505013,https://doi.org/10.15622/sp.2.19
2855,https://openalex.org/W4240386172,https://doi.org/10.1002/(sici)1097-0215(19970807)72:4<664::aid-ijc19>3.3.co;2-3
2856,https://openalex.org/W3135912377,https://doi.org/10.20944/preprints202103.0516.v1
2857,https://openalex.org/W1997016388,https://doi.org/10.3103/s0747923912020053
2858,https://openalex.org/W2286827774,https://doi.org/10.1055/s-2003-40640
2859,https://openalex.org/W2058754213,https://doi.org/10.1080/0269000950080305
2860,https://openalex.org/W2038271067,https://doi.org/10.1093/infdis/jir272
2861,https://openalex.org/W4318594883,https://doi.org/10.3390/en16031397
2862,https://openalex.org/W4299645801,https://doi.org/10.1364/cleo_qels.2022.fw5j.5
2863,https://openalex.org/W2476547801,https://doi.org/10.2307/25047247
2864,https://openalex.org/W2793384768,https://doi.org/10.1107/s2053229618002279
2865,https://openalex.org/W2903359181,https://doi.org/10.31144/bncc.cs.2542-1972.2017.n41.p13-25
2866,https://openalex.org/W2144294198,https://doi.org/10.1080/00222933.2010.504890
2867,https://openalex.org/W2528268709,https://doi.org/10.1002/bjs.10269
2868,https://openalex.org/W2014483028,https://doi.org/10.1080/07060668809501758
2869,https://openalex.org/W2059357275,https://doi.org/10.1017/s0305004100056814
2870,https://openalex.org/W2371232629,
2871,https://openalex.org/W2793517007,
2872,https://openalex.org/W2070441886,https://doi.org/10.1021/ja00733a022
2873,https://openalex.org/W4293868813,https://doi.org/10.1109/iceemt56362.2022.9862764
2874,https://openalex.org/W1830388771,https://doi.org/10.1128/jb.180.12.3049-3055.1998
2875,https://openalex.org/W4376609175,https://doi.org/10.1088/1742-6596/2493/1/012014
2876,https://openalex.org/W2004739416,https://doi.org/10.1109/pimrc.2007.4394597
2877,https://openalex.org/W4406715166,https://doi.org/10.25163/angiotherapy.81210103
2878,https://openalex.org/W4387059621,https://doi.org/10.1002/acp.4137
2879,https://openalex.org/W2945689829,https://doi.org/10.1257/pandp.20191059
2880,https://openalex.org/W2546922590,https://doi.org/10.2174/1874210601610010575
2881,https://openalex.org/W2102046932,https://doi.org/10.5539/ep.v2n4p123
2882,https://openalex.org/W4281684735,https://doi.org/10.32674/jump.v6i1.4391
2883,https://openalex.org/W1988600145,https://doi.org/10.2514/3.21056
2884,https://openalex.org/W2560632511,https://doi.org/10.4088/jcp.15m10383
2885,https://openalex.org/W2101668146,https://doi.org/10.1109/tsp.2015.2500893
2886,https://openalex.org/W2035058945,https://doi.org/10.1080/01496390902881105
2887,https://openalex.org/W1980167634,
2888,https://openalex.org/W3148153833,https://doi.org/10.5555/1361730.1361733
2889,https://openalex.org/W4414583731,https://doi.org/10.1016/j.mex.2025.103648
2890,https://openalex.org/W3035097778,https://doi.org/10.12783/dtssehs/icesd2020/34494
2891,https://openalex.org/W2099781636,https://doi.org/10.1093/infdis/174.supplement_3.s320
2892,https://openalex.org/W2031858477,https://doi.org/10.1088/0029-5515/35/5/i05
2893,https://openalex.org/W2154893662,https://doi.org/10.1002/int.20081
2894,https://openalex.org/W2537875705,https://doi.org/10.1007/s10228-016-0556-1
2895,https://openalex.org/W2103694785,https://doi.org/10.1002/jctb.5020220809
2896,https://openalex.org/W2143218697,
2897,https://openalex.org/W1510851690,https://doi.org/10.13185/2244-1638.4115
2898,https://openalex.org/W3083524414,https://doi.org/10.21123/bsj.2018.15.2.0181
2899,https://openalex.org/W1987323078,https://doi.org/10.1080/10286020903164269
2900,https://openalex.org/W4318753937,https://doi.org/10.1093/oncolo/oyac268
2901,https://openalex.org/W23433472,https://doi.org/10.1016/j.ijom.2012.12.003
2902,https://openalex.org/W2128086897,https://doi.org/10.1111/j.1467-842x.1981.tb00755.x
2903,https://openalex.org/W2021076229,https://doi.org/10.14475/kjhpc.2015.18.1.9
2904,https://openalex.org/W4200130953,https://doi.org/10.54783/ijsoc.v3i4.392
2905,https://openalex.org/W1847911293,https://doi.org/10.3892/ijo.2015.3189
2906,https://openalex.org/W4388618221,https://doi.org/10.1051/apido:2006010/pdf
2907,https://openalex.org/W2321445324,https://doi.org/10.1021/jp300155g
2908,https://openalex.org/W3124892500,https://doi.org/10.1021/acsomega.0c05313
2909,https://openalex.org/W2061163460,https://doi.org/10.1002/1098-2264(2001)9999:9999<::aid-gcc1107>3.0.co;2-c
2910,https://openalex.org/W4401535259,https://doi.org/10.1038/s41467-024-51223-x
2911,https://openalex.org/W4401418818,https://doi.org/10.1039/d4tb00450g
2912,https://openalex.org/W108427368,
2913,https://openalex.org/W2133762002,https://doi.org/10.1001/archinte.1986.00360220193031
2914,https://openalex.org/W2776897017,https://doi.org/10.1080/02770903.2017.1410831
2915,https://openalex.org/W3015996050,https://doi.org/10.2967/jnumed.120.241877
2916,https://openalex.org/W2118245688,https://doi.org/10.1109/iembs.1989.95972
2917,https://openalex.org/W3012483632,https://doi.org/10.1089/thy.2019.0516
2918,https://openalex.org/W3091976650,https://doi.org/10.1111/jphd.12406
2919,https://openalex.org/W4403157836,https://doi.org/10.1016/j.jbc.2024.107858
2920,https://openalex.org/W2042450187,https://doi.org/10.1136/bmj.310.6974.261
2921,https://openalex.org/W1972456702,https://doi.org/10.1097/aog.0b013e318258ff4b
2922,https://openalex.org/W2421069108,
2923,https://openalex.org/W3159095814,https://doi.org/10.1002/mds.28624
2924,https://openalex.org/W4321110101,https://doi.org/10.3389/fmicb.2023.1091442
2925,https://openalex.org/W2797303573,https://doi.org/10.1177/1087054718763729
2926,https://openalex.org/W2087456572,https://doi.org/10.1097/00006199-197805000-00024
2927,https://openalex.org/W1995093152,https://doi.org/10.1177/1754073912439769
2928,https://openalex.org/W2887453093,
2929,https://openalex.org/W2018602524,https://doi.org/10.1210/jcem.83.9.5131
2930,https://openalex.org/W1279384,https://doi.org/10.2527/2006.843712x
2931,https://openalex.org/W4385898492,https://doi.org/10.1177/0271678x231196804
2932,https://openalex.org/W2029631491,https://doi.org/10.1017/s0014479700011595
2933,https://openalex.org/W2080044582,https://doi.org/10.1136/hrt.61.5.426
2934,https://openalex.org/W4210491585,https://doi.org/10.35808/ersj/2853
2935,https://openalex.org/W2122754082,https://doi.org/10.4137/sart.s3354
2936,https://openalex.org/W2972975186,https://doi.org/10.21273/hortsci14186-19
2937,https://openalex.org/W4221007164,https://doi.org/10.13066/kspm.2022.17.1.63
2938,https://openalex.org/W2891618333,https://doi.org/10.1111/anae.13136
2939,https://openalex.org/W2159052107,https://doi.org/10.1109/eicccc.2006.277214
2940,https://openalex.org/W2167932888,https://doi.org/10.1002/pola.26860
2941,https://openalex.org/W4235840236,https://doi.org/10.26226/morressier.6076f2e66e987178c2dbdf3f
2942,https://openalex.org/W1985298323,https://doi.org/10.2741/2077
2943,https://openalex.org/W4231088907,https://doi.org/10.31142/ijtsrd14158
2944,https://openalex.org/W3164060187,https://doi.org/10.1167/jov.21.5.29
2945,https://openalex.org/W3063915555,https://doi.org/10.17161/hct.v1i2.13412
2946,https://openalex.org/W4255341891,https://doi.org/10.1002/pssa.200723171
2947,https://openalex.org/W3133098488,https://doi.org/10.33578/jtlee.v4i1.7872
2948,https://openalex.org/W2037618106,https://doi.org/10.1117/12.2074164
2949,https://openalex.org/W1514968389,https://doi.org/10.1080/08998280.2002.11927848
2950,https://openalex.org/W3048455630,https://doi.org/10.1183/13993003.02341-2020
2951,https://openalex.org/W2257177355,
2952,https://openalex.org/W4248783428,https://doi.org/10.25249/0375-7536.2000301135139
2953,https://openalex.org/W1989003501,https://doi.org/10.1107/s1600536806038578
2954,https://openalex.org/W4386282727,https://doi.org/10.3390/foods12173256
2955,https://openalex.org/W2753514200,https://doi.org/10.1080/09720502.2017.1358876
2956,https://openalex.org/W2949789124,https://doi.org/10.1002/ejoc.201301159
2957,https://openalex.org/W4303430989,https://doi.org/10.1101/2022.10.05.511061
2958,https://openalex.org/W2059758879,https://doi.org/10.1021/ma040108p
2959,https://openalex.org/W2065412354,https://doi.org/10.1063/1.363227
2960,https://openalex.org/W1966069260,https://doi.org/10.1107/s010827010101561x
2961,https://openalex.org/W1212956734,
2962,https://openalex.org/W4407554781,https://doi.org/10.1039/d4se01348d
2963,https://openalex.org/W4313887924,https://doi.org/10.1016/j.cub.2022.12.027
2964,https://openalex.org/W4254390989,https://doi.org/10.1042/0264-6021:3450467
2965,https://openalex.org/W2045065865,https://doi.org/10.1046/j.1472-4642.2002.00147.x
2966,https://openalex.org/W2082998261,https://doi.org/10.1037/a0029303
2967,https://openalex.org/W2056709263,https://doi.org/10.1080/02667363.2014.883498
2968,https://openalex.org/W2137040429,https://doi.org/10.1136/thx.2010.157404
2969,https://openalex.org/W4405963142,https://doi.org/10.62347/rnwd3336
2970,https://openalex.org/W2073996028,https://doi.org/10.1073/pnas.82.15.4992
2971,https://openalex.org/W3122646076,https://doi.org/10.31124/advance.13638041.v1
2972,https://openalex.org/W4224920471,https://doi.org/10.1080/21655979.2022.2066760
2973,https://openalex.org/W3211256485,https://doi.org/10.13188/2471-4879.1000031
2974,https://openalex.org/W2398188737,https://doi.org/10.1017/bhj.2015.7
2975,https://openalex.org/W1984152257,https://doi.org/10.2519/jospt.1995.22.2.52
2976,https://openalex.org/W1675675318,
2977,https://openalex.org/W1993322507,https://doi.org/10.2135/cropsci1990.0011183x003000050016x
2978,https://openalex.org/W2139441664,https://doi.org/10.1109/mc.2006.130
2979,https://openalex.org/W1979818149,https://doi.org/10.5713/ajas.2009.70549
2980,https://openalex.org/W2010059322,https://doi.org/10.2307/540118
2981,https://openalex.org/W4377219951,https://doi.org/10.3389/fonc.2023.1154493
2982,https://openalex.org/W4231139981,https://doi.org/10.54648/cola1995011
2983,https://openalex.org/W2143857284,https://doi.org/10.1109/icip.1999.817191
2984,https://openalex.org/W2260325830,https://doi.org/10.5281/zenodo.1094580
2985,https://openalex.org/W2015061292,https://doi.org/10.1021/ac60230a006
2986,https://openalex.org/W2000568934,https://doi.org/10.1080/01496398208060265
2987,https://openalex.org/W2095022030,https://doi.org/10.5586/asbp.1984.037
2988,https://openalex.org/W4283014299,https://doi.org/10.3390/nu14122529
2989,https://openalex.org/W1964372312,https://doi.org/10.1080/1036970920140204
2990,https://openalex.org/W4391608969,https://doi.org/10.3389/fpubh.2024.1106578
2991,https://openalex.org/W1998004772,https://doi.org/10.1073/pnas.70.9.2492
2992,https://openalex.org/W2154231359,https://doi.org/10.1155/2013/827831
2993,https://openalex.org/W2170853499,https://doi.org/10.1002/pssa.2210550122
2994,https://openalex.org/W2498032194,https://doi.org/10.1051/shsconf/20162902041
2995,https://openalex.org/W3108834423,https://doi.org/10.18261/issn.2387-3299-2020-02-01
2996,https://openalex.org/W4306705650,https://doi.org/10.48550/arxiv.2210.07680
2997,https://openalex.org/W2330809258,https://doi.org/10.1109/icelmach.2014.6960497
2998,https://openalex.org/W1973355668,https://doi.org/10.2147/copd.s7509
2999,https://openalex.org/W3038495047,https://doi.org/10.1021/acs.iecr.0c01562
3000,https://openalex.org/W2054704406,https://doi.org/10.1002/ecjb.20213
3001,https://openalex.org/W4379164047,https://doi.org/10.47467/elmujtama.v3i3.2995
3002,https://openalex.org/W2398255395,https://doi.org/10.1055/s-0035-1549303
3003,https://openalex.org/W2482512523,https://doi.org/10.2298/sarh1606320j
3004,https://openalex.org/W2021305318,https://doi.org/10.2478/s11533-009-0009-4
3005,https://openalex.org/W4312286785,https://doi.org/10.54783/portofolio.v17i2.201
3006,https://openalex.org/W4391985096,https://doi.org/10.1097/ju9.0000000000000108
3007,https://openalex.org/W2556587947,https://doi.org/10.3892/mmr.2016.5947
3008,https://openalex.org/W2595550175,
3009,https://openalex.org/W2086360919,https://doi.org/10.1002/cjce.20549
3010,https://openalex.org/W2137593184,https://doi.org/10.2983/0730-8000(2005)24[91:aastol]2.0.co;2
3011,https://openalex.org/W2999433270,https://doi.org/10.1039/c9tc06710h
3012,https://openalex.org/W2534091553,https://doi.org/10.17567/ataunidfd.321458
3013,https://openalex.org/W2130634407,https://doi.org/10.4028/www.scientific.net/amm.421.193
3014,https://openalex.org/W2970461433,https://doi.org/10.1371/journal.pone.0221881
3015,https://openalex.org/W2585711366,https://doi.org/10.1504/ijguc.2017.10003000
3016,https://openalex.org/W2368202277,
3017,https://openalex.org/W2034228680,https://doi.org/10.1097/mlr.0b013e318245a53c
3018,https://openalex.org/W2029523823,https://doi.org/10.7882/az.2010.028
3019,https://openalex.org/W2087231240,https://doi.org/10.3168/jds.s0022-0302(89)79138-4
3020,https://openalex.org/W2129187707,https://doi.org/10.1039/c3nr05885a
3021,https://openalex.org/W2022535294,https://doi.org/10.1016/s0022-5347(05)60383-7
3022,https://openalex.org/W2069951768,https://doi.org/10.1080/00150199208017041
3023,https://openalex.org/W2126027423,https://doi.org/10.1177/1076029611433643
3024,https://openalex.org/W3173328287,https://doi.org/10.21856/j-pep.2019.1.09
3025,https://openalex.org/W2049831434,https://doi.org/10.1111/j.1476-5381.1996.tb15414.x
3026,https://openalex.org/W1976538126,https://doi.org/10.1109/hicss.2014.542
3027,https://openalex.org/W2574110514,https://doi.org/10.1159/000454955
3028,https://openalex.org/W4387568231,https://doi.org/10.3390/arthropoda1040015
3029,https://openalex.org/W2040875512,https://doi.org/10.1190/1.1437608
3030,https://openalex.org/W1593445834,https://doi.org/10.5860/choice.44-4483
3031,https://openalex.org/W4391399209,https://doi.org/10.18860/ling.v18i1.20312
3032,https://openalex.org/W1845691810,https://doi.org/10.1109/enabl.2001.953396
3033,https://openalex.org/W2040992409,https://doi.org/10.1063/1.341435
3034,https://openalex.org/W2472177958,https://doi.org/10.1127/metz/3/1994/233
3035,https://openalex.org/W2327854615,https://doi.org/10.1017/s1744552314000263
3036,https://openalex.org/W2538624122,https://doi.org/10.1049/cp:20070227
3037,https://openalex.org/W2033778717,https://doi.org/10.1017/s0013091500018356
3038,https://openalex.org/W2322964850,https://doi.org/10.9773/sosei.47.149
3039,https://openalex.org/W1599542927,
3040,https://openalex.org/W1997712903,https://doi.org/10.1002/jcp.22943
3041,https://openalex.org/W4250874389,https://doi.org/10.1001/jama.204.12.1140
3042,https://openalex.org/W3027373913,https://doi.org/10.3791/60966
3043,https://openalex.org/W2620136511,https://doi.org/10.1155/2017/6327180
3044,https://openalex.org/W4413865879,https://doi.org/10.3904/kjim.2025.068
3045,https://openalex.org/W4256666130,https://doi.org/10.1097/00007890-199412150-00015
3046,https://openalex.org/W2090896940,https://doi.org/10.3923/pjbs.2001.926.930
3047,https://openalex.org/W4389620414,https://doi.org/10.31328/jsae.v6i2.4820
3048,https://openalex.org/W2905773287,https://doi.org/10.1080/0371750x.2018.1542344
3049,https://openalex.org/W1580645746,
3050,https://openalex.org/W4221085561,https://doi.org/10.1080/17496977.2022.2047330
3051,https://openalex.org/W2312456969,https://doi.org/10.5188/jsmerj.5.44
3052,https://openalex.org/W2017144786,https://doi.org/10.1002/mop.4650100318
3053,https://openalex.org/W2799893515,https://doi.org/10.1029/2018ja025366
3054,https://openalex.org/W2035813797,https://doi.org/10.1109/embc.2014.6944939
3055,https://openalex.org/W3036883941,https://doi.org/10.1021/acs.orglett.0c01717
3056,https://openalex.org/W2068962724,https://doi.org/10.1080/13523260.2013.805932
3057,https://openalex.org/W3119071159,
3058,https://openalex.org/W2116252067,
3059,https://openalex.org/W2337434517,
3060,https://openalex.org/W4321105297,https://doi.org/10.1080/17482798.2023.2177318
3061,https://openalex.org/W2756695408,
3062,https://openalex.org/W4320929861,https://doi.org/10.1364/ecbo.2001.4432_110
3063,https://openalex.org/W3161282402,https://doi.org/10.1016/j.biopha.2021.111721
3064,https://openalex.org/W4407782729,https://doi.org/10.1021/acs.langmuir.4c04609
3065,https://openalex.org/W2048584555,https://doi.org/10.1086/157343
3066,https://openalex.org/W2555252803,https://doi.org/10.1080/21541248.2016.1260673
3067,https://openalex.org/W1582407896,
3068,https://openalex.org/W3014361334,https://doi.org/10.17116/dokgastro202090115
3069,https://openalex.org/W2052855523,https://doi.org/10.1145/288392.288597
3070,https://openalex.org/W2807258415,https://doi.org/10.3324/haematol.2018.188920
3071,https://openalex.org/W2113501403,https://doi.org/10.1152/jn.91143.2008
3072,https://openalex.org/W1535774764,
3073,https://openalex.org/W2061197939,https://doi.org/10.1144/sp385.5
3074,https://openalex.org/W1515097487,https://doi.org/10.3176/earth.2007.18
3075,https://openalex.org/W2022213177,
3076,https://openalex.org/W2084184891,https://doi.org/10.1111/j.1440-1681.2008.04946.x
3077,https://openalex.org/W2163809370,https://doi.org/10.1128/jvi.74.12.5395-5402.2000
3078,https://openalex.org/W1995570555,https://doi.org/10.1029/95ja01346
3079,https://openalex.org/W3108487009,https://doi.org/10.51467/asko.2018.09.14.3.153
3080,https://openalex.org/W3013093478,https://doi.org/10.1038/s41467-020-15562-9
3081,https://openalex.org/W2204985853,https://doi.org/10.2106/jbjs.f.01154
3082,https://openalex.org/W2057066078,https://doi.org/10.1115/pvp2011-57768
3083,https://openalex.org/W2145577946,https://doi.org/10.1039/c3gc40441b
3084,https://openalex.org/W2893549941,https://doi.org/10.1101/429589
3085,https://openalex.org/W2160602419,https://doi.org/10.1097/00000542-200312000-00039
3086,https://openalex.org/W2040951464,https://doi.org/10.1080/00220387008421331
3087,https://openalex.org/W2139210060,https://doi.org/10.22004/ag.econ.43946
3088,https://openalex.org/W183725826,https://doi.org/10.4137/dti.s672
3089,https://openalex.org/W2018872106,https://doi.org/10.1017/s0040298200008044
3090,https://openalex.org/W2370325659,
3091,https://openalex.org/W4317867634,https://doi.org/10.1080/07391102.2023.2169764
3092,https://openalex.org/W4210635229,https://doi.org/10.1108/jepp-08-2021-0105
3093,https://openalex.org/W2069449816,https://doi.org/10.1002/ett.2784
3094,https://openalex.org/W2937107082,https://doi.org/10.1145/3325061.3325064
3095,https://openalex.org/W2352234189,
3096,https://openalex.org/W4389794356,https://doi.org/10.3390/ma16247657
3097,https://openalex.org/W4383860805,https://doi.org/10.48550/arxiv.2307.03688
3098,https://openalex.org/W1518618707,https://doi.org/10.4049/jimmunol.139.3.695
3099,https://openalex.org/W1968466771,https://doi.org/10.1103/physrevlett.94.097801
3100,https://openalex.org/W2975709872,https://doi.org/10.1111/jmwh.13049
3101,https://openalex.org/W2105449158,https://doi.org/10.1186/1476-4598-9-247
3102,https://openalex.org/W2318735978,https://doi.org/10.2307/2674721
3103,https://openalex.org/W2917744694,https://doi.org/10.5006/mp2009_48_11-36
3104,https://openalex.org/W2991515299,https://doi.org/10.24912/erahukum.v17i1.5980
3105,https://openalex.org/W2902132546,https://doi.org/10.1109/apeie.2018.8546224
3106,https://openalex.org/W2798833929,https://doi.org/10.18653/v1/p18-1116
3107,https://openalex.org/W3178527840,https://doi.org/10.1088/1742-6596/1879/3/032125
3108,https://openalex.org/W2325414427,https://doi.org/10.2190/cs.15.3.b
3109,https://openalex.org/W1970138827,https://doi.org/10.1111/j.1475-4991.1974.tb00914.x
3110,https://openalex.org/W4295539899,https://doi.org/10.3390/machines10090804
3111,https://openalex.org/W1558313151,https://doi.org/10.5937/vojtehg61-2595
3112,https://openalex.org/W4294975626,https://doi.org/10.1109/embc48229.2022.9871180
3113,https://openalex.org/W2014764370,https://doi.org/10.1167/iovs.12-11256
3114,https://openalex.org/W2064643203,https://doi.org/10.1109/acc.2010.5531255
3115,https://openalex.org/W4298071458,https://doi.org/10.1084/jem.134.3.320
3116,https://openalex.org/W3019542727,https://doi.org/10.1109/csci49370.2019.00107
3117,https://openalex.org/W4290432360,
3118,https://openalex.org/W2296195299,
3119,https://openalex.org/W2484954735,
3120,https://openalex.org/W2170202649,https://doi.org/10.1017/s1431927613001037
3121,https://openalex.org/W2017342539,https://doi.org/10.5762/kais.2012.13.12.6034
3122,https://openalex.org/W3194219336,https://doi.org/10.1093/qje/qjab022
3123,https://openalex.org/W2032765120,https://doi.org/10.1111/j.1467-873x.2008.00438.x
3124,https://openalex.org/W6902263321,https://doi.org/10.6084/m9.figshare.3504803
3125,https://openalex.org/W1673709668,https://doi.org/10.4100/jhse.2008.31.02
3126,https://openalex.org/W4210438594,https://doi.org/10.3389/fimmu.2022.779574
3127,https://openalex.org/W2085006873,https://doi.org/10.7164/antibiotics.33.441
3128,https://openalex.org/W4214828252,https://doi.org/10.1109/jsac.2022.3155496
3129,https://openalex.org/W1964209144,https://doi.org/10.1063/1.1702792
3130,https://openalex.org/W4366709502,https://doi.org/10.1108/ijmpb-10-2022-0224
3131,https://openalex.org/W2032840673,https://doi.org/10.1515/zna-1973-0510
3132,https://openalex.org/W3012448220,https://doi.org/10.1017/s1049023x2000031x
3133,https://openalex.org/W4403894418,https://doi.org/10.1007/s11295-024-01679-1
3134,https://openalex.org/W439476796,https://doi.org/10.1086/679399
3135,https://openalex.org/W4293156357,https://doi.org/10.1016/j.ijinfomgt.2022.102571
3136,https://openalex.org/W2151485822,https://doi.org/10.1109/ijcnn.1992.227315
3137,https://openalex.org/W4235391122,https://doi.org/10.1001/jama.1940.02810210048016
3138,https://openalex.org/W2124777960,https://doi.org/10.1111/j.1467-9361.2011.00605.x
3139,https://openalex.org/W2897610693,https://doi.org/10.1080/08820139.2018.1529791
3140,https://openalex.org/W2048090167,https://doi.org/10.1097/00005392-200102000-00021
3141,https://openalex.org/W2060700981,https://doi.org/10.1093/nar/5.3.805
3142,https://openalex.org/W2991852568,https://doi.org/10.2175/193864708790894485
3143,https://openalex.org/W2329157608,https://doi.org/10.5560/znb.2014-4168
3144,https://openalex.org/W2015364428,https://doi.org/10.1177/0032329206297145
3145,https://openalex.org/W2014896548,https://doi.org/10.1109/ipcon.2012.6358869
3146,https://openalex.org/W2953113329,https://doi.org/10.1002/chin.199150257
3147,https://openalex.org/W2131438908,https://doi.org/10.1073/pnas.1015081108
3148,https://openalex.org/W2167106674,https://doi.org/10.1002/mma.2560
3149,https://openalex.org/W2921339052,https://doi.org/10.25272/ijisef.452611
3150,https://openalex.org/W1984367237,https://doi.org/10.1088/0957-4484/20/5/055106
3151,https://openalex.org/W2298369524,https://doi.org/10.1016/j.jrras.2016.02.007
3152,https://openalex.org/W2152040572,https://doi.org/10.1093/carcin/23.11.1947
3153,https://openalex.org/W2314055269,https://doi.org/10.1252/kakoronbunshu1953.28.657
3154,https://openalex.org/W4391138898,https://doi.org/10.20542/afij-2023-4-13-25
3155,https://openalex.org/W2252914587,https://doi.org/10.1080/13669877.2015.1042503
3156,https://openalex.org/W2186751959,
3157,https://openalex.org/W2971462932,https://doi.org/10.15407/socium2014.01.090
3158,https://openalex.org/W2552646716,https://doi.org/10.1038/cddis.2016.390
3159,https://openalex.org/W1982153292,https://doi.org/10.1002/jcp.1030660404
3160,https://openalex.org/W2002722113,https://doi.org/10.1029/2006gl025997
3161,https://openalex.org/W2001336172,https://doi.org/10.1080/01446193.2012.665996
3162,https://openalex.org/W4224441495,https://doi.org/10.3389/fsurg.2022.883973
3163,https://openalex.org/W4403335469,https://doi.org/10.3390/nano14201629
3164,https://openalex.org/W2321379348,https://doi.org/10.5254/1.3543546
3165,https://openalex.org/W2088498462,https://doi.org/10.1016/s1631-0691(03)00025-8
3166,https://openalex.org/W4393360908,https://doi.org/10.1587/nolta.15.501
3167,https://openalex.org/W4405653498,https://doi.org/10.1017/s1474746424000538
3168,https://openalex.org/W1011097750,https://doi.org/10.1515/mms-2015-0009
3169,https://openalex.org/W2142005244,https://doi.org/10.1080/05704928.2011.557458
3170,https://openalex.org/W2001503086,https://doi.org/10.1143/jjap.43.3257
3171,https://openalex.org/W2188783866,https://doi.org/10.11646/zootaxa.605.1.1
3172,https://openalex.org/W2794016486,https://doi.org/10.1016/j.egypro.2017.12.136
3173,https://openalex.org/W2409015522,
3174,https://openalex.org/W2074187913,https://doi.org/10.1037/h0077878
3175,https://openalex.org/W1966095906,https://doi.org/10.1021/es60153a015
3176,https://openalex.org/W4389921916,https://doi.org/10.1590/2317-1782/20232023042en
3177,https://openalex.org/W1703385794,
3178,https://openalex.org/W2156398815,https://doi.org/10.1677/erc-09-0057
3179,https://openalex.org/W2410873037,
3180,https://openalex.org/W2975065496,https://doi.org/10.3390/admsci9040076
3181,https://openalex.org/W2042309048,https://doi.org/10.1097/00003072-199901000-00023
3182,https://openalex.org/W3120381762,https://doi.org/10.25215/0804.133
3183,https://openalex.org/W2025159406,https://doi.org/10.1126/science.7569902
3184,https://openalex.org/W2612590060,https://doi.org/10.5050/ksnve.2017.27.1.094
3185,https://openalex.org/W4386105228,https://doi.org/10.1109/is3c57901.2023.00013
3186,https://openalex.org/W1974751729,https://doi.org/10.12968/bjom.2004.12.1.11974
3187,https://openalex.org/W4376617749,https://doi.org/10.1364/ol.494087
3188,https://openalex.org/W1990041454,https://doi.org/10.1260/1747-9541.8.3.493
3189,https://openalex.org/W2000456601,https://doi.org/10.1080/15459624.2011.596043
3190,https://openalex.org/W2332900587,https://doi.org/10.3982/qe268
3191,https://openalex.org/W2384500375,
3192,https://openalex.org/W4312957123,https://doi.org/10.1109/i4tech55392.2022.9952994
3193,https://openalex.org/W2069132821,https://doi.org/10.1136/ebn.6.1.22
3194,https://openalex.org/W2124282127,https://doi.org/10.1093/jnci/djt318
3195,https://openalex.org/W2078218531,https://doi.org/10.1093/oxfordjournals.eurheartj.a014879
3196,https://openalex.org/W4306874631,https://doi.org/10.1093/treephys/tpac125
3197,https://openalex.org/W2112107013,https://doi.org/10.1128/cvi.00274-09
3198,https://openalex.org/W1990471732,https://doi.org/10.1097/00006982-199313020-00010
3199,https://openalex.org/W4311168166,https://doi.org/10.1097/qad.0000000000003427
3200,https://openalex.org/W2330691859,https://doi.org/10.2307/2921170
3201,https://openalex.org/W4385684316,https://doi.org/10.1021/acs.molpharmaceut.3c00403
3202,https://openalex.org/W3010753202,https://doi.org/10.1136/openhrt-2019-001141
3203,https://openalex.org/W2964031041,
3204,https://openalex.org/W2226346924,https://doi.org/10.21273/hortsci.48.11.1358
3205,https://openalex.org/W2948283643,https://doi.org/10.5846/stxb201801080049
3206,https://openalex.org/W2072854737,https://doi.org/10.2135/cropsci1992.0011183x003200050013x
3207,https://openalex.org/W2903275112,https://doi.org/10.23939/istcmtm2018.02.042
3208,https://openalex.org/W2317727819,https://doi.org/10.1097/ncq.0000000000000077
3209,https://openalex.org/W2315139084,https://doi.org/10.3181/00379727-25-3795
3210,https://openalex.org/W2121345801,https://doi.org/10.1002/lsm.10147
3211,https://openalex.org/W2995759968,https://doi.org/10.1002/oby.22696
3212,https://openalex.org/W2169822912,https://doi.org/10.1109/euc.2010.129
3213,https://openalex.org/W2789789039,https://doi.org/10.1109/tap.2018.2816599
3214,https://openalex.org/W2170854141,https://doi.org/10.1002/(sici)1099-0887(199609)12:9<557::aid-cnm5>3.0.co;2-j
3215,https://openalex.org/W2091468826,https://doi.org/10.1080/00221341.2015.1016546
3216,https://openalex.org/W2359404985,
3217,https://openalex.org/W1976112526,https://doi.org/10.1103/physreva.90.063636
3218,https://openalex.org/W2887956577,
3219,https://openalex.org/W2998945228,https://doi.org/10.3390/ma13020414
3220,https://openalex.org/W3158451200,https://doi.org/10.52543/tjpp.15.2.2
3221,https://openalex.org/W2357554846,
3222,https://openalex.org/W2113273077,https://doi.org/10.1109/isvri.2011.5759639
3223,https://openalex.org/W2752954983,https://doi.org/10.1002/hep.29499
3224,https://openalex.org/W3015291757,https://doi.org/10.1002/pon.5387
3225,https://openalex.org/W2509458111,https://doi.org/10.1109/coa.2016.7535786
3226,https://openalex.org/W1685835736,
3227,https://openalex.org/W4413926918,https://doi.org/10.3390/met15090963
3228,https://openalex.org/W1983033940,https://doi.org/10.1179/1743291x12y.0000000036
3229,https://openalex.org/W1906402861,https://doi.org/10.2991/meic-15.2015.16
3230,https://openalex.org/W2944572460,https://doi.org/10.3389/fgene.2019.00428
3231,https://openalex.org/W2318924601,https://doi.org/10.1299/kikaib.55.2781
3232,https://openalex.org/W1716799165,https://doi.org/10.1039/c5tc01926e
3233,https://openalex.org/W2105539324,https://doi.org/10.1109/lcn.2005.61
3234,https://openalex.org/W2342878126,https://doi.org/10.1109/icatcct.2015.7456951
3235,https://openalex.org/W4402008812,https://doi.org/10.1039/d4dt01850h
3236,https://openalex.org/W1517386355,https://doi.org/10.1120/jacmp.v15i2.4042
3237,https://openalex.org/W4251301791,https://doi.org/10.1300/j264v13n01_14
3238,https://openalex.org/W4312713637,https://doi.org/10.1109/icpr56361.2022.9956316
3239,https://openalex.org/W2104720094,https://doi.org/10.1098/rspa.1995.0105
3240,https://openalex.org/W2027791542,https://doi.org/10.1115/1.2172617
3241,https://openalex.org/W2093586179,https://doi.org/10.4018/ijaeis.2014100101
3242,https://openalex.org/W2794212512,https://doi.org/10.1002/bjs.10714
3243,https://openalex.org/W2033313551,https://doi.org/10.1080/09640568.2013.824872
3244,https://openalex.org/W2770343230,
3245,https://openalex.org/W4399437139,https://doi.org/10.48077/scihor5.2024.143
3246,https://openalex.org/W2131094178,https://doi.org/10.2118/18620-ms
3247,https://openalex.org/W2029612842,https://doi.org/10.2989/17280583.2012.735509
3248,https://openalex.org/W4380090657,https://doi.org/10.1142/s0217984923500963
3249,https://openalex.org/W2113800566,https://doi.org/10.1258/jrsm.2010.100339
3250,https://openalex.org/W2079156618,https://doi.org/10.1021/ct200231z
3251,https://openalex.org/W2349359045,
3252,https://openalex.org/W4250213318,https://doi.org/10.1002/(sici)1097-0290(19980420)58:2/3<299::aid-bit27>3.3.co;2-h
3253,https://openalex.org/W2436238698,https://doi.org/10.1021/acs.organomet.6b00248
3254,https://openalex.org/W2047461496,https://doi.org/10.1080/02705060.1981.9664042
3255,https://openalex.org/W2085076552,https://doi.org/10.1177/106689690401200409
3256,https://openalex.org/W2552319479,https://doi.org/10.1080/00332747.1942.11022414
3257,https://openalex.org/W3111682993,https://doi.org/10.1109/icce-asia49877.2020.9276951
3258,https://openalex.org/W2583907672,https://doi.org/10.1136/bmjopen-2016-013367
3259,https://openalex.org/W2807803185,https://doi.org/10.1089/pop.2018.0016
3260,https://openalex.org/W2047634903,https://doi.org/10.1051/rnd:19940647
3261,https://openalex.org/W1848562826,https://doi.org/10.1128/jb.87.6.1369-1376.1964
3262,https://openalex.org/W2569508898,https://doi.org/10.3389/fnhum.2016.00647
3263,https://openalex.org/W2099353841,https://doi.org/10.1109/rfit.2009.5383740
3264,https://openalex.org/W2461069230,https://doi.org/10.1136/ebmed-2016-110447
3265,https://openalex.org/W2981808655,https://doi.org/10.3760/cma.j.issn.1002-0098.2018.09.005
3266,https://openalex.org/W2079144198,https://doi.org/10.1111/j.1365-2621.1988.tb10180.x
3267,https://openalex.org/W2898910479,https://doi.org/10.2196/11072
3268,https://openalex.org/W1878656530,https://doi.org/10.1177/0003319715590299
3269,https://openalex.org/W2104276964,https://doi.org/10.1002/hlca.19820650219
3270,https://openalex.org/W2331616508,https://doi.org/10.4103/2152-7806.153882
3271,https://openalex.org/W2086193592,https://doi.org/10.1287/mnsc.42.4.516
3272,https://openalex.org/W1527173072,https://doi.org/10.1063/1.2744327
3273,https://openalex.org/W2772654867,https://doi.org/10.18551/rjoas.2017-11.39
3274,https://openalex.org/W2106736480,https://doi.org/10.1111/ejn.13023
3275,https://openalex.org/W2905284267,https://doi.org/10.3390/ma11122499
3276,https://openalex.org/W2086478495,https://doi.org/10.3727/096368912x657459
3277,https://openalex.org/W2151279368,https://doi.org/10.1039/np9890600539
3278,https://openalex.org/W2954564654,https://doi.org/10.1089/ham.2017.0149
3279,https://openalex.org/W2013850442,https://doi.org/10.1002/smll.200901459
3280,https://openalex.org/W2205243458,https://doi.org/10.1109/tit.2017.2753822
3281,https://openalex.org/W2005461536,https://doi.org/10.1093/jee/63.4.1187
3282,https://openalex.org/W2052615793,https://doi.org/10.1097/00061198-200604000-00013
3283,https://openalex.org/W7075641838,
3284,https://openalex.org/W4396556329,https://doi.org/10.1002/aur.3131
3285,https://openalex.org/W4301427301,https://doi.org/10.1109/compsac54236.2022.00147
3286,https://openalex.org/W2059502921,https://doi.org/10.1021/jp101299k
3287,https://openalex.org/W3038950246,https://doi.org/10.1051/e3sconf/202017512004
3288,https://openalex.org/W2410274722,https://doi.org/10.1080/08039488.2016.1188150
3289,https://openalex.org/W2094312257,https://doi.org/10.1115/1.4008875
3290,https://openalex.org/W2052945093,https://doi.org/10.1177/08959374970110011601
3291,https://openalex.org/W2006904688,https://doi.org/10.1103/physrevb.59.15240
3292,https://openalex.org/W2901155143,https://doi.org/10.22515/bg.v2i2.988
3293,https://openalex.org/W2413870428,
3294,https://openalex.org/W1980983552,https://doi.org/10.1109/isanp.2014.7026807
3295,https://openalex.org/W2320301417,https://doi.org/10.1177/1748006x13485192
3296,https://openalex.org/W4281652691,https://doi.org/10.1089/heq.2022.0075
3297,https://openalex.org/W2078598729,https://doi.org/10.1017/s1470542709000014
3298,https://openalex.org/W1999081577,https://doi.org/10.1103/physrevb.37.8537
3299,https://openalex.org/W1657001603,https://doi.org/10.1017/s0074180900154865
3300,https://openalex.org/W2393400306,
3301,https://openalex.org/W2332646534,https://doi.org/10.1061/40794(179)120
3302,https://openalex.org/W3113319071,https://doi.org/10.24843/jma.2020.v08.i02.p03
3303,https://openalex.org/W2043442135,https://doi.org/10.1521/bumc.65.1.41.18705
3304,https://openalex.org/W2035886181,https://doi.org/10.1093/infdis/jiu375
3305,https://openalex.org/W2065382366,https://doi.org/10.1002/ijc.23378
3306,https://openalex.org/W4313905223,https://doi.org/10.4171/dm/414
3307,https://openalex.org/W2803473451,https://doi.org/10.4102/ve.v39i1.1837
3308,https://openalex.org/W4390992456,https://doi.org/10.54085/ap.2023.12.2.36
3309,https://openalex.org/W1974464818,https://doi.org/10.1088/0022-3719/11/9/014
3310,https://openalex.org/W2236346292,https://doi.org/10.4271/2004-01-0738
3311,https://openalex.org/W2094699302,https://doi.org/10.1098/rspb.1987.0049
3312,https://openalex.org/W4283785866,https://doi.org/10.1016/j.jdcr.2022.06.022
3313,https://openalex.org/W2413664859,
3314,https://openalex.org/W2036082089,https://doi.org/10.1080/00193089.1968.10532750
3315,https://openalex.org/W4225254244,https://doi.org/10.1080/27694127.2022.2067642
3316,https://openalex.org/W4393212226,https://doi.org/10.3390/quantum6020014
3317,https://openalex.org/W2378870975,
3318,https://openalex.org/W4210591787,https://doi.org/10.1109/mepcon50283.2021.9686236
3319,https://openalex.org/W2114922712,https://doi.org/10.2337/dc10-2097
3320,https://openalex.org/W3045920532,https://doi.org/10.1051/0004-6361/201936756
3321,https://openalex.org/W2019049433,https://doi.org/10.7326/0003-4819-116-12-977
3322,https://openalex.org/W2335545250,https://doi.org/10.1515/bchm2.1978.359.2.999
3323,https://openalex.org/W3025598158,https://doi.org/10.3751/74.1.11
3324,https://openalex.org/W2166436964,https://doi.org/10.5194/angeo-22-1839-2004
3325,https://openalex.org/W3137419564,https://doi.org/10.3389/fchem.2021.654707
3326,https://openalex.org/W2313440089,https://doi.org/10.1103/physrevb.90.245421
3327,https://openalex.org/W1995374534,https://doi.org/10.1088/1009-1963/15/3/009
3328,https://openalex.org/W4388961048,https://doi.org/10.52330/jocss.v1i2.199
3329,https://openalex.org/W2011908247,https://doi.org/10.1111/j.1468-0270.2008.00850.x
3330,https://openalex.org/W2197367353,https://doi.org/10.13128/ijae-16931
3331,https://openalex.org/W4394572213,https://doi.org/10.3389/fphy.2024.1369939
3332,https://openalex.org/W4321374412,https://doi.org/10.3390/fractalfract7020203
3333,https://openalex.org/W2151533676,https://doi.org/10.1111/j.1740-8261.1986.tb00012.x
3334,https://openalex.org/W2036476515,https://doi.org/10.1109/jrproc.1958.286858
3335,https://openalex.org/W3199608561,
3336,https://openalex.org/W2914128828,https://doi.org/10.1097/md.0000000000013923
3337,https://openalex.org/W4307561367,https://doi.org/10.11591/ijece.v13i1.pp69-84
3338,https://openalex.org/W4247712226,https://doi.org/10.3189/s0022143000011345
3339,https://openalex.org/W2809180699,https://doi.org/10.1097/ico.0000000000001674
3340,https://openalex.org/W2079346214,https://doi.org/10.1088/0029-5515/22/2/011
3341,https://openalex.org/W4213337129,https://doi.org/10.1088/1742-6596/2187/1/012065
3342,https://openalex.org/W2097712369,https://doi.org/10.1017/s0954579404044505
3343,https://openalex.org/W2131501704,https://doi.org/10.1002/aic.690190315
3344,https://openalex.org/W2554449255,
3345,https://openalex.org/W311518190,
3346,https://openalex.org/W2970248051,https://doi.org/10.1080/15575330.2019.1656659
3347,https://openalex.org/W2327605222,https://doi.org/10.2475/ajs.255.4.282
3348,https://openalex.org/W2246258957,https://doi.org/10.7175/fe.v2i4.737
3349,https://openalex.org/W4391213570,https://doi.org/10.1088/1361-6528/ad22a9
3350,https://openalex.org/W4313547801,https://doi.org/10.26635/phd.2024.144
3351,https://openalex.org/W2151768954,https://doi.org/10.1093/oxfordjournals.jbchem.a133283
3352,https://openalex.org/W2741063706,https://doi.org/10.1111/cdev.12910
3353,https://openalex.org/W2956823662,https://doi.org/10.5604/01.3001.0013.2833
3354,https://openalex.org/W2001569637,https://doi.org/10.1089/rej.2006.9.219
3355,https://openalex.org/W3024361526,https://doi.org/10.1089/aid.2019.0020
3356,https://openalex.org/W3008392168,https://doi.org/10.1111/liv.14354
3357,https://openalex.org/W3215289521,https://doi.org/10.3390/life11121283
3358,https://openalex.org/W2093142903,https://doi.org/10.1080/00207178108922561
3359,https://openalex.org/W3037204139,https://doi.org/10.1002/jpln.202000097
3360,https://openalex.org/W2032682041,https://doi.org/10.1177/0886260511423239
3361,https://openalex.org/W2062706227,https://doi.org/10.1080/00268970802314394
3362,https://openalex.org/W4392251921,https://doi.org/10.3788/col202422.023901
3363,https://openalex.org/W4233542735,https://doi.org/10.2166/wst.1998.0020
3364,https://openalex.org/W2363830113,
3365,https://openalex.org/W2896196865,https://doi.org/10.1002/jum.14845
3366,https://openalex.org/W2972512992,https://doi.org/10.4274/eajem.galenos.2019.21033
3367,https://openalex.org/W2219233527,
3368,https://openalex.org/W2343691835,https://doi.org/10.1016/j.applthermaleng.2016.04.109
3369,https://openalex.org/W4396620809,https://doi.org/10.1007/s40751-024-00142-z
3370,https://openalex.org/W2324654909,https://doi.org/10.1097/00001703-200006000-00001
3371,https://openalex.org/W4320896780,https://doi.org/10.3847/2041-8213/acadd3
3372,https://openalex.org/W2009397101,https://doi.org/10.1159/000115226
3373,https://openalex.org/W4200109373,https://doi.org/10.1088/1755-1315/921/1/012038
3374,https://openalex.org/W2102835043,https://doi.org/10.1902/annals.1997.2.1.215
3375,https://openalex.org/W2067636479,https://doi.org/10.1080/09593339309385338
3376,https://openalex.org/W2319287588,https://doi.org/10.3181/00379727-35-9089p
3377,https://openalex.org/W2029071852,https://doi.org/10.1021/ma035300q
3378,https://openalex.org/W2997094146,https://doi.org/10.5937/aneksub1942033t
3379,https://openalex.org/W1540526640,https://doi.org/10.1109/ectc.2005.1441442
3380,https://openalex.org/W2380491105,
3381,https://openalex.org/W4200143265,https://doi.org/10.31219/osf.io/4uvdy
3382,https://openalex.org/W2031519444,https://doi.org/10.1103/physrevb.44.10937
3383,https://openalex.org/W2278691938,https://doi.org/10.4271/2007-01-1079
3384,https://openalex.org/W2154878037,https://doi.org/10.1177/1073858412444466
3385,https://openalex.org/W1965169720,https://doi.org/10.1103/physrevlett.93.105504
3386,https://openalex.org/W2149666434,https://doi.org/10.1111/j.1460-9568.2010.07218.x
3387,https://openalex.org/W2078506812,https://doi.org/10.1210/jc.2005-1018
3388,https://openalex.org/W2335048918,https://doi.org/10.1177/000348940311200305
3389,https://openalex.org/W2986137400,https://doi.org/10.18004/rspp.2019.diciembre.29-34
3390,https://openalex.org/W4309481047,https://doi.org/10.1016/j.jff.2022.105338
3391,https://openalex.org/W4292748669,https://doi.org/10.1615/intjmedmushrooms.2022045465
3392,https://openalex.org/W2128639912,https://doi.org/10.1364/optica.2.000567
3393,https://openalex.org/W2408961325,
3394,https://openalex.org/W2337811030,
3395,https://openalex.org/W4292694215,https://doi.org/10.21203/rs.3.rs-1492838/v3
3396,https://openalex.org/W1969936503,https://doi.org/10.1103/physrevb.69.100201
3397,https://openalex.org/W2021963178,https://doi.org/10.1371/journal.pone.0115116
3398,https://openalex.org/W2109493130,https://doi.org/10.1109/tvt.2013.2273503
3399,https://openalex.org/W1710806325,https://doi.org/10.1039/c5cc06960b
3400,https://openalex.org/W2994138097,https://doi.org/10.3390/polym11122010
3401,https://openalex.org/W4388115903,https://doi.org/10.1109/isi58743.2023.10297230
3402,https://openalex.org/W2791310287,https://doi.org/10.1115/1.4039522
3403,https://openalex.org/W3128606608,https://doi.org/10.1051/e3sconf/202123400012
3404,https://openalex.org/W2913756049,https://doi.org/10.29396/jgsb.2018.v1.n3.1
3405,https://openalex.org/W4399881041,https://doi.org/10.1016/j.rineng.2024.102435
3406,https://openalex.org/W3184783547,https://doi.org/10.1093/cid/ciab665
3407,https://openalex.org/W2106359593,https://doi.org/10.4054/demres.2013.29.18
3408,https://openalex.org/W2351396519,
3409,https://openalex.org/W2103872129,https://doi.org/10.25439/rmt.27354426
3410,https://openalex.org/W2734742710,https://doi.org/10.1109/i2mtc.2017.7969886
3411,https://openalex.org/W1997651710,https://doi.org/10.4116/jaqua.25.319
3412,https://openalex.org/W2560243368,https://doi.org/10.30752/nj.67611
3413,https://openalex.org/W2305032053,https://doi.org/10.3892/br.2016.636
3414,https://openalex.org/W612403971,https://doi.org/10.5204/qutlr.v12i2.504
3415,https://openalex.org/W2620586082,https://doi.org/10.7816/idil-06-32-08
3416,https://openalex.org/W2104133962,https://doi.org/10.1002/pc.23303
3417,https://openalex.org/W4399049945,https://doi.org/10.1002/eqe.4139
3418,https://openalex.org/W2169597956,https://doi.org/10.1083/jcb.134.2.269
3419,https://openalex.org/W2979331064,https://doi.org/10.3310/hta23570
3420,https://openalex.org/W2094522173,https://doi.org/10.1103/physrev.85.104
3421,https://openalex.org/W2003483974,https://doi.org/10.1161/circulationaha.110.015008
3422,https://openalex.org/W4399083477,https://doi.org/10.3390/en17112601
3423,https://openalex.org/W1979525822,https://doi.org/10.1159/000241128
3424,https://openalex.org/W2152483402,https://doi.org/10.1136/oem.56.9.606
3425,https://openalex.org/W4211075392,https://doi.org/10.1093/jhuman/huab034
3426,https://openalex.org/W3035130709,https://doi.org/10.15403/jgld-617
3427,https://openalex.org/W1996472042,https://doi.org/10.1111/j.1751-0813.1979.tb15164.x
3428,https://openalex.org/W3007238406,https://doi.org/10.3390/ani10020367
3429,https://openalex.org/W138808322,
3430,https://openalex.org/W2140925896,https://doi.org/10.1098/rsta.2011.0190
3431,https://openalex.org/W2072675565,https://doi.org/10.1210/jcem-33-5-768
3432,https://openalex.org/W2420584630,https://doi.org/10.5006/c2016-07824
3433,https://openalex.org/W1608267926,https://doi.org/10.1111/j.1365-2133.1972.tb05087.x
3434,https://openalex.org/W1667646831,https://doi.org/10.1128/jb.173.3.1120-1124.1991
3435,https://openalex.org/W2079253004,https://doi.org/10.1002/zamm.19930730103
3436,https://openalex.org/W3080226261,https://doi.org/10.1029/2020ms002118
3437,https://openalex.org/W2035779945,https://doi.org/10.1097/00002480-200011000-00018
3438,https://openalex.org/W1511656447,https://doi.org/10.1111/j.1365-2850.2012.01952.x
3439,https://openalex.org/W2590714582,https://doi.org/10.3390/genes8040119
3440,https://openalex.org/W3000458198,https://doi.org/10.3949/ccjm.87a.18051
3441,https://openalex.org/W2029157954,https://doi.org/10.2466/pms.1997.85.2.435
3442,https://openalex.org/W1965230202,https://doi.org/10.1097/00004630-199111000-00010
3443,https://openalex.org/W4381995836,https://doi.org/10.6007/ijarbss/v13-i6/17569
3444,https://openalex.org/W3082118763,https://doi.org/10.17582/journal.aavs/2020/8.10.1057.1062
3445,https://openalex.org/W4409511056,https://doi.org/10.21043/thabiea.v7i2.29304
3446,https://openalex.org/W2483704830,https://doi.org/10.1080/17460441.2016.1216965
3447,https://openalex.org/W2151803418,https://doi.org/10.1021/jp204747w
3448,https://openalex.org/W2595719496,https://doi.org/10.1177/002029408601900502
3449,https://openalex.org/W4284690597,https://doi.org/10.5539/jel.v11n5p93
3450,https://openalex.org/W1592412516,https://doi.org/10.4462/annbotrm-11729
3451,https://openalex.org/W2170996782,https://doi.org/10.1115/icone10-22114
3452,https://openalex.org/W4206039417,https://doi.org/10.1001/jama.1966.03110250121037
3453,https://openalex.org/W2072799868,https://doi.org/10.1002/qre.1190
3454,https://openalex.org/W3162929847,https://doi.org/10.1002/ppul.25642
3455,https://openalex.org/W4237041039,https://doi.org/10.1109/ee.1935.6539594
3456,https://openalex.org/W2963121618,https://doi.org/10.1038/s41598-019-46943-w
3457,https://openalex.org/W2135106649,https://doi.org/10.1109/icton.2011.5970937
3458,https://openalex.org/W2229536680,https://doi.org/10.2118/153954-ms
3459,https://openalex.org/W2969188334,https://doi.org/10.14393/bj-v35n4a2019-42192
3460,https://openalex.org/W4392458395,https://doi.org/10.30525/2500-946x/2023-4-16
3461,https://openalex.org/W2186880672,https://doi.org/10.14507/epaa.v23.2052
3462,https://openalex.org/W2899030577,https://doi.org/10.1109/ccta.2018.8511585
3463,https://openalex.org/W2076976202,https://doi.org/10.1109/iccet.2009.73
3464,https://openalex.org/W1836667427,https://doi.org/10.1109/robot.1999.769891
3465,https://openalex.org/W2327737423,https://doi.org/10.1021/ma4024944
3466,https://openalex.org/W1965975440,https://doi.org/10.1103/physrevd.75.085005
3467,https://openalex.org/W1970447055,https://doi.org/10.1080/13608749708539509
3468,https://openalex.org/W1991389226,https://doi.org/10.1063/1.346777
3469,https://openalex.org/W3096433408,https://doi.org/10.1002/cnma.202000531
3470,https://openalex.org/W2944574104,https://doi.org/10.3389/fpsyt.2019.00326
3471,https://openalex.org/W3112237844,https://doi.org/10.1080/03075079.2020.1859684
3472,https://openalex.org/W7018260050,
3473,https://openalex.org/W4390948450,https://doi.org/10.22323/1.441.0168
3474,https://openalex.org/W2089434271,https://doi.org/10.1126/science.172.3980.265
3475,https://openalex.org/W3081369368,https://doi.org/10.1111/eos.12725
3476,https://openalex.org/W2575081060,https://doi.org/10.4172/2155-9910.1000140
3477,https://openalex.org/W3044716744,https://doi.org/10.1021/jacs.0c01991
3478,https://openalex.org/W2530032967,https://doi.org/10.1093/oxfordjournals.aob.a086070
3479,https://openalex.org/W1993991503,https://doi.org/10.1109/41.103429
3480,https://openalex.org/W4210710816,https://doi.org/10.26466/opusjsr.1063227
3481,https://openalex.org/W2004713255,https://doi.org/10.1046/j.1540-8167.2005.40535.x
3482,https://openalex.org/W112138199,
3483,https://openalex.org/W2001536368,https://doi.org/10.1142/s0218625x13500029
3484,https://openalex.org/W2109889724,https://doi.org/10.1109/23.173223
3485,https://openalex.org/W2805427352,https://doi.org/10.1134/s0036024418070087
3486,https://openalex.org/W2604368456,
3487,https://openalex.org/W1576331699,
3488,https://openalex.org/W2842051190,https://doi.org/10.1088/2053-1591/aad1e4
3489,https://openalex.org/W2906736019,https://doi.org/10.1117/12.2323339
3490,https://openalex.org/W3139227327,
3491,https://openalex.org/W1985299424,https://doi.org/10.1186/s12882-015-0027-3
3492,https://openalex.org/W1966636487,https://doi.org/10.1049/ip-a-1:19800016
3493,https://openalex.org/W2076132102,https://doi.org/10.1109/tmag.1986.1064527
3494,https://openalex.org/W2912759122,
3495,https://openalex.org/W176826370,https://doi.org/10.21504/amj.v7i1.1927
3496,https://openalex.org/W4386256000,https://doi.org/10.3847/1538-4357/acea5f
3497,https://openalex.org/W4289230139,https://doi.org/10.4103/abr.abr_178_21
3498,https://openalex.org/W2165104858,https://doi.org/10.1109/ecbs.2001.922407
3499,https://openalex.org/W4407340795,https://doi.org/10.3390/cimb47020111
3500,https://openalex.org/W2172150641,https://doi.org/10.1002/(sici)1096-8628(20000207)96:1<43::aid-ajmg9>3.0.co;2-3
3501,https://openalex.org/W2088976752,https://doi.org/10.1051/jp4:1991116
3502,https://openalex.org/W2906637740,https://doi.org/10.1108/dlp-10-2017-0041
3503,https://openalex.org/W2244699664,https://doi.org/10.18260/1-2--5555
3504,https://openalex.org/W4253763255,https://doi.org/10.2523/17773-ms
3505,https://openalex.org/W769945002,
3506,https://openalex.org/W2006421604,https://doi.org/10.1126/science.257.5075.1368
3507,https://openalex.org/W3092761176,https://doi.org/10.3390/polym12102345
3508,https://openalex.org/W2120420202,
3509,https://openalex.org/W2793114294,https://doi.org/10.1177/1010428318760342
3510,https://openalex.org/W2144518356,https://doi.org/10.1109/arvlsi.1997.634846
3511,https://openalex.org/W4382046159,https://doi.org/10.4171/ggd/723
3512,https://openalex.org/W3115901002,https://doi.org/10.3390/nano11010012
3513,https://openalex.org/W2090628348,https://doi.org/10.1121/1.1919626
3514,https://openalex.org/W3122221859,
3515,https://openalex.org/W4205892191,https://doi.org/10.2307/2331631
3516,https://openalex.org/W2179021806,https://doi.org/10.19030/rbis.v5i4.5370
3517,https://openalex.org/W1958999316,
3518,https://openalex.org/W270701983,
3519,https://openalex.org/W2508391829,https://doi.org/10.1109/icasi.2016.7539774
3520,https://openalex.org/W6927041664,https://doi.org/10.25969/mediarep/17462
3521,https://openalex.org/W1992181160,https://doi.org/10.1029/1999jd900294
3522,https://openalex.org/W3203673943,https://doi.org/10.17146/jfn.2021.15.1.6284
3523,https://openalex.org/W2026212456,https://doi.org/10.1063/1.3314730
3524,https://openalex.org/W2381548970,https://doi.org/10.1109/wcse.2009.838
3525,https://openalex.org/W2033340935,https://doi.org/10.1002/mnfr.201400591
3526,https://openalex.org/W4205669200,https://doi.org/10.3390/s22020647
3527,https://openalex.org/W2127296110,https://doi.org/10.1073/pnas.83.18.6751
3528,https://openalex.org/W2168468751,https://doi.org/10.2105/ajph.2014.302126
3529,https://openalex.org/W2081912752,https://doi.org/10.1137/100819229
3530,https://openalex.org/W4296801115,https://doi.org/10.1088/1361-6528/ac9418
3531,https://openalex.org/W2995148985,https://doi.org/10.4108/eai.24-10-2019.2290632
3532,https://openalex.org/W2505628927,https://doi.org/10.2118/95-120
3533,https://openalex.org/W2012866751,https://doi.org/10.1161/01.hyp.15.1.44
3534,https://openalex.org/W2504467459,https://doi.org/10.1109/acc.2016.7526577
3535,https://openalex.org/W2188222374,
3536,https://openalex.org/W2011438671,https://doi.org/10.1080/15614263.2012.736719
3537,https://openalex.org/W3209309845,https://doi.org/10.1111/jvh.13627
3538,https://openalex.org/W1980858411,https://doi.org/10.1111/j.1365-2222.1983.tb02598.x
3539,https://openalex.org/W152432246,
3540,https://openalex.org/W3014599129,https://doi.org/10.1111/ctr.13868
3541,https://openalex.org/W2789764207,https://doi.org/10.4103/djo.djo_39_17
3542,https://openalex.org/W2089637179,https://doi.org/10.4168/aair.2015.7.3.304
3543,https://openalex.org/W3011481750,https://doi.org/10.3390/rs12060989
3544,https://openalex.org/W2072616189,https://doi.org/10.1002/eji.1830260723
3545,https://openalex.org/W2157132439,https://doi.org/10.1017/s1754470x09990146
3546,https://openalex.org/W4406090239,https://doi.org/10.1162/imag_a_00450
3547,https://openalex.org/W4283068059,https://doi.org/10.1016/j.energy.2022.124559
3548,https://openalex.org/W2001901394,https://doi.org/10.2298/spat1125030c
3549,https://openalex.org/W1979333783,https://doi.org/10.1002/tqem.3310020103
3550,https://openalex.org/W3022006793,https://doi.org/10.33701/jtp.v12i1.818
3551,https://openalex.org/W3015836860,https://doi.org/10.11588/ijodr.2020.1.65921
3552,https://openalex.org/W2042613862,https://doi.org/10.1111/j.1601-5215.2007.00245.x
3553,https://openalex.org/W2164455731,https://doi.org/10.1128/jb.181.2.648-655.1999
3554,https://openalex.org/W2082622855,https://doi.org/10.1001/archderm.1987.01660280123038
3555,https://openalex.org/W4302081652,
3556,https://openalex.org/W3152740289,https://doi.org/10.1016/j.midw.2021.103015
3557,https://openalex.org/W2564578354,https://doi.org/10.1145/3024087.3024092
3558,https://openalex.org/W3134096607,https://doi.org/10.1044/2020_jslhr-20-00263
3559,https://openalex.org/W2036354239,https://doi.org/10.1299/jsmec.42.255
3560,https://openalex.org/W4389626015,https://doi.org/10.32985/ijeces.14.10.3
3561,https://openalex.org/W2331712955,https://doi.org/10.2464/jilm.36.429
3562,https://openalex.org/W3006195845,https://doi.org/10.3329/bjpsy.v31i1.45367
3563,https://openalex.org/W4384925933,https://doi.org/10.1109/tnsre.2023.3297549
3564,https://openalex.org/W2894498998,https://doi.org/10.1177/1541931218621239
3565,https://openalex.org/W2092338883,https://doi.org/10.1016/j.pain.2012.05.014
3566,https://openalex.org/W2904190479,
3567,https://openalex.org/W3113702148,https://doi.org/10.1080/22797254.2020.1852606
3568,https://openalex.org/W1981292168,https://doi.org/10.1061/(asce)0899-1561(2008)20:9(617)
3569,https://openalex.org/W2187830163,
3570,https://openalex.org/W4375949460,https://doi.org/10.58295/2375-3668.1470
3571,https://openalex.org/W2806527422,https://doi.org/10.1021/acs.energyfuels.8b00981
3572,https://openalex.org/W4362559943,https://doi.org/10.3390/e25040610
3573,https://openalex.org/W4229036122,https://doi.org/10.1093/comjnl/bxab203
3574,https://openalex.org/W4232011045,https://doi.org/10.1002/cptc.201900230
3575,https://openalex.org/W2074965177,https://doi.org/10.1364/ao.52.00a423
3576,https://openalex.org/W1990207398,https://doi.org/10.1207/s15327868ms1804_2
3577,https://openalex.org/W2184112230,
3578,https://openalex.org/W2164607497,https://doi.org/10.1109/aps.2011.5997025
3579,https://openalex.org/W2257350980,https://doi.org/10.1155/2016/3071401
3580,https://openalex.org/W2990430180,https://doi.org/10.1088/1757-899x/669/1/012061
3581,https://openalex.org/W2091563727,https://doi.org/10.5296/emsd.v2i2.4307
3582,https://openalex.org/W3003904269,https://doi.org/10.2174/1573409916666200120114641
3583,https://openalex.org/W4410618104,https://doi.org/10.1016/j.jhep.2025.05.008
3584,https://openalex.org/W2079691910,https://doi.org/10.1111/j.1539-6924.2006.00846.x
3585,https://openalex.org/W4256137403,https://doi.org/10.1088/1757-899x/276/1/011001
3586,https://openalex.org/W1528639838,
3587,https://openalex.org/W2065591049,https://doi.org/10.1063/1.93075
3588,https://openalex.org/W2146119467,
3589,https://openalex.org/W2473033440,https://doi.org/10.1109/iwem.2016.7505000
3590,https://openalex.org/W83365579,
3591,https://openalex.org/W4402976402,https://doi.org/10.36023/ujrs.2024.11.3.268
3592,https://openalex.org/W4391108528,https://doi.org/10.3389/fchem.2024.1339364
3593,https://openalex.org/W3009976097,https://doi.org/10.1002/cae.22215
3594,https://openalex.org/W2118509786,https://doi.org/10.1109/tpami.2008.121
3595,https://openalex.org/W2058104935,https://doi.org/10.1080/10426910008913016
3596,https://openalex.org/W4317717640,https://doi.org/10.1002/adbi.202200204
3597,https://openalex.org/W1980404569,https://doi.org/10.1063/1.863568
3598,https://openalex.org/W2120902705,https://doi.org/10.1107/s1600536810052025
3599,https://openalex.org/W2596702989,https://doi.org/10.1093/biolreprod/77.s1.125a
3600,https://openalex.org/W3010491827,https://doi.org/10.5204/ijcjsd.v9i1.1493
3601,https://openalex.org/W44514582,
3602,https://openalex.org/W1999709383,https://doi.org/10.1063/1.3464232
3603,https://openalex.org/W2941295492,https://doi.org/10.47825/jkgp.2018.22.2.76
3604,https://openalex.org/W2996426778,https://doi.org/10.1002/sim.8437
3605,https://openalex.org/W4407036822,https://doi.org/10.1021/acs.analchem.4c04764
3606,https://openalex.org/W2382085388,
3607,https://openalex.org/W2993970822,
3608,https://openalex.org/W2591387769,https://doi.org/10.17660/actahortic.2011.890.17
3609,https://openalex.org/W2952512999,https://doi.org/10.1109/isiss.2019.8739760
3610,https://openalex.org/W2955029371,https://doi.org/10.1002/pri.1793
3611,https://openalex.org/W1981209280,https://doi.org/10.1121/1.1912712
3612,https://openalex.org/W2247065285,https://doi.org/10.1109/mite.2015.7375360
3613,https://openalex.org/W2094466127,https://doi.org/10.1002/(sici)1521-4087(199910)24:5<325::aid-prep325>3.0.co;2-w
3614,https://openalex.org/W2064291864,https://doi.org/10.1109/icp.2010.5604380
3615,https://openalex.org/W2539256116,https://doi.org/10.1515/secm-2016-0147
3616,https://openalex.org/W2014272020,https://doi.org/10.1504/ijlsm.2010.034424
3617,https://openalex.org/W4296480816,https://doi.org/10.3390/ijms231910990
3618,https://openalex.org/W1625700588,https://doi.org/10.3846/13926292.2014.923944
3619,https://openalex.org/W264257682,
3620,https://openalex.org/W2741279856,https://doi.org/10.1002/jmrs.239
3621,https://openalex.org/W2532540554,https://doi.org/10.1109/esscirc.2016.7598294
3622,https://openalex.org/W2051062555,https://doi.org/10.1086/191496
3623,https://openalex.org/W1965357094,https://doi.org/10.1109/isabel.2009.5373608
3624,https://openalex.org/W29634727,
3625,https://openalex.org/W4243313931,https://doi.org/10.1353/nar.2005.0002
3626,https://openalex.org/W4224288115,https://doi.org/10.1007/s11042-022-12368-3
3627,https://openalex.org/W2974454368,https://doi.org/10.1175/jcli-d-18-0512.1
3628,https://openalex.org/W2134050246,https://doi.org/10.1139/m89-150
3629,https://openalex.org/W2993686815,
3630,https://openalex.org/W2059166528,https://doi.org/10.1021/la502514e
3631,https://openalex.org/W2002431590,https://doi.org/10.1111/j.1348-0421.2007.tb03956.x
3632,https://openalex.org/W4230644759,https://doi.org/10.1107/s0108270197006240
3633,https://openalex.org/W4390502592,https://doi.org/10.29313/jrp.v3i2.2752
3634,https://openalex.org/W4296826618,https://doi.org/10.3389/fenrg.2022.996206
3635,https://openalex.org/W2332427997,https://doi.org/10.1021/jz500160w
3636,https://openalex.org/W3084396862,https://doi.org/10.3390/met10091207
3637,https://openalex.org/W2751564966,https://doi.org/10.3343/alm.2017.37.6.536
3638,https://openalex.org/W4363646716,https://doi.org/10.1177/00099228231166264
3639,https://openalex.org/W2727227184,
3640,https://openalex.org/W2508731132,https://doi.org/10.1541/ieejpes1990.120.11_1451
3641,https://openalex.org/W4390099999,https://doi.org/10.1371/journal.pone.0290253
3642,https://openalex.org/W4252707502,https://doi.org/10.1093/brain/84.2.337
3643,https://openalex.org/W2417140367,https://doi.org/10.3748/wjg.v22.i4.1382
3644,https://openalex.org/W2136149562,https://doi.org/10.1287/inte.2014.0737
3645,https://openalex.org/W3093898569,https://doi.org/10.1021/acs.inorgchem.0c02220
3646,https://openalex.org/W4384432914,https://doi.org/10.37547/ijasr-03-06-28
3647,https://openalex.org/W2075626782,https://doi.org/10.3389/fnins.2012.00073
3648,https://openalex.org/W3196496247,https://doi.org/10.1109/icpics52425.2021.9524113
3649,https://openalex.org/W2137208249,https://doi.org/10.5901/mjss.2015.v6n2s1p463
3650,https://openalex.org/W2909511188,https://doi.org/10.1038/s41380-018-0336-6
3651,https://openalex.org/W4361770876,https://doi.org/10.17496/kmer.2013.15.2.087
3652,https://openalex.org/W2090294115,https://doi.org/10.1063/1.2185612
3653,https://openalex.org/W4386701399,https://doi.org/10.1016/j.joitmc.2023.100132
3654,https://openalex.org/W4389743025,https://doi.org/10.3389/fmicb.2023.1255056
3655,https://openalex.org/W2155639617,https://doi.org/10.1111/j.1365-2958.2005.04759.x
3656,https://openalex.org/W4388573622,https://doi.org/10.1016/j.heliyon.2023.e22209
3657,https://openalex.org/W2800607080,https://doi.org/10.1177/1747493018772800
3658,https://openalex.org/W2051316203,https://doi.org/10.1021/jp037433j
3659,https://openalex.org/W2011647640,https://doi.org/10.2495/ut080131
3660,https://openalex.org/W4299667240,https://doi.org/10.2307/2080148
3661,https://openalex.org/W3205876208,https://doi.org/10.4102/ve.v42i1.2218
3662,https://openalex.org/W2036014901,https://doi.org/10.1046/j.1440-1622.2001.02151.x
3663,https://openalex.org/W2094729537,https://doi.org/10.1063/1.438067
3664,https://openalex.org/W2022796847,https://doi.org/10.4028/www.scientific.net/msf.660-661.1049
3665,https://openalex.org/W3081678223,https://doi.org/10.12973/eu-jer.9.4.1393
3666,https://openalex.org/W1595232260,https://doi.org/10.1109/iscas.2002.1010577
3667,https://openalex.org/W1979321935,https://doi.org/10.1088/2043-6262/5/1/015004
3668,https://openalex.org/W2059372202,https://doi.org/10.1097/00000542-200402000-00022
3669,https://openalex.org/W1890482947,
3670,https://openalex.org/W1996352825,https://doi.org/10.1142/s0129626499000335
3671,https://openalex.org/W2022738588,https://doi.org/10.1056/nejmp0808067
3672,https://openalex.org/W3022499258,https://doi.org/10.3390/en13092180
3673,https://openalex.org/W4387384822,https://doi.org/10.5334/gh.1270
3674,https://openalex.org/W2163765616,https://doi.org/10.1017/s0034670500000772
3675,https://openalex.org/W4392784026,https://doi.org/10.1186/s42234-023-00137-y
3676,https://openalex.org/W2005815716,https://doi.org/10.1001/archinte.1916.00080130010002
3677,https://openalex.org/W2809046015,https://doi.org/10.1007/s11245-018-9569-x
3678,https://openalex.org/W1953366848,https://doi.org/10.1080/10668920600851480
3679,https://openalex.org/W2170953551,
3680,https://openalex.org/W3152860485,https://doi.org/10.3389/fmicb.2021.629395
3681,https://openalex.org/W2998015506,https://doi.org/10.1109/jlt.2019.2962322
3682,https://openalex.org/W2792584248,https://doi.org/10.2991/icbmr-17.2017.9
3683,https://openalex.org/W2227358428,https://doi.org/10.1371/journal.pone.0143942
3684,https://openalex.org/W2114294447,https://doi.org/10.1080/14718800208405113
3685,https://openalex.org/W2131331067,https://doi.org/10.1002/(sici)1097-0126(199704)42:4<397::aid-pi746>3.0.co;2-6
3686,https://openalex.org/W4296312473,https://doi.org/10.1002/cem.3444
3687,https://openalex.org/W2033591617,https://doi.org/10.1002/jemt.1060110103
3688,https://openalex.org/W2945164485,https://doi.org/10.1080/00016489.2019.1609699
3689,https://openalex.org/W4205954564,https://doi.org/10.1109/naps52732.2021.9654643
3690,https://openalex.org/W2129196434,https://doi.org/10.1093/eurheartj/ehp596
3691,https://openalex.org/W2046235911,https://doi.org/10.1109/icmtma.2009.517
3692,https://openalex.org/W2179797287,https://doi.org/10.1175/1520-0442(1998)011<2713:enosoa>2.0.co;2
3693,https://openalex.org/W4396717594,https://doi.org/10.1002/pc.28518
3694,https://openalex.org/W4403306312,https://doi.org/10.33232/001c.124509
3695,https://openalex.org/W3175563469,https://doi.org/10.24252/10.24252/elite.v8i1a1
3696,https://openalex.org/W2186846466,https://doi.org/10.1299/mej.15-00348
3697,https://openalex.org/W4210641888,https://doi.org/10.33330/jurdimas.v5i1.1249
3698,https://openalex.org/W2114995537,https://doi.org/10.1093/oxfordjournals.jbchem.a129538
3699,https://openalex.org/W3082096555,https://doi.org/10.1177/1528083720955205
3700,https://openalex.org/W4321377452,https://doi.org/10.3390/aerospace10020198
3701,https://openalex.org/W2045711776,https://doi.org/10.1249/00005768-199205001-00132
3702,https://openalex.org/W2729243440,https://doi.org/10.1177/002029407000300307
3703,https://openalex.org/W2292640549,https://doi.org/10.1109/tsg.2015.2418736
3704,https://openalex.org/W1989117482,https://doi.org/10.1504/ijbcrm.2010.035685
3705,https://openalex.org/W4214927468,https://doi.org/10.1101/2022.01.24.477498
3706,https://openalex.org/W2083997394,https://doi.org/10.1109/t-pas.1976.32287
3707,https://openalex.org/W3156653388,https://doi.org/10.21517/0202-3822-2021-44-1-45-56
3708,https://openalex.org/W2331750851,https://doi.org/10.4172/1948-5948.s8-002
3709,https://openalex.org/W2314629112,https://doi.org/10.3181/00379727-89-21724
3710,https://openalex.org/W2790434909,https://doi.org/10.1177/0038022917751978
3711,https://openalex.org/W2397180995,https://doi.org/10.1111/rode.12262
3712,https://openalex.org/W4399116990,https://doi.org/10.55730/1300-0632.4081
3713,https://openalex.org/W2780898753,https://doi.org/10.1039/c7ce01978e
3714,https://openalex.org/W1980925439,https://doi.org/10.3109/14017439609107266
3715,https://openalex.org/W4296306961,https://doi.org/10.3390/app12189360
3716,https://openalex.org/W2991917796,https://doi.org/10.1145/3351095.3373157
3717,https://openalex.org/W5196849,
3718,https://openalex.org/W4403272606,https://doi.org/10.1007/s44267-024-00061-y
3719,https://openalex.org/W1965334744,https://doi.org/10.1080/00022470.1975.10468113
3720,https://openalex.org/W2183074207,
3721,https://openalex.org/W2166404388,https://doi.org/10.4103/2249-4863.148139
3722,https://openalex.org/W2325704411,https://doi.org/10.3389/conf.fninf.2011.08.00076
3723,https://openalex.org/W4410628143,https://doi.org/10.3390/ijms26115044
3724,https://openalex.org/W2512633971,
3725,https://openalex.org/W4210447116,https://doi.org/10.1097/apo.0000000000000486
3726,https://openalex.org/W2187255165,
3727,https://openalex.org/W1974240421,https://doi.org/10.1111/j.1365-2621.1978.tb00832.x
3728,https://openalex.org/W1969906126,https://doi.org/10.1016/s0001-2092(07)64340-3
3729,https://openalex.org/W2028835702,https://doi.org/10.1371/journal.pone.0010197
3730,https://openalex.org/W2955231153,https://doi.org/10.1161/atvbaha.118.311894
3731,https://openalex.org/W2327553426,https://doi.org/10.5692/clinicalneurol.50.641
3732,https://openalex.org/W2137135246,https://doi.org/10.1364/ao.40.006081
3733,https://openalex.org/W2414360801,https://doi.org/10.14348/molcells.2016.2198
3734,https://openalex.org/W249338474,
3735,https://openalex.org/W321995569,
3736,https://openalex.org/W4411457000,https://doi.org/10.26434/chemrxiv-2025-mkls8
3737,https://openalex.org/W2324710641,https://doi.org/10.1115/imece2015-52324
3738,https://openalex.org/W4318263312,https://doi.org/10.1111/imcb.12625
3739,https://openalex.org/W2519437496,https://doi.org/10.18647/3280/jjs-2016
3740,https://openalex.org/W2037244693,https://doi.org/10.1080/03091900410001662341
3741,https://openalex.org/W2288585357,https://doi.org/10.1109/nems.2015.7147458
3742,https://openalex.org/W2034962483,https://doi.org/10.1109/ultsym.1981.197670
3743,https://openalex.org/W1841638115,https://doi.org/10.1128/jcm.30.12.3082-3088.1992
3744,https://openalex.org/W3135398976,https://doi.org/10.1016/j.matpr.2020.12.161
3745,https://openalex.org/W1531095194,
3746,https://openalex.org/W2616391431,https://doi.org/10.1080/21500894.2016.1270228
3747,https://openalex.org/W2236266652,https://doi.org/10.1093/mnras/stw1769
3748,https://openalex.org/W2992836106,https://doi.org/10.17582/journal.aavs/2019/7.12.1076.1082
3749,https://openalex.org/W2133061253,https://doi.org/10.1109/3.97269
3750,https://openalex.org/W4385278070,https://doi.org/10.1002/lol2.10347
3751,https://openalex.org/W2081006968,https://doi.org/10.1063/1.3597226
3752,https://openalex.org/W2986684112,https://doi.org/10.3760/cma.j.issn.0578-1426.2019.11.006
3753,https://openalex.org/W7073613348,
3754,https://openalex.org/W1968273248,https://doi.org/10.2514/2.3505
3755,https://openalex.org/W2069096353,https://doi.org/10.1097/00003246-199012001-00204
3756,https://openalex.org/W69890951,
3757,https://openalex.org/W3198831284,https://doi.org/10.1061/(asce)mt.1943-5533.0003949
3758,https://openalex.org/W2102219944,https://doi.org/10.1109/ivs.2004.1336435
3759,https://openalex.org/W3201982574,https://doi.org/10.1080/01650521.2021.1976041
3760,https://openalex.org/W2150433367,https://doi.org/10.1530/eje-13-0557
3761,https://openalex.org/W3021319695,https://doi.org/10.1007/s00424-020-02386-1
3762,https://openalex.org/W6912082615,https://doi.org/10.5281/zenodo.15250643
3763,https://openalex.org/W2898370224,
3764,https://openalex.org/W1974990495,https://doi.org/10.1086/180547
3765,https://openalex.org/W4393927958,https://doi.org/10.5860/crl.85.3.399
3766,https://openalex.org/W4391296369,https://doi.org/10.1002/smll.202308293
3767,https://openalex.org/W4244831006,https://doi.org/10.2307/777712
3768,https://openalex.org/W2168864588,https://doi.org/10.1111/j.1365-2621.1979.tb06421.x
3769,https://openalex.org/W2098002077,https://doi.org/10.1136/bcr-2012-007194
3770,https://openalex.org/W1973402549,https://doi.org/10.3103/s1062873810070014
3771,https://openalex.org/W4200517184,https://doi.org/10.15378/1848-9540.2021.44.09
3772,https://openalex.org/W2555083656,https://doi.org/10.1109/spcom.2016.7746600
3773,https://openalex.org/W3178203558,https://doi.org/10.3934/publichealth.2021041
3774,https://openalex.org/W2970879204,https://doi.org/10.1080/0020174x.2019.1658630
3775,https://openalex.org/W1989089815,https://doi.org/10.1088/0741-3335/27/3/006
3776,https://openalex.org/W3092437600,https://doi.org/10.1111/cei.13533
3777,https://openalex.org/W3041409567,https://doi.org/10.1051/0004-6361/202037981
3778,https://openalex.org/W2886932295,https://doi.org/10.30638/eemj.2012.067
3779,https://openalex.org/W2077382402,https://doi.org/10.1037/h0034999
3780,https://openalex.org/W3126294928,https://doi.org/10.1088/2051-672x/abe214
3781,https://openalex.org/W4402742158,https://doi.org/10.1038/s41390-024-03572-y
3782,https://openalex.org/W2148717257,https://doi.org/10.2307/1540574
3783,https://openalex.org/W2031557205,https://doi.org/10.2514/6.1983-388
3784,https://openalex.org/W1844731077,https://doi.org/10.7863/jum.2009.28.11.1549
3785,https://openalex.org/W2290323765,https://doi.org/10.18632/oncotarget.7111
3786,https://openalex.org/W1650941305,
3787,https://openalex.org/W2980653531,https://doi.org/10.15520/ijnd.2015.vol5.iss12.118.05-13
3788,https://openalex.org/W2918992018,https://doi.org/10.18002/rama.v13i2.5610
3789,https://openalex.org/W2955300177,https://doi.org/10.24843/eja.2019.v26.i01.p09
3790,https://openalex.org/W2013907125,https://doi.org/10.3329/bjar.v35i3.6452
3791,https://openalex.org/W1963856046,https://doi.org/10.1007/s11164-015-1999-0
3792,https://openalex.org/W2771354778,https://doi.org/10.1109/iccke.2017.8167874
3793,https://openalex.org/W6884731293,https://doi.org/10.11781/sysydz202002248
3794,https://openalex.org/W2032208341,https://doi.org/10.1115/1.4024579
3795,https://openalex.org/W4380686036,https://doi.org/10.7498/aps.72.20230736
3796,https://openalex.org/W3180591910,https://doi.org/10.1111/jofo.12371
3797,https://openalex.org/W2169505974,https://doi.org/10.1164/rccm.200712-1890oc
3798,https://openalex.org/W4402097984,https://doi.org/10.22225/politicos.4.2.2024.105-123
3799,https://openalex.org/W2325197664,https://doi.org/10.2514/6.2007-2784
3800,https://openalex.org/W4309226435,https://doi.org/10.1109/phm-yantai55411.2022.9942126
3801,https://openalex.org/W2969669303,https://doi.org/10.18203/2319-2003.ijbcp20193673
3802,https://openalex.org/W141732267,https://doi.org/10.5632/jila.62.635
3803,https://openalex.org/W2765872839,https://doi.org/10.1051/e3sconf/20171901013
3804,https://openalex.org/W2089960113,https://doi.org/10.1080/00218460902996374
3805,https://openalex.org/W2523422059,https://doi.org/10.1371/journal.pone.0162908
3806,https://openalex.org/W2049950711,https://doi.org/10.1017/s1431927605505828
3807,https://openalex.org/W7043245357,
3808,https://openalex.org/W2052388497,https://doi.org/10.1136/jcp.36.2.228
3809,https://openalex.org/W2132879480,https://doi.org/10.1109/tbme.2005.851528
3810,https://openalex.org/W3213869257,https://doi.org/10.1007/s12293-021-00348-3
3811,https://openalex.org/W2766061707,https://doi.org/10.1145/3148044.3148047
3812,https://openalex.org/W2319083495,https://doi.org/10.1177/0042098015576474
3813,https://openalex.org/W2387212450,
3814,https://openalex.org/W4322628492,https://doi.org/10.3390/vetsci10030183
3815,https://openalex.org/W4287149655,https://doi.org/10.29328/journal.acem.1001024
3816,https://openalex.org/W3003541459,https://doi.org/10.1039/c9cp05390e
3817,https://openalex.org/W2410583826,https://doi.org/10.1103/physrevlett.114.234801
3818,https://openalex.org/W1971309969,https://doi.org/10.1021/ic50052a042
3819,https://openalex.org/W1532298711,
3820,https://openalex.org/W1983288596,https://doi.org/10.1364/ao.38.005149
3821,https://openalex.org/W4307545232,https://doi.org/10.5006/4186
3822,https://openalex.org/W2592117043,https://doi.org/10.1093/neuros/nyx025
3823,https://openalex.org/W4221166593,
3824,https://openalex.org/W2888700936,https://doi.org/10.5539/jms.v8n3p43
3825,https://openalex.org/W4214768729,https://doi.org/10.1109/mwsym.2011.5973313
3826,https://openalex.org/W2151828735,https://doi.org/10.1542/peds.99.5.e2
3827,https://openalex.org/W4412948595,https://doi.org/10.1142/s0218348x2540242x
3828,https://openalex.org/W2116024509,https://doi.org/10.1639/0007-2745-113.4.724
3829,https://openalex.org/W2901990273,https://doi.org/10.17863/cam.26440
3830,https://openalex.org/W2321126044,https://doi.org/10.2302/kjm.50.35
3831,https://openalex.org/W2044879675,https://doi.org/10.5604/20831862.1019662
3832,https://openalex.org/W2904286078,https://doi.org/10.2174/1568009619666181206114904
3833,https://openalex.org/W4327617453,https://doi.org/10.1108/jhlscm-01-2022-0011
3834,https://openalex.org/W1990881850,https://doi.org/10.1017/s0026749x12000881
3835,https://openalex.org/W4407241692,https://doi.org/10.1097/pep.0000000000001183
3836,https://openalex.org/W4237011543,https://doi.org/10.1111/j.1440-1673.1966.tb00796.x
3837,https://openalex.org/W2155546314,https://doi.org/10.1071/cp09122
3838,https://openalex.org/W2952609331,https://doi.org/10.31142/ijtsrd23332
3839,https://openalex.org/W4388576657,https://doi.org/10.1109/dasc58513.2023.10311146
3840,https://openalex.org/W2513054618,https://doi.org/10.1136/oemed-2016-103951.297
3841,https://openalex.org/W4410851556,https://doi.org/10.1039/d5sc01778e
3842,https://openalex.org/W2972604350,https://doi.org/10.3390/technologies7030064
3843,https://openalex.org/W2018020469,https://doi.org/10.1159/000147493
3844,https://openalex.org/W2092806574,https://doi.org/10.2174/1381612043384501
3845,https://openalex.org/W2030924932,https://doi.org/10.1002/cne.903290103
3846,https://openalex.org/W2978625448,https://doi.org/10.5897/jaerd2014.0634
3847,https://openalex.org/W2015541559,https://doi.org/10.1109/percom.2009.4912764
3848,https://openalex.org/W1966668213,https://doi.org/10.1364/jon.5.000159
3849,https://openalex.org/W2049669672,https://doi.org/10.1001/archderm.1971.04000140077013
3850,https://openalex.org/W4295064612,https://doi.org/10.3390/ijms231810239
3851,https://openalex.org/W2019338051,https://doi.org/10.1016/j.jamcollsurg.2014.07.940
3852,https://openalex.org/W4244180734,https://doi.org/10.5325/complitstudies.53.4.0794
3853,https://openalex.org/W83282543,
3854,https://openalex.org/W1964043899,https://doi.org/10.1111/j.1423-0410.1983.tb01895.x
3855,https://openalex.org/W2259889788,
3856,https://openalex.org/W2040031609,https://doi.org/10.1021/cm00018a031
3857,https://openalex.org/W2105083790,https://doi.org/10.1109/iita.2008.205
3858,https://openalex.org/W2382333511,
3859,https://openalex.org/W1973453779,https://doi.org/10.4028/www.scientific.net/amr.314-316.401
3860,https://openalex.org/W4200580932,https://doi.org/10.3389/fphar.2021.807081
3861,https://openalex.org/W2025041973,https://doi.org/10.1088/0004-637x/795/1/5
3862,https://openalex.org/W1486193789,https://doi.org/10.5935/1414-8145.20150002
3863,https://openalex.org/W2076209779,https://doi.org/10.2523/iptc-10925-ms
3864,https://openalex.org/W4281656813,https://doi.org/10.1109/inforino53888.2022.9783011
3865,https://openalex.org/W2443610118,https://doi.org/10.1093/oxfordjournals.aob.a085636
3866,https://openalex.org/W4246042710,https://doi.org/10.1002/ange.201601534
3867,https://openalex.org/W2049026819,https://doi.org/10.1159/000208003
3868,https://openalex.org/W4241704251,https://doi.org/10.1136/practneurol-2011-000022
3869,https://openalex.org/W1982474512,https://doi.org/10.1109/pvsc.2014.6925688
3870,https://openalex.org/W3007829827,https://doi.org/10.1017/s0007123419000504
3871,https://openalex.org/W2151007632,https://doi.org/10.1177/0004867413484092
3872,https://openalex.org/W2588362521,https://doi.org/10.1186/s13750-019-0162-6
3873,https://openalex.org/W3003032524,https://doi.org/10.37366/ekomabis.v1i01.2
3874,https://openalex.org/W1994122818,https://doi.org/10.1088/0031-8949/36/3/013
3875,https://openalex.org/W2351341994,
3876,https://openalex.org/W2950221210,https://doi.org/10.1071/as11078
3877,https://openalex.org/W2353213129,
3878,https://openalex.org/W2053977067,https://doi.org/10.1071/zo9850039
3879,https://openalex.org/W2006442067,https://doi.org/10.2486/indhealth.8.192
3880,https://openalex.org/W2076915717,https://doi.org/10.1002/ijc.27543
3881,https://openalex.org/W2148123463,https://doi.org/10.1128/aac.30.1.15
3882,https://openalex.org/W2147447172,https://doi.org/10.1590/s1519-69842010000100025
3883,https://openalex.org/W1563754889,
3884,https://openalex.org/W28942115,https://doi.org/10.1016/j.acvd.2017.04.007
3885,https://openalex.org/W2993710860,
3886,https://openalex.org/W2352703902,
3887,https://openalex.org/W2326468532,https://doi.org/10.1017/s1035077200012414
3888,https://openalex.org/W3105486497,https://doi.org/10.1161/jaha.120.018306
3889,https://openalex.org/W2395344818,
3890,https://openalex.org/W4233974660,https://doi.org/10.1163/15718150120954939
3891,https://openalex.org/W2318971917,https://doi.org/10.2307/3642337
3892,https://openalex.org/W2134931552,https://doi.org/10.1093/cercor/bhs382
3893,https://openalex.org/W4379472485,https://doi.org/10.1080/24750263.2023.2217201
3894,https://openalex.org/W2122521511,https://doi.org/10.4141/cjps2010-002
3895,https://openalex.org/W3135098729,https://doi.org/10.1007/s00134-021-06374-6
3896,https://openalex.org/W2093356656,https://doi.org/10.1111/ejn.12235
3897,https://openalex.org/W2073131120,https://doi.org/10.1371/journal.pone.0077739
3898,https://openalex.org/W2523518670,https://doi.org/10.33549/physiolres.933401
3899,https://openalex.org/W2592671468,https://doi.org/10.3390/ijerph14030242
3900,https://openalex.org/W2314901573,https://doi.org/10.1292/jvms1939.46.593
3901,https://openalex.org/W4256102016,https://doi.org/10.2473/shigentosozai1953.100.1160_895
3902,https://openalex.org/W3023632252,
3903,https://openalex.org/W3173561811,https://doi.org/10.3389/fpls.2021.637009
3904,https://openalex.org/W4376119575,https://doi.org/10.1134/s102745102302012x
3905,https://openalex.org/W568638086,
3906,https://openalex.org/W4408124582,https://doi.org/10.1504/ijsom.2025.144754
3907,https://openalex.org/W4382182629,https://doi.org/10.1016/j.jdcr.2023.05.001
3908,https://openalex.org/W2329678331,https://doi.org/10.3184/175815513x13802978348434
3909,https://openalex.org/W4400935324,https://doi.org/10.23977/pree.2024.050208
3910,https://openalex.org/W2902905699,https://doi.org/10.33084/anterior.v14i1.223
3911,https://openalex.org/W2904853533,https://doi.org/10.23951/1609-624x-2018-8-149-154
3912,https://openalex.org/W2375508845,
3913,https://openalex.org/W2959042021,
3914,https://openalex.org/W2034475230,https://doi.org/10.1139/e88-126
3915,https://openalex.org/W2802020649,https://doi.org/10.1002/smll.201800547
3916,https://openalex.org/W2981118654,https://doi.org/10.4103/2347-6486.238517
3917,https://openalex.org/W4361278183,https://doi.org/10.1016/j.jeoa.2023.100456
3918,https://openalex.org/W2914283252,https://doi.org/10.1155/2019/8759873
3919,https://openalex.org/W2036611728,https://doi.org/10.1111/j.1423-0410.1968.tb01749.x
3920,https://openalex.org/W4403469613,https://doi.org/10.1088/1361-6544/ad84ac
3921,https://openalex.org/W2414029014,
3922,https://openalex.org/W3196091461,https://doi.org/10.1080/14767430.2021.1966604
3923,https://openalex.org/W3171910908,
3924,https://openalex.org/W1953939323,
3925,https://openalex.org/W1975522653,https://doi.org/10.1086/118175
3926,https://openalex.org/W4362628175,https://doi.org/10.21203/rs.3.rs-2757939/v1
3927,https://openalex.org/W2811075432,https://doi.org/10.1029/2018jb015748
3928,https://openalex.org/W2791597096,https://doi.org/10.2217/nnm-2017-0336
3929,https://openalex.org/W2052458863,https://doi.org/10.1080/13102818.2015.1026843
3930,https://openalex.org/W4200184627,https://doi.org/10.23919/amta52830.2021.9620711
3931,https://openalex.org/W3155041016,https://doi.org/10.33851/jmis.2021.8.1.1
3932,https://openalex.org/W3165375015,https://doi.org/10.1002/bab.2141
3933,https://openalex.org/W2767729457,https://doi.org/10.2147/ott.s136677
3934,https://openalex.org/W3011226189,https://doi.org/10.1134/s0006350919060162
3935,https://openalex.org/W1525494976,https://doi.org/10.1109/korus.2004.1555365
3936,https://openalex.org/W2076241220,https://doi.org/10.1143/jpsj.80.044606
3937,https://openalex.org/W2332146784,https://doi.org/10.5331/seppyo.49.123
3938,https://openalex.org/W2990355963,
3939,https://openalex.org/W2010457044,https://doi.org/10.4314/tjpr.v3i1.14616
3940,https://openalex.org/W2566011421,https://doi.org/10.2307/44758919
3941,https://openalex.org/W1810917020,https://doi.org/10.1002/bmb.20764
3942,https://openalex.org/W2140803123,https://doi.org/10.1039/c39780000898
3943,https://openalex.org/W2166510035,
3944,https://openalex.org/W4405877265,https://doi.org/10.37905/euler.v12i2.27605
3945,https://openalex.org/W2883535324,https://doi.org/10.1051/matecconf/201817901002
3946,https://openalex.org/W2022263399,https://doi.org/10.1017/s0031819100052906
3947,https://openalex.org/W2752126733,https://doi.org/10.1093/nar/gkx760
3948,https://openalex.org/W2057970614,https://doi.org/10.1063/1.1665688
3949,https://openalex.org/W2416858365,
3950,https://openalex.org/W4410952705,https://doi.org/10.1007/s11218-025-10078-w
3951,https://openalex.org/W2593491786,https://doi.org/10.1051/matecconf/201710004004
3952,https://openalex.org/W2276847229,https://doi.org/10.1016/j.sbspro.2015.06.340
3953,https://openalex.org/W2038043514,https://doi.org/10.1364/oe.16.018731
3954,https://openalex.org/W2417226786,https://doi.org/10.2500/ajra.2015.29.4228
3955,https://openalex.org/W2072179143,https://doi.org/10.1159/000369898
3956,https://openalex.org/W2055218013,https://doi.org/10.1524/ract.2006.94.9-11.645
3957,https://openalex.org/W4225102280,https://doi.org/10.1145/3491102.3501972
3958,https://openalex.org/W2175976312,https://doi.org/10.1111/j.0014-3820.2005.tb00920.x
3959,https://openalex.org/W2059453562,https://doi.org/10.1128/jvi.75.7.3185-3196.2001
3960,https://openalex.org/W2584806683,
3961,https://openalex.org/W2917145623,https://doi.org/10.4103/0028-3886.246238
3962,https://openalex.org/W3196912083,https://doi.org/10.21203/rs.3.rs-836994/v1
3963,https://openalex.org/W1846348975,https://doi.org/10.1029/2008gb003206
3964,https://openalex.org/W2015107935,https://doi.org/10.1108/eb024044
3965,https://openalex.org/W2068680739,https://doi.org/10.3109/13880208409070665
3966,https://openalex.org/W1998982173,https://doi.org/10.1039/b412963f
3967,https://openalex.org/W2355479078,
3968,https://openalex.org/W2954485395,https://doi.org/10.1103/physrevx.9.041025
3969,https://openalex.org/W2116376731,https://doi.org/10.1016/s1533-3167(03)00054-2
3970,https://openalex.org/W4200376061,https://doi.org/10.32604/biocell.2022.017757
3971,https://openalex.org/W3194140660,https://doi.org/10.11646/phytotaxa.516.3.4
3972,https://openalex.org/W2897669622,https://doi.org/10.5167/uzh-81303
3973,https://openalex.org/W2060132790,https://doi.org/10.1061/(asce)0742-597x(1999)15:4(43)
3974,https://openalex.org/W2063111926,https://doi.org/10.1115/1.3262241
3975,https://openalex.org/W2318866578,https://doi.org/10.1103/physreve.86.011140
3976,https://openalex.org/W2795362919,https://doi.org/10.2208/jscejer.73.iii_543
3977,https://openalex.org/W2152308106,https://doi.org/10.5455/2320-6012.ijrms20140546
3978,https://openalex.org/W2111356575,https://doi.org/10.1097/00007890-199907150-00001
3979,https://openalex.org/W2348557009,
3980,https://openalex.org/W3133910609,https://doi.org/10.1021/acsnano.1c00872
3981,https://openalex.org/W1966894804,https://doi.org/10.1083/jcb.25.2.159
3982,https://openalex.org/W2581618832,
3983,https://openalex.org/W2056422591,https://doi.org/10.1111/j.1440-1681.1985.tb00299.x
3984,https://openalex.org/W2040851079,https://doi.org/10.1080/19386389.2010.524864
3985,https://openalex.org/W2114265465,https://doi.org/10.1111/j.1467-8268.2010.00261.x
3986,https://openalex.org/W2942680718,https://doi.org/10.1123/jab.2018-0379
3987,https://openalex.org/W2781927623,https://doi.org/10.1080/17405629.2017.1419954
3988,https://openalex.org/W2274831833,
3989,https://openalex.org/W4224289355,https://doi.org/10.1002/ajhb.23749
3990,https://openalex.org/W2187173519,https://doi.org/10.15623/ijret.2015.0404013
3991,https://openalex.org/W2129544776,https://doi.org/10.1039/b310502d
3992,https://openalex.org/W2143083739,https://doi.org/10.1080/13639080120086111
3993,https://openalex.org/W4408430166,https://doi.org/10.5194/egusphere-egu25-15413
3994,https://openalex.org/W2542244975,https://doi.org/10.1109/iscit.2004.1413884
3995,https://openalex.org/W2009250577,https://doi.org/10.1109/cvpr.2014.209
3996,https://openalex.org/W3044323625,https://doi.org/10.1097/md.0000000000021192
3997,https://openalex.org/W2058166370,https://doi.org/10.1103/physreve.50.1823
3998,https://openalex.org/W3104272434,https://doi.org/10.1049/iet-sen.2019.0190
3999,https://openalex.org/W1963521962,https://doi.org/10.1021/nn901563y
4000,https://openalex.org/W2118170309,https://doi.org/10.1093/nar/28.9.2004
4001,https://openalex.org/W2039389281,https://doi.org/10.1001/archinte.1968.03640030091019
4002,https://openalex.org/W2273261195,https://doi.org/10.1152/ajpheart.1990.259.1.h74
4003,https://openalex.org/W2608036660,https://doi.org/10.1177/0146621617703182
4004,https://openalex.org/W1617543897,
4005,https://openalex.org/W2412025819,https://doi.org/10.1515/bchm3.1989.370.1.525
4006,https://openalex.org/W2017588730,https://doi.org/10.1002/bip.10479
4007,https://openalex.org/W1981732347,https://doi.org/10.1046/j.1365-294x.2002.01517.x
4008,https://openalex.org/W2754719280,https://doi.org/10.1109/icip.2017.8296365
4009,https://openalex.org/W2015053273,https://doi.org/10.4310/cag.2009.v17.n2.a2
4010,https://openalex.org/W1972667158,https://doi.org/10.1080/08880010050120881
4011,https://openalex.org/W2350719348,
4012,https://openalex.org/W2096896090,https://doi.org/10.2307/2998378
4013,https://openalex.org/W2883317381,https://doi.org/10.3103/s8756699018030044
4014,https://openalex.org/W2075233704,https://doi.org/10.1111/j.1438-8677.1994.tb00740.x
4015,https://openalex.org/W61519768,
4016,https://openalex.org/W3214793321,https://doi.org/10.52215/rev.bgs.2021.82.3.22
4017,https://openalex.org/W2022113036,https://doi.org/10.1117/12.284664
4018,https://openalex.org/W1504837655,https://doi.org/10.1111/jmwh.12309
4019,https://openalex.org/W2063523674,https://doi.org/10.2176/nmc.28.393
4020,https://openalex.org/W4387857031,https://doi.org/10.1186/s12915-023-01736-6
4021,https://openalex.org/W2029460693,https://doi.org/10.1088/0031-8949/2009/t136/014001
4022,https://openalex.org/W4220829007,https://doi.org/10.5194/egusphere-egu22-3762
4023,https://openalex.org/W2955978709,https://doi.org/10.1093/jpepsy/jsz047
4024,https://openalex.org/W3103541059,https://doi.org/10.1044/2020_persp-20-00132
4025,https://openalex.org/W2168096284,https://doi.org/10.1084/jem.158.3.811
4026,https://openalex.org/W2777062338,https://doi.org/10.11575/jah.v0i0.53324.g40661
4027,https://openalex.org/W7533904,
4028,https://openalex.org/W2094339639,https://doi.org/10.1002/jctb.1844
4029,https://openalex.org/W2795154445,https://doi.org/10.1051/matecconf/201815901038
4030,https://openalex.org/W1493386730,https://doi.org/10.1109/icra.2015.7139659
4031,https://openalex.org/W2177837739,https://doi.org/10.1080/09168451.2015.1091718
4032,https://openalex.org/W277334350,
4033,https://openalex.org/W2126733715,https://doi.org/10.1115/esda2006-95412
4034,https://openalex.org/W2624419526,https://doi.org/10.4467/2353737xct.16.265.6064
4035,https://openalex.org/W4390663322,https://doi.org/10.1080/21568235.2023.2301588
4036,https://openalex.org/W2889418197,https://doi.org/10.2307/1900849
4037,https://openalex.org/W3005678893,https://doi.org/10.1109/chilecon47746.2019.8988025
4038,https://openalex.org/W3148386797,https://doi.org/10.3748/wjg.13.6022
4039,https://openalex.org/W4385816461,https://doi.org/10.35145/jabt.v4i1.117
4040,https://openalex.org/W1861668793,
4041,https://openalex.org/W2039068026,https://doi.org/10.1117/12.677439
4042,https://openalex.org/W2099263388,https://doi.org/10.1109/aim.2003.1225499
4043,https://openalex.org/W2335010337,https://doi.org/10.4327/jsnfs.42.461
4044,https://openalex.org/W2064560225,https://doi.org/10.1051/0004-6361/201219879
4045,https://openalex.org/W3133975688,https://doi.org/10.1111/ijd.15501
4046,https://openalex.org/W2132431277,https://doi.org/10.1152/ajprenal.00016.2014
4047,https://openalex.org/W2981220733,https://doi.org/10.4218/etrij.2018-0281
4048,https://openalex.org/W2006312371,https://doi.org/10.1001/archdermatol.2011.266
4049,https://openalex.org/W2158094690,https://doi.org/10.3349/ymj.2005.46.2.252
4050,https://openalex.org/W6903072863,https://doi.org/10.1016/s0990-7440(01)01136-6/pdf
4051,https://openalex.org/W4240682696,https://doi.org/10.2307/3760819
4052,https://openalex.org/W2076470541,https://doi.org/10.1111/j.1399-6576.2005.00695.x
4053,https://openalex.org/W2116696260,https://doi.org/10.1103/physreve.87.062811
4054,https://openalex.org/W2921778094,https://doi.org/10.1016/j.ebiom.2019.03.007
4055,https://openalex.org/W3088005119,https://doi.org/10.21606/learnxdesign.2019.09130
4056,https://openalex.org/W4386888612,https://doi.org/10.1088/1755-1315/1230/1/012028
4057,https://openalex.org/W4246570866,https://doi.org/10.1055/s-0035-1553256
4058,https://openalex.org/W2605788792,https://doi.org/10.1088/1742-6596/822/1/012037
4059,https://openalex.org/W2119520338,https://doi.org/10.2105/ajph.54.1.98
4060,https://openalex.org/W4361857784,https://doi.org/10.31388/2519-884x-2022-46-37-43
4061,https://openalex.org/W2005285511,https://doi.org/10.2753/jei0021-3624440305
4062,https://openalex.org/W2070088388,https://doi.org/10.1111/j.1365-2427.1995.tb00912.x
4063,https://openalex.org/W4324137220,https://doi.org/10.1055/s-0043-1764139
4064,https://openalex.org/W2079585103,https://doi.org/10.1007/s00122-015-2472-6
4065,https://openalex.org/W4236546724,https://doi.org/10.2307/2867181
4066,https://openalex.org/W2328971666,https://doi.org/10.1093/jcs/13.1.43
4067,https://openalex.org/W9796097,https://doi.org/10.1139/g98-047
4068,https://openalex.org/W2035390670,https://doi.org/10.1111/j.1469-7998.1959.tb05529.x
4069,https://openalex.org/W2040691927,https://doi.org/10.1159/000063899
4070,https://openalex.org/W2781524048,https://doi.org/10.23919/eumc.2017.8230966
4071,https://openalex.org/W2729404980,https://doi.org/10.1080/01441647.2017.1349207
4072,https://openalex.org/W2904435900,https://doi.org/10.15570/actaapa.2018.42
4073,https://openalex.org/W4405148455,https://doi.org/10.1111/jocd.16715
4074,https://openalex.org/W2923100273,https://doi.org/10.5281/zenodo.16561861
4075,https://openalex.org/W2072877457,https://doi.org/10.1097/00008505-199305000-00026
4076,https://openalex.org/W4399540286,https://doi.org/10.31881/tlr.2024.099
4077,https://openalex.org/W2564886250,
4078,https://openalex.org/W2743934902,https://doi.org/10.5281/zenodo.13469413
4079,https://openalex.org/W1964011666,https://doi.org/10.1080/00028896109343375
4080,https://openalex.org/W40291638,
4081,https://openalex.org/W3109144775,https://doi.org/10.1080/00318884.2020.1845046
4082,https://openalex.org/W4389902919,https://doi.org/10.1186/s41747-023-00392-3
4083,https://openalex.org/W2084696045,https://doi.org/10.1046/j.1365-3083.1997.d01-150.x
4084,https://openalex.org/W2029002990,https://doi.org/10.1115/detc2008-50030
4085,https://openalex.org/W2033415590,https://doi.org/10.1111/2049-632x.12161
4086,https://openalex.org/W2377096857,
4087,https://openalex.org/W4205662345,https://doi.org/10.2514/6.2022-1906
4088,https://openalex.org/W3164429907,https://doi.org/10.1021/acsami.1c04077
4089,https://openalex.org/W2067930668,https://doi.org/10.1109/lpt.2014.2335893
4090,https://openalex.org/W2050995217,https://doi.org/10.1080/02681219780000971
4091,https://openalex.org/W4285317996,https://doi.org/10.18592/msr.v3i2.6279
4092,https://openalex.org/W641603126,
4093,https://openalex.org/W1999327543,https://doi.org/10.1080/0014013031000090152
4094,https://openalex.org/W2903957430,https://doi.org/10.1089/aid.2018.0177
4095,https://openalex.org/W1974052073,https://doi.org/10.1253/circj.66.685
4096,https://openalex.org/W1985538998,https://doi.org/10.1002/bbpc.19981020934
4097,https://openalex.org/W4368364572,https://doi.org/10.1093/jas/skad068.001
4098,https://openalex.org/W2895429702,https://doi.org/10.1063/1.5045617
4099,https://openalex.org/W4379161155,https://doi.org/10.1063/5.0153390
4100,https://openalex.org/W2067530477,https://doi.org/10.1177/0954405413517364
4101,https://openalex.org/W2774728938,
4102,https://openalex.org/W2099371414,https://doi.org/10.1242/dev.63.1.111
4103,https://openalex.org/W2072082837,https://doi.org/10.1111/j.1095-8649.2009.02310.x
4104,https://openalex.org/W3044215416,https://doi.org/10.1080/23248823.2020.1793078
4105,https://openalex.org/W2291692612,https://doi.org/10.12793/tcp.2015.23.1.1
4106,https://openalex.org/W2335172770,https://doi.org/10.3109/13880209.2012.664151
4107,https://openalex.org/W2414402555,
4108,https://openalex.org/W2080184918,https://doi.org/10.1029/jb084ib11p06226
4109,https://openalex.org/W2071519856,https://doi.org/10.1021/jf00123a020
4110,https://openalex.org/W4404237851,https://doi.org/10.2118/218051-pa
4111,https://openalex.org/W2072402041,https://doi.org/10.1111/j.1572-0241.1999.01233.x
4112,https://openalex.org/W2117509840,https://doi.org/10.1093/jjco/hyq180
4113,https://openalex.org/W2006707509,https://doi.org/10.1111/j.1471-6402.1985.tb00876.x
4114,https://openalex.org/W2052197812,https://doi.org/10.2169/internalmedicine.35.39
4115,https://openalex.org/W2313828793,https://doi.org/10.2307/1374031
4116,https://openalex.org/W2732903198,https://doi.org/10.1017/cjn.2017.200
4117,https://openalex.org/W4253843173,https://doi.org/10.1002/etc.5620111101
4118,https://openalex.org/W1981337585,https://doi.org/10.1242/dev.066720
4119,https://openalex.org/W2064584959,https://doi.org/10.1117/12.942612
4120,https://openalex.org/W4387314874,https://doi.org/10.23919/ursigass57860.2023.10265325
4121,https://openalex.org/W2906166209,https://doi.org/10.1134/s0362119718060117
4122,https://openalex.org/W2134831228,
4123,https://openalex.org/W2011479577,https://doi.org/10.1046/j.1420-9101.1993.6050659.x
4124,https://openalex.org/W4410695430,https://doi.org/10.1002/pri.70067
4125,https://openalex.org/W2530853291,https://doi.org/10.21451/1984-3143-ar781
4126,https://openalex.org/W4410285590,https://doi.org/10.3390/en18102449
4127,https://openalex.org/W2138901859,https://doi.org/10.3748/wjg.v20.i16.4467
4128,https://openalex.org/W2054345590,https://doi.org/10.1109/uksim.2010.97
4129,https://openalex.org/W2118397447,https://doi.org/10.12968/bjhc.2010.16.10.78927
4130,https://openalex.org/W2113309128,https://doi.org/10.1558/cam.v6i2.199
4131,https://openalex.org/W1512136727,https://doi.org/10.4049/jimmunol.158.11.5518
4132,https://openalex.org/W2163566129,https://doi.org/10.1109/igarss.2003.1294695
4133,https://openalex.org/W3044689720,https://doi.org/10.1080/07420528.2020.1781358
4134,https://openalex.org/W2391789799,
4135,https://openalex.org/W3168471584,https://doi.org/10.1097/01.ccn.0000429387.18097.a9
4136,https://openalex.org/W4399836760,https://doi.org/10.3847/2041-8213/ad58e4
4137,https://openalex.org/W2097045992,https://doi.org/10.1128/mcb.23.23.8471-8485.2003
4138,https://openalex.org/W2280670509,https://doi.org/10.14412/1995-4484-2007-14
4139,https://openalex.org/W2037948515,https://doi.org/10.1080/01440390701428139
4140,https://openalex.org/W2118829532,https://doi.org/10.1002/(sici)1099-0720(199810)12:5<505::aid-acp536>3.0.co;2-d
4141,https://openalex.org/W2118344876,https://doi.org/10.1080/10584609.2012.737417
4142,https://openalex.org/W2972789529,https://doi.org/10.26615/978-954-452-056-4_038
4143,https://openalex.org/W1969133783,https://doi.org/10.1046/j.1365-2044.2003.30362.x
4144,https://openalex.org/W4224691497,https://doi.org/10.1088/1367-2630/ac6a01
4145,https://openalex.org/W109600996,
4146,https://openalex.org/W1556377925,https://doi.org/10.5070/f781017396
4147,https://openalex.org/W4311490548,https://doi.org/10.1088/1742-6596/2378/1/012075
4148,https://openalex.org/W1454866692,
4149,https://openalex.org/W380253488,https://doi.org/10.1117/12.2177586
4150,https://openalex.org/W2626810689,https://doi.org/10.1002/chem.201702220
4151,https://openalex.org/W1980444204,https://doi.org/10.1299/jsme1958.11.294
4152,https://openalex.org/W4393240742,https://doi.org/10.1063/5.0200028
4153,https://openalex.org/W2135133102,https://doi.org/10.1093/hmg/ddq068
4154,https://openalex.org/W1761142551,
4155,https://openalex.org/W2162313493,https://doi.org/10.1787/fmt-v2007-art9-en
4156,https://openalex.org/W2415240097,
4157,https://openalex.org/W4210891752,https://doi.org/10.1093/ehjcr/ytac051
4158,https://openalex.org/W1973282911,https://doi.org/10.1021/cm063000s
4159,https://openalex.org/W2086804164,https://doi.org/10.1002/j.2048-7940.1989.tb01115.x
4160,https://openalex.org/W4232608497,https://doi.org/10.1017/s0950017000000416
4161,https://openalex.org/W2518319506,https://doi.org/10.3725/jjn.45.19
4162,https://openalex.org/W4285007051,https://doi.org/10.3389/fpubh.2022.753861
4163,https://openalex.org/W2120700440,https://doi.org/10.2108/zsj.15.677
4164,https://openalex.org/W2921765279,https://doi.org/10.1146/annurev-genom-083118-015201
4165,https://openalex.org/W4406777841,https://doi.org/10.3389/fmolb.2024.1487115
4166,https://openalex.org/W2322692960,https://doi.org/10.11644/kiep.jeai.2007.11.1.163
4167,https://openalex.org/W3020830113,https://doi.org/10.3390/smartcities3020025
4168,https://openalex.org/W2002378200,https://doi.org/10.1080/08997225.2000.10556258
4169,https://openalex.org/W2087265449,https://doi.org/10.1515/forum-2014-0048
4170,https://openalex.org/W763444015,
4171,https://openalex.org/W4379794238,https://doi.org/10.1002/tqem.21989
4172,https://openalex.org/W1965420193,https://doi.org/10.1177/0730888484011003003
4173,https://openalex.org/W3131781639,https://doi.org/10.1101/2021.02.21.432160
4174,https://openalex.org/W2125172165,https://doi.org/10.1146/annurev-polisci-031710-112604
4175,https://openalex.org/W2619664060,https://doi.org/10.1103/physrevb.96.205151
4176,https://openalex.org/W2130337654,https://doi.org/10.2466/pms.108.2.349-361
4177,https://openalex.org/W2001975179,https://doi.org/10.1270/jsbbs.62.160
4178,https://openalex.org/W2078891994,https://doi.org/10.1088/0741-3335/44/5a/324
4179,https://openalex.org/W2190158367,https://doi.org/10.1167/iovs.15-17819
4180,https://openalex.org/W2408554416,https://doi.org/10.1182/blood.v84.2.474.474
4181,https://openalex.org/W2047085182,https://doi.org/10.1109/icpe.2011.5944619
4182,https://openalex.org/W2013821893,https://doi.org/10.1017/s1537781400002103
4183,https://openalex.org/W148089468,https://doi.org/10.2460/ajvr.1993.54.08.1352
4184,https://openalex.org/W1519998997,https://doi.org/10.1113/jphysiol.2003.059386
4185,https://openalex.org/W1996040284,https://doi.org/10.1111/j.1469-8676.1998.tb00368.x
4186,https://openalex.org/W2963186792,https://doi.org/10.15520/ijmhs.2016.vol6.iss2.106.
4187,https://openalex.org/W2109800983,https://doi.org/10.1253/circj.69.1256
4188,https://openalex.org/W1968401581,https://doi.org/10.1093/arbitration/1.2.161
4189,https://openalex.org/W1584657010,https://doi.org/10.1128/jb.176.17.5202-5209.1994
4190,https://openalex.org/W3212116855,https://doi.org/10.3390/batteries7040078
4191,https://openalex.org/W2805313241,https://doi.org/10.1109/jiot.2018.2844090
4192,https://openalex.org/W3047146537,https://doi.org/10.1109/esgco49734.2020.9158178
4193,https://openalex.org/W2599700310,https://doi.org/10.1080/14767058.2017.1311861
4194,https://openalex.org/W4411603790,https://doi.org/10.3390/appliedmath5030076
4195,https://openalex.org/W3143686377,
4196,https://openalex.org/W2334456193,https://doi.org/10.1179/174313408x304994
4197,https://openalex.org/W3021112922,https://doi.org/10.36713/epra4361
4198,https://openalex.org/W4400178513,https://doi.org/10.20961/shes.v7i1.84301
4199,https://openalex.org/W2040585142,https://doi.org/10.1088/0022-3700/9/5/007
4200,https://openalex.org/W2941683626,https://doi.org/10.17605/osf.io/v9tkz
4201,https://openalex.org/W2073589640,https://doi.org/10.1021/j100249a033
4202,https://openalex.org/W4376871859,https://doi.org/10.1080/10640266.2023.2206753
4203,https://openalex.org/W2358039253,
4204,https://openalex.org/W2761506637,https://doi.org/10.18869/nirp.bcn.8.5.395
4205,https://openalex.org/W2551031827,https://doi.org/10.3390/ijms17111944
4206,https://openalex.org/W2045234879,https://doi.org/10.1109/ecrts.2010.32
4207,https://openalex.org/W2001997237,https://doi.org/10.1021/bi00749a025
4208,https://openalex.org/W2766681683,https://doi.org/10.1115/pvp2017-65617
4209,https://openalex.org/W1581157337,https://doi.org/10.1155/2012/789859
4210,https://openalex.org/W2037530388,https://doi.org/10.1021/es9909125
4211,https://openalex.org/W2883792947,https://doi.org/10.1002/anie.201807054
4212,https://openalex.org/W2784677498,
4213,https://openalex.org/W2563687716,https://doi.org/10.1037/sgd0000192
4214,https://openalex.org/W2911887690,https://doi.org/10.1021/acs.jpcc.8b12163
4215,https://openalex.org/W4230512472,https://doi.org/10.2307/2266206
4216,https://openalex.org/W2355226553,
4217,https://openalex.org/W4391529771,https://doi.org/10.1016/j.rico.2024.100388
4218,https://openalex.org/W2302221296,https://doi.org/10.1177/0269094215621724
4219,https://openalex.org/W2084872199,https://doi.org/10.5351/kjas.2011.24.2.347
4220,https://openalex.org/W2066986522,https://doi.org/10.1037//0022-3514.38.5.751
4221,https://openalex.org/W1500032645,https://doi.org/10.1111/j.1399-0039.2012.01906.x
4222,https://openalex.org/W2118777135,https://doi.org/10.1080/02602938.2012.674484
4223,https://openalex.org/W2086117547,https://doi.org/10.1002/ceat.270140210
4224,https://openalex.org/W2941458268,https://doi.org/10.3390/proceedings2019010043
4225,https://openalex.org/W2058559777,https://doi.org/10.1074/jbc.m307154200
4226,https://openalex.org/W4407290088,https://doi.org/10.15391/si.2025-1.03
4227,https://openalex.org/W4411023079,https://doi.org/10.4028/p-px9vnq
4228,https://openalex.org/W1590333457,https://doi.org/10.1063/1.478909
4229,https://openalex.org/W2578321103,https://doi.org/10.1002/pssb.201600699
4230,https://openalex.org/W4302396175,
4231,https://openalex.org/W3089621796,https://doi.org/10.17718/tojde.803390
4232,https://openalex.org/W2028752102,https://doi.org/10.1093/nar/gkr787
4233,https://openalex.org/W2617086863,https://doi.org/10.1109/globalsip.2017.8309026
4234,https://openalex.org/W3098704632,https://doi.org/10.1029/2020pa004020
4235,https://openalex.org/W1899930801,https://doi.org/10.1017/s1047951103000908
4236,https://openalex.org/W4399299521,https://doi.org/10.3390/diseases12060114
4237,https://openalex.org/W2146481285,https://doi.org/10.1177/1077801210397744
4238,https://openalex.org/W2743597968,https://doi.org/10.4236/ijcns.2017.108b034
4239,https://openalex.org/W2737371481,https://doi.org/10.18579/jpcrkc/2017/16/2/116425
4240,https://openalex.org/W2439179533,https://doi.org/10.1109/ncvpripg.2015.7490068
4241,https://openalex.org/W4251267613,https://doi.org/10.1109/ipdps.2006.1639615
4242,https://openalex.org/W2158724710,https://doi.org/10.1142/s1793042112501576
4243,https://openalex.org/W2015662566,https://doi.org/10.1143/ptp.23.382
4244,https://openalex.org/W2063809317,https://doi.org/10.1029/2005jc003090
4245,https://openalex.org/W1828403552,
4246,https://openalex.org/W2094556068,https://doi.org/10.1080/10618600.2012.719844
4247,https://openalex.org/W2095266023,https://doi.org/10.1002/ajh.10367
4248,https://openalex.org/W2168021633,https://doi.org/10.1111/njb.00159
4249,https://openalex.org/W2981648769,https://doi.org/10.21608/jssae.2011.55480
4250,https://openalex.org/W2743880133,https://doi.org/10.1002/sim.7425
4251,https://openalex.org/W1967759756,https://doi.org/10.4028/www.scientific.net/amm.295-298.2795
4252,https://openalex.org/W4380051197,https://doi.org/10.21638/spbu05.2023.203
4253,https://openalex.org/W2991311787,https://doi.org/10.1073/pnas.1807456116
4254,https://openalex.org/W3212904814,https://doi.org/10.1103/physrevc.104.054303
4255,https://openalex.org/W2083069686,https://doi.org/10.1155/2013/987910
4256,https://openalex.org/W1983967771,https://doi.org/10.1021/ar00166a004
4257,https://openalex.org/W16803421,https://doi.org/10.1177/000313481007601117
4258,https://openalex.org/W2411097919,https://doi.org/10.1177/107385849900500611
4259,https://openalex.org/W2761489467,https://doi.org/10.1177/0898264317733362
4260,https://openalex.org/W2745548464,https://doi.org/10.1159/000479360
4261,https://openalex.org/W3081208099,https://doi.org/10.1177/1533317520951690
4262,https://openalex.org/W4283771027,https://doi.org/10.1002/ange.202202405
4263,https://openalex.org/W2126477199,https://doi.org/10.1373/clinchem.2003.030759
4264,https://openalex.org/W2911484115,https://doi.org/10.1073/pnas.1810070116
4265,https://openalex.org/W4403997201,https://doi.org/10.1038/s41598-024-76297-x
4266,https://openalex.org/W2126975091,https://doi.org/10.1152/ajpendo.2000.278.6.e1060
4267,https://openalex.org/W2619254106,https://doi.org/10.33603/perspective.v4i2.1543
4268,https://openalex.org/W2388240422,
4269,https://openalex.org/W1980571899,https://doi.org/10.1371/journal.pone.0076119
4270,https://openalex.org/W2080386385,https://doi.org/10.1002/(sici)1099-0518(199708)35:11<2177::aid-pola8>3.0.co;2-v
4271,https://openalex.org/W2024033128,https://doi.org/10.1615/critrevimmunol.v14.i3-4.70
4272,https://openalex.org/W1998811353,https://doi.org/10.1039/c1cc16060e
4273,https://openalex.org/W2159806118,https://doi.org/10.1128/aem.00861-15
4274,https://openalex.org/W1526298128,
4275,https://openalex.org/W1985036586,https://doi.org/10.1002/1097-0142(197405)33:5<1462::aid-cncr2820330533>3.0.co;2-6
4276,https://openalex.org/W4400292331,https://doi.org/10.3390/genes15070875
4277,https://openalex.org/W2139117443,https://doi.org/10.1128/iai.62.2.492-500.1994
4278,https://openalex.org/W4393254080,https://doi.org/10.1371/journal.pone.0299193
4279,https://openalex.org/W3092575577,https://doi.org/10.3390/ijerph17207392
4280,https://openalex.org/W2184519131,https://doi.org/10.1177/1525822x18766284
4281,https://openalex.org/W2161999537,https://doi.org/10.1097/00004872-200202000-00026
4282,https://openalex.org/W2102931745,https://doi.org/10.5120/795-1129
4283,https://openalex.org/W3115525170,
4284,https://openalex.org/W2065210270,https://doi.org/10.1074/jbc.m308512200
4285,https://openalex.org/W2131482353,https://doi.org/10.1109/titb.2006.884367
4286,https://openalex.org/W4392925500,https://doi.org/10.20944/preprints202403.0823.v1
4287,https://openalex.org/W2910554515,https://doi.org/10.21082/fae.v36n1.2018.23-44
4288,https://openalex.org/W2909902591,https://doi.org/10.1371/journal.pone.0210276
4289,https://openalex.org/W2008328915,https://doi.org/10.1021/jp046605p
4290,https://openalex.org/W2090548697,https://doi.org/10.1016/j.jhep.2012.05.017
4291,https://openalex.org/W1479716597,https://doi.org/10.1109/cleopr.1999.811578
4292,https://openalex.org/W2071630375,https://doi.org/10.1155/2014/586472
4293,https://openalex.org/W2318101275,https://doi.org/10.1017/s0025315412000458
4294,https://openalex.org/W2001877558,https://doi.org/10.1063/1.2201692
4295,https://openalex.org/W2538651972,https://doi.org/10.1109/red-uas.2015.7440996
4296,https://openalex.org/W2105531316,https://doi.org/10.1111/j.1755-6686.2009.00074.x
4297,https://openalex.org/W3014968918,https://doi.org/10.1109/iccakm46823.2020.9051558
4298,https://openalex.org/W4283690172,https://doi.org/10.1080/09540121.2022.2094311
4299,https://openalex.org/W1996199774,https://doi.org/10.1155/2011/276419
4300,https://openalex.org/W1943148885,https://doi.org/10.1109/secon.1996.510073
4301,https://openalex.org/W4391750938,https://doi.org/10.1007/s40194-024-01717-5
4302,https://openalex.org/W2158183457,https://doi.org/10.3346/jkms.2011.26.7.959
4303,https://openalex.org/W2140234642,https://doi.org/10.15394/jaaer.2004.1550
4304,https://openalex.org/W2081221149,https://doi.org/10.1073/pnas.84.1.76
4305,https://openalex.org/W3124152297,https://doi.org/10.1111/ina.12786
4306,https://openalex.org/W2009042881,https://doi.org/10.1179/174329408x315625
4307,https://openalex.org/W2071084046,https://doi.org/10.1107/s1600536807028346
4308,https://openalex.org/W1984832450,https://doi.org/10.4155/tde.12.126
4309,https://openalex.org/W2153333422,https://doi.org/10.1161/01.cir.0000163566.07427.73
4310,https://openalex.org/W3210798746,https://doi.org/10.1080/10402659.2021.1956144
4311,https://openalex.org/W2046555082,https://doi.org/10.1111/acel.12264
4312,https://openalex.org/W2143368064,https://doi.org/10.1109/tit.2012.2188850
4313,https://openalex.org/W2500903959,https://doi.org/10.1080/08327823.1992.11688177
4314,https://openalex.org/W2081902133,https://doi.org/10.2320/matertrans1960.29.448
4315,https://openalex.org/W2361390368,
4316,https://openalex.org/W4408995931,https://doi.org/10.1111/tan.70165
4317,https://openalex.org/W3022819563,https://doi.org/10.1002/adts.202000034
4318,https://openalex.org/W2264405443,
4319,https://openalex.org/W2105465678,https://doi.org/10.1110/ps.062406706
4320,https://openalex.org/W2945586406,https://doi.org/10.4000/irpp.325
4321,https://openalex.org/W2073382331,https://doi.org/10.1029/91gl02535
4322,https://openalex.org/W4245069710,https://doi.org/10.1034/j.1600-0587.2001.240306.x
4323,https://openalex.org/W4252493892,https://doi.org/10.2106/00004623-200004000-00013
4324,https://openalex.org/W2075287969,https://doi.org/10.1080/j006v15n03_07
4325,https://openalex.org/W2104359273,https://doi.org/10.2514/6.2003-4869
4326,https://openalex.org/W2121016855,https://doi.org/10.1152/ajpheart.00234.2008
4327,https://openalex.org/W2181832738,
4328,https://openalex.org/W2785260041,https://doi.org/10.1051/shsconf/20184200044
4329,https://openalex.org/W2966597899,https://doi.org/10.1109/iciaict.2019.8784846
4330,https://openalex.org/W4210942919,https://doi.org/10.1109/icac353642.2021.9697276
4331,https://openalex.org/W1930366496,https://doi.org/10.1128/mcb.12.6.2534
4332,https://openalex.org/W2104683386,https://doi.org/10.3126/ajms.v2i2.4258
4333,https://openalex.org/W2321834965,https://doi.org/10.7897/2277-4343.05498
4334,https://openalex.org/W2524518003,https://doi.org/10.1017/jns.2016.27
4335,https://openalex.org/W3164411734,https://doi.org/10.2147/idr.s299704
4336,https://openalex.org/W4281390413,https://doi.org/10.1016/j.isci.2022.104440
4337,https://openalex.org/W2144687445,https://doi.org/10.2307/1540138
4338,https://openalex.org/W1983977521,https://doi.org/10.1073/pnas.0610666104
4339,https://openalex.org/W2009328701,https://doi.org/10.1109/pes.2010.5590027
4340,https://openalex.org/W2769166216,https://doi.org/10.4236/psych.2017.813136
4341,https://openalex.org/W2003552374,https://doi.org/10.1002/spe.4380170803
4342,https://openalex.org/W4385571312,https://doi.org/10.18653/v1/2023.findings-acl.175
4343,https://openalex.org/W4224311330,https://doi.org/10.1017/cts.2022.71
4344,https://openalex.org/W4225422861,https://doi.org/10.3390/agriculture12050662
4345,https://openalex.org/W4353045607,https://doi.org/10.1097/ncq.0000000000000707
4346,https://openalex.org/W5590966,
4347,https://openalex.org/W1969113609,https://doi.org/10.1063/1.325655
4348,https://openalex.org/W2072548071,https://doi.org/10.3108/beej.9.3
4349,https://openalex.org/W2037750660,https://doi.org/10.1002/jbm.820260506
4350,https://openalex.org/W1973123288,https://doi.org/10.1080/002689798168411
4351,https://openalex.org/W2602335592,https://doi.org/10.1109/icsp.2016.7877929
4352,https://openalex.org/W597642536,https://doi.org/10.1139/y05-150
4353,https://openalex.org/W2095944135,https://doi.org/10.1006/anbo.1996.0112
4354,https://openalex.org/W2118220596,https://doi.org/10.1136/gut.2006.100081
4355,https://openalex.org/W57841518,
4356,https://openalex.org/W2149530101,https://doi.org/10.3109/03009748109102879
4357,https://openalex.org/W4396968287,https://doi.org/10.19105/iqtishadia.v10i2.7881
4358,https://openalex.org/W4229861859,https://doi.org/10.1038/clpt2008124
4359,https://openalex.org/W4381157830,
4360,https://openalex.org/W2033445775,https://doi.org/10.1139/v85-457
4361,https://openalex.org/W1999728679,https://doi.org/10.1167/iovs.03-0730
4362,https://openalex.org/W1970094467,https://doi.org/10.1098/rspa.1925.0050
4363,https://openalex.org/W2767408171,https://doi.org/10.5194/amt-11-1833-2018
4364,https://openalex.org/W1588034641,https://doi.org/10.1111/j.1365-2745.2011.01945.x
4365,https://openalex.org/W4231173277,https://doi.org/10.1001/archderm.131.7.853
4366,https://openalex.org/W2930583568,https://doi.org/10.1213/ane.0000000000004126
4367,https://openalex.org/W7073576007,
4368,https://openalex.org/W2013464365,https://doi.org/10.1111/j.1460-2466.2002.tb02573.x
4369,https://openalex.org/W4400282832,https://doi.org/10.32473/flairs.37.1.135434
4370,https://openalex.org/W2796760353,https://doi.org/10.2307/3262955
4371,https://openalex.org/W4241121389,https://doi.org/10.1093/nq/ns-34.3.413
4372,https://openalex.org/W954011907,https://doi.org/10.1097/00029330-200706010-00003
4373,https://openalex.org/W2263408184,https://doi.org/10.1515/znc-1978-5-620
4374,https://openalex.org/W1979352298,https://doi.org/10.1007/bf01561267
4375,https://openalex.org/W2799902372,https://doi.org/10.2307/1961679
4376,https://openalex.org/W2132373263,https://doi.org/10.1109/jlt.2009.2028698
4377,https://openalex.org/W2124607009,https://doi.org/10.1002/icd.464
4378,https://openalex.org/W2149251622,https://doi.org/10.1109/42.75614
4379,https://openalex.org/W2326255110,https://doi.org/10.1049/cp:20050513
4380,https://openalex.org/W2488978394,
4381,https://openalex.org/W334233987,https://doi.org/10.1017/s0074180900065050
4382,https://openalex.org/W2378981355,
4383,https://openalex.org/W1988161589,https://doi.org/10.1177/0145721712464400
4384,https://openalex.org/W3009283779,https://doi.org/10.1080/09637486.2020.1734542
4385,https://openalex.org/W2034643447,https://doi.org/10.1002/cphc.200900545
4386,https://openalex.org/W4312998191,https://doi.org/10.1109/tiv.2022.3215011
4387,https://openalex.org/W2440042709,
4388,https://openalex.org/W251419186,
4389,https://openalex.org/W1967359656,https://doi.org/10.4171/owr/2006/03
4390,https://openalex.org/W1975948636,https://doi.org/10.5547/issn0195-6574-ej-vol13-no3-4
4391,https://openalex.org/W2025497445,https://doi.org/10.4314/nvj.v23i1.3446
4392,https://openalex.org/W4378801098,https://doi.org/10.1016/j.lcsi.2023.100719
4393,https://openalex.org/W2029254966,https://doi.org/10.1097/01.mpg.0000151749.01631.21
4394,https://openalex.org/W2017704364,https://doi.org/10.2176/nmc.36.860
4395,https://openalex.org/W2312755275,https://doi.org/10.1246/nikkashi.1974.1731
4396,https://openalex.org/W1987239565,https://doi.org/10.1074/jbc.270.15.8642
4397,https://openalex.org/W3083390884,
4398,https://openalex.org/W4295153741,https://doi.org/10.1248/yakushi1947.85.2_95
4399,https://openalex.org/W2052569038,https://doi.org/10.1371/journal.pone.0067840
4400,https://openalex.org/W4224224870,https://doi.org/10.1111/gwat.13201
4401,https://openalex.org/W4285387804,https://doi.org/10.1515/ijeeps-2022-0103
4402,https://openalex.org/W2165579999,https://doi.org/10.4039/ent42301-9
4403,https://openalex.org/W2084286767,https://doi.org/10.1063/1.465180
4404,https://openalex.org/W3049709633,https://doi.org/10.1177/0193945920948867
4405,https://openalex.org/W2896133309,https://doi.org/10.1109/tvcg.2018.2876539
4406,https://openalex.org/W2184505081,
4407,https://openalex.org/W2008000305,https://doi.org/10.1143/ptp.62.1253
4408,https://openalex.org/W2070088612,https://doi.org/10.1074/jbc.m210620200
4409,https://openalex.org/W2741856976,https://doi.org/10.1353/jas.2017.0013
4410,https://openalex.org/W4299915207,https://doi.org/10.1109/icict54344.2022.9850784
4411,https://openalex.org/W2115778460,https://doi.org/10.1210/endo.133.6.8243312
4412,https://openalex.org/W1795981795,https://doi.org/10.1089/neu.2015.3950
4413,https://openalex.org/W1974397243,https://doi.org/10.1097/00003226-200011002-00207
4414,https://openalex.org/W2012126243,https://doi.org/10.3167/jrs.2011.110205
4415,https://openalex.org/W2597085720,https://doi.org/10.1021/acs.jpcc.7b00472
4416,https://openalex.org/W3124999576,https://doi.org/10.5817/cz.muni.p210-9781-2020-21
4417,https://openalex.org/W2127979165,https://doi.org/10.1109/imtc.2005.1604415
4418,https://openalex.org/W2151854827,https://doi.org/10.1017/s0014479706004571
4419,https://openalex.org/W3044879055,https://doi.org/10.1002/slct.202002271
4420,https://openalex.org/W2566566708,https://doi.org/10.1109/icmmt.2016.7761682
4421,https://openalex.org/W1974574330,https://doi.org/10.5539/jfr.v1n1p79
4422,https://openalex.org/W2262162046,https://doi.org/10.1103/physrevd.93.035003
4423,https://openalex.org/W2098496122,https://doi.org/10.1111/j.1749-6632.2010.05449.x
4424,https://openalex.org/W2107830786,https://doi.org/10.1109/cdc.1995.480637
4425,https://openalex.org/W3035644225,https://doi.org/10.1177/1203475420917387
4426,https://openalex.org/W2423214847,
4427,https://openalex.org/W2102126079,https://doi.org/10.1111/j.1749-6632.2009.04587.x
4428,https://openalex.org/W2944684748,https://doi.org/10.32771/inajog.v4i1.69
4429,https://openalex.org/W2144731549,https://doi.org/10.1186/s40643-014-0007-7
4430,https://openalex.org/W2009047021,https://doi.org/10.1108/14668203200800005
4431,https://openalex.org/W2165572145,https://doi.org/10.1109/proc.1987.13830
4432,https://openalex.org/W2037431510,https://doi.org/10.4028/www.scientific.net/kem.583.16
4433,https://openalex.org/W2912118588,https://doi.org/10.1016/j.egypro.2018.11.194
4434,https://openalex.org/W1967500868,https://doi.org/10.1159/000334640
4435,https://openalex.org/W2044780545,https://doi.org/10.1136/jcp.17.1.103-a
4436,https://openalex.org/W3026270309,https://doi.org/10.1590/0074-02760200009
4437,https://openalex.org/W4408383016,https://doi.org/10.3847/1538-4357/adb422
4438,https://openalex.org/W2588774085,https://doi.org/10.4174/astr.2017.92.2.73
4439,https://openalex.org/W4400056910,https://doi.org/10.1101/2024.06.25.24309304
4440,https://openalex.org/W2912871001,https://doi.org/10.1109/skima.2018.8631529
4441,https://openalex.org/W2116922877,https://doi.org/10.1109/tmag.2013.2285882
4442,https://openalex.org/W2588951970,https://doi.org/10.2118/184774-ms
4443,https://openalex.org/W4200339714,https://doi.org/10.1097/prs.0000000000008678
4444,https://openalex.org/W2094461199,https://doi.org/10.1017/s0376892900038182
4445,https://openalex.org/W4224250696,https://doi.org/10.2196/38181
4446,https://openalex.org/W2249367483,https://doi.org/10.4028/www.scientific.net/kem.280-283.65
4447,https://openalex.org/W2767011722,https://doi.org/10.20861/2304-2338-2017-116-005
4448,https://openalex.org/W2333030748,https://doi.org/10.3181/00379727-29-5769
4449,https://openalex.org/W2053275959,https://doi.org/10.1103/physrevb.84.165423
4450,https://openalex.org/W1994100312,https://doi.org/10.1166/jnn.2012.6147
4451,https://openalex.org/W2314468217,https://doi.org/10.5194/isprsannals-ii-5-w1-13-2013
4452,https://openalex.org/W4399715768,https://doi.org/10.31958/jt.v27i1.12257
4453,https://openalex.org/W2100490389,https://doi.org/10.3126/kumj.v7i4.2764
4454,https://openalex.org/W4404645624,https://doi.org/10.1093/sysbio/syae068
4455,https://openalex.org/W2972207925,https://doi.org/10.1088/1755-1315/321/1/012035
4456,https://openalex.org/W2754866470,https://doi.org/10.23919/chicc.2017.8028933
4457,https://openalex.org/W4294719108,https://doi.org/10.33737/jgpps/151660
4458,https://openalex.org/W4293531646,https://doi.org/10.5336/healthsci.2022-87990
4459,https://openalex.org/W2170298852,https://doi.org/10.1016/j.jamcollsurg.2010.03.029
4460,https://openalex.org/W2171863227,https://doi.org/10.1021/bi011551k
4461,https://openalex.org/W2325188816,https://doi.org/10.2307/2280475
4462,https://openalex.org/W2092906312,https://doi.org/10.1111/mec.12879
4463,https://openalex.org/W2517303309,https://doi.org/10.1002/asjc.1416
4464,https://openalex.org/W4312610094,https://doi.org/10.56431/p-740099
4465,https://openalex.org/W4411185464,https://doi.org/10.52447/jpn.v5i1.8266
4466,https://openalex.org/W3140901315,
4467,https://openalex.org/W4386558502,https://doi.org/10.7146/pl.v9i2.134265
4468,https://openalex.org/W2041183082,https://doi.org/10.1109/aps.2007.4396617
4469,https://openalex.org/W2072757910,https://doi.org/10.15270/48-2-96
4470,https://openalex.org/W2027762403,https://doi.org/10.13031/2013.27594
4471,https://openalex.org/W2171697826,https://doi.org/10.1109/ultsym.1984.198395
4472,https://openalex.org/W4386796017,https://doi.org/10.14715/cmb/2023.69.7.33
4473,https://openalex.org/W2186986477,
4474,https://openalex.org/W2054077857,https://doi.org/10.1046/j.1442-2050.2002.00271.x
4475,https://openalex.org/W2032209309,https://doi.org/10.1094/phyto-69-179
4476,https://openalex.org/W2114110193,https://doi.org/10.3109/15563658508990643
4477,https://openalex.org/W2409632575,
4478,https://openalex.org/W2158263023,https://doi.org/10.1371/journal.pone.0042992
4479,https://openalex.org/W2067213593,https://doi.org/10.1002/chin.199152186
4480,https://openalex.org/W2611351260,https://doi.org/10.1002/cbic.201700104
4481,https://openalex.org/W1647712782,https://doi.org/10.18497/iejee-green.31036
4482,https://openalex.org/W3113734899,https://doi.org/10.3389/fimmu.2020.615327
4483,https://openalex.org/W2043074183,https://doi.org/10.1086/114311
4484,https://openalex.org/W4393037997,https://doi.org/10.1021/acscentsci.3c01438
4485,https://openalex.org/W4280580315,https://doi.org/10.2174/1574887117666220518102321
4486,https://openalex.org/W2416177195,
4487,https://openalex.org/W2002258630,https://doi.org/10.1108/17511340710819615
4488,https://openalex.org/W4328054332,https://doi.org/10.5805/sfti.2023.25.1.24
4489,https://openalex.org/W2075832799,https://doi.org/10.1080/08109028308628930
4490,https://openalex.org/W1981379114,https://doi.org/10.1134/s1070328411100046
4491,https://openalex.org/W3148783154,
4492,https://openalex.org/W3202986127,https://doi.org/10.3390/en14196193
4493,https://openalex.org/W3036835434,https://doi.org/10.1080/03122417.2019.1766852
4494,https://openalex.org/W2413426420,https://doi.org/10.24014/jush.v24i1.1526
4495,https://openalex.org/W2162553381,https://doi.org/10.1017/s0305004100035118
4496,https://openalex.org/W2534974141,https://doi.org/10.1109/iswc.1998.729543
4497,https://openalex.org/W2313302533,https://doi.org/10.1212/wnl.78.1_meetingabstracts.p06.187
4498,https://openalex.org/W2016794634,https://doi.org/10.1121/1.4824838
4499,https://openalex.org/W2141558268,https://doi.org/10.1017/s0022463410000056
4500,https://openalex.org/W2766738800,https://doi.org/10.5070/t832011640
4501,https://openalex.org/W1997665808,https://doi.org/10.1109/ccdc.2011.5968772
4502,https://openalex.org/W2132330280,
4503,https://openalex.org/W2071555183,https://doi.org/10.1039/j19690001124
4504,https://openalex.org/W2120462654,https://doi.org/10.1002/jhrc.1240110304
4505,https://openalex.org/W2905143555,https://doi.org/10.3389/fchem.2018.00606
4506,https://openalex.org/W7023707443,
4507,https://openalex.org/W2150137548,https://doi.org/10.1109/robot.1998.677304
4508,https://openalex.org/W2102645070,https://doi.org/10.1101/gad.961502
4509,https://openalex.org/W4412655149,https://doi.org/10.1002/bmb.70002
4510,https://openalex.org/W1914378588,https://doi.org/10.13182/nt09-a9244
4511,https://openalex.org/W2922298334,https://doi.org/10.18494/sam.2019.2155
4512,https://openalex.org/W2000807021,https://doi.org/10.1117/12.948281
4513,https://openalex.org/W2146414432,https://doi.org/10.33301/2014.16.03.02
4514,https://openalex.org/W2986533122,https://doi.org/10.15414/raae.2019.22.02.46-54
4515,https://openalex.org/W3185744237,https://doi.org/10.1212/01.wnl.0000344241.04543.94
4516,https://openalex.org/W2788174898,https://doi.org/10.1021/acs.jafc.7b05655
4517,https://openalex.org/W1558749218,https://doi.org/10.1016/s0021-9258(19)67685-4
4518,https://openalex.org/W2321396893,https://doi.org/10.2307/851589
4519,https://openalex.org/W4224981583,https://doi.org/10.18203/2349-2902.isj20221158
4520,https://openalex.org/W4313408462,https://doi.org/10.3390/su142417047
4521,https://openalex.org/W1604813931,
4522,https://openalex.org/W2955189935,https://doi.org/10.3390/medicina55060312
4523,https://openalex.org/W2294058220,
4524,https://openalex.org/W1836292136,https://doi.org/10.1093/clinchem/47.1.139
4525,https://openalex.org/W2970697956,https://doi.org/10.5614/cbms.2019.2.1.5
4526,https://openalex.org/W4386362006,https://doi.org/10.1371/journal.pone.0290502
4527,https://openalex.org/W2037050943,https://doi.org/10.1289/ehp.1307799
4528,https://openalex.org/W2129584076,
4529,https://openalex.org/W2045575897,https://doi.org/10.1128/aac.01348-12
4530,https://openalex.org/W2591240263,https://doi.org/10.1186/s12263-017-0554-6
4531,https://openalex.org/W4391189490,https://doi.org/10.21606/ti-2023/104
4532,https://openalex.org/W2332034416,https://doi.org/10.3949/ccjm.78a.10124
4533,https://openalex.org/W2031781501,https://doi.org/10.1097/00129804-200401000-00004
4534,https://openalex.org/W4309343976,https://doi.org/10.1117/12.2653483
4535,https://openalex.org/W4412094999,https://doi.org/10.1002/dneu.22988
4536,https://openalex.org/W2087890893,https://doi.org/10.1179/073776901804774596
4537,https://openalex.org/W4386990399,https://doi.org/10.61410/had.v17i2.84
4538,https://openalex.org/W1574168618,https://doi.org/10.7326/0003-4819-16-5-811
4539,https://openalex.org/W1981947712,https://doi.org/10.6026/97320630003033
4540,https://openalex.org/W2126595838,https://doi.org/10.1039/jr9262900993
4541,https://openalex.org/W2008028038,https://doi.org/10.3934/krm.2008.1.249
4542,https://openalex.org/W3080929209,https://doi.org/10.1101/2020.08.21.261321
4543,https://openalex.org/W3171190560,https://doi.org/10.1245/s10434-021-10187-8
4544,https://openalex.org/W171126976,
4545,https://openalex.org/W3181723964,https://doi.org/10.29188/2712-9217-2021-7-2-31-43
4546,https://openalex.org/W2899402375,https://doi.org/10.2478/sg-2018-0012
4547,https://openalex.org/W2148114612,https://doi.org/10.1029/97ja03682
4548,https://openalex.org/W1981165882,https://doi.org/10.2514/1.b35587
4549,https://openalex.org/W1984493809,https://doi.org/10.1149/2.004406eel
4550,https://openalex.org/W2137918544,https://doi.org/10.5120/12550-9273
4551,https://openalex.org/W4402845089,https://doi.org/10.1111/prd.12600
4552,https://openalex.org/W2989709061,https://doi.org/10.1186/s13052-019-0744-5
4553,https://openalex.org/W2024630544,https://doi.org/10.1097/fjc.0b013e31819fd4e7
4554,https://openalex.org/W2157050007,https://doi.org/10.1093/ntr/ntr235
4555,https://openalex.org/W2418558232,
4556,https://openalex.org/W4399920582,https://doi.org/10.1016/j.jdent.2024.105150
4557,https://openalex.org/W2004891278,https://doi.org/10.1080/13600860802496426
4558,https://openalex.org/W2153169807,https://doi.org/10.1142/s0218202505000790
4559,https://openalex.org/W1988607863,https://doi.org/10.1002/pf.41219940505
4560,https://openalex.org/W2908897994,https://doi.org/10.1111/jep.13100
4561,https://openalex.org/W3121775383,https://doi.org/10.1080/10835547.2014.12090382
4562,https://openalex.org/W2807808295,https://doi.org/10.1007/s13311-018-0637-0
4563,https://openalex.org/W2760337520,https://doi.org/10.1136/ejhpharm-2017-001242
4564,https://openalex.org/W2993029019,https://doi.org/10.1590/1678-9199-jvatitd-2019-0020
4565,https://openalex.org/W2980532067,https://doi.org/10.1182/blood.v112.11.516.516
4566,https://openalex.org/W2328366884,https://doi.org/10.2109/jcersj1950.63.715_579
4567,https://openalex.org/W1972581963,https://doi.org/10.1080/01930826.2014.946784
4568,https://openalex.org/W1967250857,https://doi.org/10.1364/opn.16.4.000034
4569,https://openalex.org/W2162541591,https://doi.org/10.1109/tencon.2001.949634
4570,https://openalex.org/W4308143850,https://doi.org/10.1111/exsy.13173
4571,https://openalex.org/W2119388219,https://doi.org/10.1055/s-2007-1001289
4572,https://openalex.org/W4391268379,https://doi.org/10.37045/aslh-2007-0012
4573,https://openalex.org/W1884540303,https://doi.org/10.1111/1471-0528.13460
4574,https://openalex.org/W2579195560,https://doi.org/10.1109/ecc.2016.7810465
4575,https://openalex.org/W2747936636,https://doi.org/10.1007/s12021-017-9338-9
4576,https://openalex.org/W4404667395,https://doi.org/10.70470/medaad/2024/004
4577,https://openalex.org/W2125556184,https://doi.org/10.1080/01402388808424711
4578,https://openalex.org/W4280500756,https://doi.org/10.1111/twec.13299
4579,https://openalex.org/W2949153080,https://doi.org/10.3928/02793695-20190531-01
4580,https://openalex.org/W4385731562,https://doi.org/10.1097/ms9.0000000000000480
4581,https://openalex.org/W2095995143,https://doi.org/10.1109/icicta.2009.643
4582,https://openalex.org/W2075696751,https://doi.org/10.3892/or.2012.2203
4583,https://openalex.org/W2059368270,https://doi.org/10.1248/bpb.32.1371
4584,https://openalex.org/W1608935074,https://doi.org/10.1109/pimrc.2004.1368377
4585,https://openalex.org/W2001913914,https://doi.org/10.1007/bf02237258
4586,https://openalex.org/W2316013875,https://doi.org/10.4164/sptj.27.4
4587,https://openalex.org/W2067345047,https://doi.org/10.1111/j.1365-2621.1990.tb01125.x
4588,https://openalex.org/W2799798708,https://doi.org/10.1177/0194599818770618
4589,https://openalex.org/W4396806524,https://doi.org/10.1111/nph.19804
4590,https://openalex.org/W4250695107,https://doi.org/10.2307/2445544
4591,https://openalex.org/W4236589025,https://doi.org/10.1002/ange.201003139
4592,https://openalex.org/W4313575596,https://doi.org/10.3934/math.2023336
4593,https://openalex.org/W7074045498,
4594,https://openalex.org/W4392862761,https://doi.org/10.3390/spectroscj2010002
4595,https://openalex.org/W2398943193,https://doi.org/10.1111/jgs.14094
4596,https://openalex.org/W202798001,
4597,https://openalex.org/W2892791854,https://doi.org/10.15298/invertzool.14.1.05
4598,https://openalex.org/W1965073838,https://doi.org/10.1080/09553007514551301
4599,https://openalex.org/W2054252017,https://doi.org/10.2307/3199846
4600,https://openalex.org/W4221111000,https://doi.org/10.3390/jimaging8030077
4601,https://openalex.org/W2028675403,https://doi.org/10.1159/000176962
4602,https://openalex.org/W1988372748,https://doi.org/10.1080/19448953.2014.993258
4603,https://openalex.org/W2017881517,https://doi.org/10.1002/aqc.715
4604,https://openalex.org/W3091936158,https://doi.org/10.21285/2227-2925-2020-10-3-470-478
4605,https://openalex.org/W2419037953,https://doi.org/10.12968/jowc.1995.4.6.277
4606,https://openalex.org/W4366960536,https://doi.org/10.1525/jsmg.2023.4.2.24
4607,https://openalex.org/W4293084943,https://doi.org/10.2166/wp.2022.200
4608,https://openalex.org/W4408301675,https://doi.org/10.1111/ejn.70036
4609,https://openalex.org/W2169336532,https://doi.org/10.1002/jhet.5570410421
4610,https://openalex.org/W4396227628,https://doi.org/10.20849/ijsn.v9i1.1417
4611,https://openalex.org/W2033379322,https://doi.org/10.1155/2014/405671
4612,https://openalex.org/W4385254801,https://doi.org/10.3390/metabo13070877
4613,https://openalex.org/W1968852224,
4614,https://openalex.org/W4387766213,https://doi.org/10.1002/fuce.202300057
4615,https://openalex.org/W2067038417,https://doi.org/10.1109/cdc.2011.6160675
4616,https://openalex.org/W4383069206,https://doi.org/10.3390/ijms241311048
4617,https://openalex.org/W1999645577,https://doi.org/10.1086/172124
4618,https://openalex.org/W3127039244,https://doi.org/10.1038/s41467-021-21303-3
4619,https://openalex.org/W2184216629,
4620,https://openalex.org/W3097680194,https://doi.org/10.1093/foresj/cpaa036
4621,https://openalex.org/W2041100936,https://doi.org/10.1097/00003246-200212000-00017
4622,https://openalex.org/W2022935736,https://doi.org/10.1021/ol990412g
4623,https://openalex.org/W4404277169,https://doi.org/10.33549/physiolres.935244
4624,https://openalex.org/W2897097693,
4625,https://openalex.org/W56456111,
4626,https://openalex.org/W2073223107,https://doi.org/10.5703/1288284315309
4627,https://openalex.org/W2089340952,https://doi.org/10.1007/bf02237232
4628,https://openalex.org/W4293312747,https://doi.org/10.1002/nop2.1327
4629,https://openalex.org/W2367606168,https://doi.org/10.15232/s1080-7446(15)32271-3
4630,https://openalex.org/W3040110676,https://doi.org/10.1080/09540121.2020.1785997
4631,https://openalex.org/W1580538573,https://doi.org/10.4049/jimmunol.145.8.2602
4632,https://openalex.org/W4231337214,https://doi.org/10.1639/0044-7447(2002)031[0295:gtmaet]2.0.co;2
4633,https://openalex.org/W161380197,
4634,https://openalex.org/W1972365374,https://doi.org/10.4028/www.scientific.net/amr.557-559.1884
4635,https://openalex.org/W254525885,
4636,https://openalex.org/W2143804513,https://doi.org/10.1145/2379756.2379759
4637,https://openalex.org/W7043076979,
4638,https://openalex.org/W2179255088,https://doi.org/10.11187/ijjcrm.2.13
4639,https://openalex.org/W2017200180,https://doi.org/10.1108/02621711111135189
4640,https://openalex.org/W2087144481,https://doi.org/10.1093/ei/cbi010
4641,https://openalex.org/W2051273777,https://doi.org/10.1046/j.1467-3010.2002.00259.x
4642,https://openalex.org/W2150851921,https://doi.org/10.1177/153303460900800508
4643,https://openalex.org/W4234102244,https://doi.org/10.1063/1.1722709
4644,https://openalex.org/W2148070429,
4645,https://openalex.org/W2067063176,https://doi.org/10.2500/aap.2008.29.3120
4646,https://openalex.org/W3215051274,https://doi.org/10.1021/acs.nanolett.1c02487
4647,https://openalex.org/W3016224064,https://doi.org/10.1109/ei247390.2019.9061958
4648,https://openalex.org/W4388304859,https://doi.org/10.1021/acs.jafc.3c04355
4649,https://openalex.org/W330616439,https://doi.org/10.1299/kikaic.53.1443
4650,https://openalex.org/W2135406968,https://doi.org/10.2307/3236855
4651,https://openalex.org/W3009250177,https://doi.org/10.1161/circ.141.suppl_1.26
4652,https://openalex.org/W2331722683,https://doi.org/10.2307/990689
4653,https://openalex.org/W2157624181,https://doi.org/10.1149/1.2134285
4654,https://openalex.org/W2332376539,https://doi.org/10.1049/iet-map.2015.0804
4655,https://openalex.org/W2056759040,https://doi.org/10.4102/satnt.v18i4.733
4656,https://openalex.org/W2759330811,https://doi.org/10.12955/cbup.v5.1015
4657,https://openalex.org/W1991183231,https://doi.org/10.1109/compsac.2013.69
4658,https://openalex.org/W1976928494,https://doi.org/10.1159/000026179
4659,https://openalex.org/W4385567745,https://doi.org/10.1021/acs.inorgchem.3c01917
4660,https://openalex.org/W4403586137,https://doi.org/10.48550/arxiv.2409.04025
4661,https://openalex.org/W2321665613,https://doi.org/10.4071/hiten-paper6-jyang
4662,https://openalex.org/W2164125180,https://doi.org/10.1017/s0260210507007279
4663,https://openalex.org/W2012766449,https://doi.org/10.1002/jhet.5570240526
4664,https://openalex.org/W2809904748,https://doi.org/10.14569/ijacsa.2018.090610
4665,https://openalex.org/W2137896763,https://doi.org/10.1200/jco.2005.05.036
4666,https://openalex.org/W4255749939,https://doi.org/10.31743/lingbaw.5671
4667,https://openalex.org/W2803836575,https://doi.org/10.4172/2472-0992.1000152
4668,https://openalex.org/W2952703331,https://doi.org/10.1002/chem.201902023
4669,https://openalex.org/W1531518640,
4670,https://openalex.org/W2105725322,https://doi.org/10.1080/10371390305354
4671,https://openalex.org/W2794976130,https://doi.org/10.5155/eurjchem.9.1.22-29.1671
4672,https://openalex.org/W2061506771,https://doi.org/10.1177/0165025413483221
4673,https://openalex.org/W2362160615,
4674,https://openalex.org/W1777883434,
4675,https://openalex.org/W1967556268,https://doi.org/10.1080/00207217208938373
4676,https://openalex.org/W1565373325,
4677,https://openalex.org/W2461668686,https://doi.org/10.5694/j.1326-5377.1985.tb123056.x
4678,https://openalex.org/W2160626954,https://doi.org/10.1093/ndt/gfp076
4679,https://openalex.org/W2924543944,
4680,https://openalex.org/W3179501980,https://doi.org/10.1002/smll.202101901
4681,https://openalex.org/W4294531227,https://doi.org/10.26868/25222708.2017.789
4682,https://openalex.org/W4255683709,https://doi.org/10.26434/chemrxiv.6199304.v2
4683,https://openalex.org/W3216616831,https://doi.org/10.1088/1755-1315/723/3/032009
4684,https://openalex.org/W2094290872,https://doi.org/10.4161/cc.24152
4685,https://openalex.org/W2031443385,https://doi.org/10.1021/cn300065j
4686,https://openalex.org/W2104738130,https://doi.org/10.1017/s001738350002324x
4687,https://openalex.org/W2089690318,https://doi.org/10.1111/tri.12559
4688,https://openalex.org/W4220992483,https://doi.org/10.3390/catal12030325
4689,https://openalex.org/W2927251908,https://doi.org/10.1101/599498
4690,https://openalex.org/W2091569845,https://doi.org/10.2514/3.10934
4691,https://openalex.org/W2013398316,https://doi.org/10.2131/jts.37.831
4692,https://openalex.org/W4200235654,https://doi.org/10.1136/archdischild-2021-322979
4693,https://openalex.org/W1502176494,https://doi.org/10.1111/j.1751-7893.2012.00340.x
4694,https://openalex.org/W2097109426,https://doi.org/10.1681/asn.v651386
4695,https://openalex.org/W4407650836,https://doi.org/10.1002/stvr.70003
4696,https://openalex.org/W900878537,https://doi.org/10.11649/sm.2013.002
4697,https://openalex.org/W2000958818,https://doi.org/10.1088/1742-6596/25/1/007
4698,https://openalex.org/W4316654524,https://doi.org/10.1016/j.ijgfs.2023.100665
4699,https://openalex.org/W119004040,
4700,https://openalex.org/W4376609798,https://doi.org/10.3389/fnut.2023.1195944
4701,https://openalex.org/W1993759605,https://doi.org/10.1099/0022-1317-29-3-267
4702,https://openalex.org/W92829800,
4703,https://openalex.org/W2067385360,https://doi.org/10.1210/jcem-70-2-417
4704,https://openalex.org/W2016021639,https://doi.org/10.1121/1.1907977
4705,https://openalex.org/W4318602853,https://doi.org/10.1109/isav56555.2022.00007
4706,https://openalex.org/W4391468679,https://doi.org/10.1371/journal.pone.0297439
4707,https://openalex.org/W2139297659,https://doi.org/10.3161/150811009x485611
4708,https://openalex.org/W1988328208,https://doi.org/10.1145/2809695.2817847
4709,https://openalex.org/W2588482487,
4710,https://openalex.org/W2534425708,https://doi.org/10.1109/ipgc.2008.4781406
4711,https://openalex.org/W4223989399,https://doi.org/10.22214/ijraset.2022.41445
4712,https://openalex.org/W2088132036,https://doi.org/10.1103/physrevb.60.786
4713,https://openalex.org/W4244877246,https://doi.org/10.1177/074880681102800404
4714,https://openalex.org/W3209768198,https://doi.org/10.3389/fonc.2021.779562
4715,https://openalex.org/W4319823651,https://doi.org/10.1093/ndt/gfad033
4716,https://openalex.org/W3197713139,https://doi.org/10.1103/physrevlett.127.090504
4717,https://openalex.org/W2783544667,https://doi.org/10.23919/moc.2017.8244605
4718,https://openalex.org/W4402562080,https://doi.org/10.36948/ijfmr.2024.v06i05.27282
4719,https://openalex.org/W4376143241,https://doi.org/10.21070/perisai.v7i2.1661
4720,https://openalex.org/W2123420860,https://doi.org/10.1086/596769
4721,https://openalex.org/W2231755589,
4722,https://openalex.org/W2042397585,https://doi.org/10.1111/j.1095-8649.1973.tb04474.x
4723,https://openalex.org/W12634568,https://doi.org/10.1097/00007632-200209150-00016
4724,https://openalex.org/W2320971219,https://doi.org/10.1021/ja01864a022
4725,https://openalex.org/W2513263449,https://doi.org/10.1541/ieejeiss1987.121.2_423
4726,https://openalex.org/W2615838324,https://doi.org/10.3892/mmr.2017.6593
4727,https://openalex.org/W1993988107,https://doi.org/10.1097/00006231-199109000-00009
4728,https://openalex.org/W2169007122,https://doi.org/10.1109/dnsr.2004.1344747
4729,https://openalex.org/W2378874932,
4730,https://openalex.org/W3000120721,https://doi.org/10.13189/ms.2020.080101
4731,https://openalex.org/W2371195086,
4732,https://openalex.org/W2167579622,https://doi.org/10.1080/095183997237278
4733,https://openalex.org/W2100568639,https://doi.org/10.1111/j.2044-8287.1998.tb00551.x
4734,https://openalex.org/W3162815328,https://doi.org/10.20546/ijcmas.2021.1002.002
4735,https://openalex.org/W841103636,
4736,https://openalex.org/W2017726535,https://doi.org/10.1177/0959353510369893
4737,https://openalex.org/W2017077556,https://doi.org/10.1111/j.1365-2486.2005.00917.x
4738,https://openalex.org/W1996178320,https://doi.org/10.3325/cmj.2013.54.532
4739,https://openalex.org/W1549545677,https://doi.org/10.4049/jimmunol.127.2.678
4740,https://openalex.org/W4380480962,https://doi.org/10.1007/s40870-023-00379-6
4741,https://openalex.org/W2374052905,
4742,https://openalex.org/W2063866295,https://doi.org/10.1063/1.1697201
4743,https://openalex.org/W1989656339,https://doi.org/10.1021/ic050308x
4744,https://openalex.org/W2463366758,https://doi.org/10.1227/01.neu.0000489764.44018.e8
4745,https://openalex.org/W2153631409,https://doi.org/10.1155/2013/149693
4746,https://openalex.org/W2317670477,https://doi.org/10.1364/assl.2014.atu2a.52
4747,https://openalex.org/W2157507514,https://doi.org/10.1176/appi.neuropsych.16.4.493
4748,https://openalex.org/W2133236236,https://doi.org/10.1088/0004-637x/781/2/117
4749,https://openalex.org/W2606170644,https://doi.org/10.1039/c7dt01123g
4750,https://openalex.org/W1984983075,https://doi.org/10.1109/pmaps.2014.6960642
4751,https://openalex.org/W4312837562,https://doi.org/10.1017/s0030826900622920
4752,https://openalex.org/W2097678048,https://doi.org/10.1016/j.ijwd.2015.01.002
4753,https://openalex.org/W2091889097,https://doi.org/10.1029/2004gi000066
4754,https://openalex.org/W4245967909,https://doi.org/10.1128/mcb.7.5.1999-2002.1987
4755,https://openalex.org/W2809675741,https://doi.org/10.1371/journal.pone.0198719
4756,https://openalex.org/W2013606309,https://doi.org/10.1039/c2ce25474c
4757,https://openalex.org/W2136962692,https://doi.org/10.1785/gssrl.73.3.393
4758,https://openalex.org/W1795046808,https://doi.org/10.1128/jvi.69.4.2443-2450.1995
4759,https://openalex.org/W2319479126,https://doi.org/10.1021/ja01194a038
4760,https://openalex.org/W1964767890,https://doi.org/10.1111/j.1365-2109.2011.03074.x
4761,https://openalex.org/W2616327514,https://doi.org/10.1177/0886260517698950
4762,https://openalex.org/W2034279489,https://doi.org/10.1117/12.436699
4763,https://openalex.org/W2076076116,https://doi.org/10.7567/apex.7.111201
4764,https://openalex.org/W3135496146,https://doi.org/10.1109/icaice51518.2020.00067
4765,https://openalex.org/W2032843338,https://doi.org/10.1088/0953-2048/5/10/003
4766,https://openalex.org/W2741648361,
4767,https://openalex.org/W1522260796,https://doi.org/10.1016/s0021-9258(20)80529-8
4768,https://openalex.org/W4296006124,https://doi.org/10.2166/wcc.2022.186
4769,https://openalex.org/W2323147162,https://doi.org/10.2307/1413352
4770,https://openalex.org/W2133366266,https://doi.org/10.1109/tmtt.2004.831924
4771,https://openalex.org/W1983425798,https://doi.org/10.1117/12.387727
4772,https://openalex.org/W4409617720,https://doi.org/10.1108/ijcma-09-2024-0236
4773,https://openalex.org/W2052390159,https://doi.org/10.1139/o62-013
4774,https://openalex.org/W21451383,
4775,https://openalex.org/W2808313818,https://doi.org/10.1088/1757-899x/372/1/012044
4776,https://openalex.org/W1819100685,
4777,https://openalex.org/W2090262543,https://doi.org/10.1111/juaf.12063
4778,https://openalex.org/W2008282605,https://doi.org/10.5555/2429759.2430025
4779,https://openalex.org/W2165319825,https://doi.org/10.1002/ecj.11533
4780,https://openalex.org/W2593085293,
4781,https://openalex.org/W2736283257,https://doi.org/10.1109/ntict.2017.7976118
4782,https://openalex.org/W2089687142,https://doi.org/10.1117/12.559438
4783,https://openalex.org/W63510292,
4784,https://openalex.org/W3023530816,https://doi.org/10.3390/quat3020012
4785,https://openalex.org/W2124981633,https://doi.org/10.1002/sia.1310
4786,https://openalex.org/W2793874755,https://doi.org/10.1080/00144940.2017.1416329
4787,https://openalex.org/W4301180237,https://doi.org/10.1016/j.ejsobi.2022.103443
4788,https://openalex.org/W794035505,
4789,https://openalex.org/W1991295960,https://doi.org/10.1142/s0218196715400093
4790,https://openalex.org/W4297914794,https://doi.org/10.1134/s1022795406090055
4791,https://openalex.org/W1963823997,https://doi.org/10.1145/1830483.1830626
4792,https://openalex.org/W2333324163,https://doi.org/10.1115/icone17-75123
4793,https://openalex.org/W1507707038,https://doi.org/10.1300/j009v28n03_07
4794,https://openalex.org/W2915787090,https://doi.org/10.1002/slct.201803214
4795,https://openalex.org/W2099615468,https://doi.org/10.1080/00986449708936607
4796,https://openalex.org/W2065173038,https://doi.org/10.4028/www.scientific.net/amr.1025-1026.703
4797,https://openalex.org/W1604602566,
4798,https://openalex.org/W2147579244,https://doi.org/10.1097/01.asn.0000031803.55613.86
4799,https://openalex.org/W2002642012,https://doi.org/10.5194/bg-9-217-2012
4800,https://openalex.org/W4309307030,https://doi.org/10.3390/electronics11223738
4801,https://openalex.org/W2944269734,https://doi.org/10.3390/molecules24091799
4802,https://openalex.org/W2114660906,https://doi.org/10.1177/0022427811420876
4803,https://openalex.org/W2953797599,https://doi.org/10.1111/cea.13454
4804,https://openalex.org/W2987833094,https://doi.org/10.1145/3324033.3324034
4805,https://openalex.org/W2037693947,https://doi.org/10.1001/jama.1980.03310100030025
4806,https://openalex.org/W4391407161,https://doi.org/10.1109/mwc.018.2200429
4807,https://openalex.org/W3107821080,https://doi.org/10.3136/nskkk.67.430
4808,https://openalex.org/W2740479989,
4809,https://openalex.org/W3173768495,https://doi.org/10.1166/jmihi.2021.3757
4810,https://openalex.org/W586961756,https://doi.org/10.7601/mez.51.59_1
4811,https://openalex.org/W2132783594,https://doi.org/10.7314/apjcp.2013.14.11.6863
4812,https://openalex.org/W2150647009,https://doi.org/10.1079/bjn20061813
4813,https://openalex.org/W2048127664,https://doi.org/10.1117/12.694415
4814,https://openalex.org/W2566427669,
4815,https://openalex.org/W2793541866,https://doi.org/10.1097/wad.0000000000000253
4816,https://openalex.org/W2132605838,https://doi.org/10.1099/00221287-108-1-9
4817,https://openalex.org/W4391747036,https://doi.org/10.1177/02662426241227520
4818,https://openalex.org/W2067148648,https://doi.org/10.1063/1.325648
4819,https://openalex.org/W2011608719,https://doi.org/10.5467/jkess.2009.30.1.010
4820,https://openalex.org/W4400416535,https://doi.org/10.1088/1755-1315/1356/1/012075
4821,https://openalex.org/W2895126591,https://doi.org/10.1101/438101
4822,https://openalex.org/W2001377831,https://doi.org/10.1021/cm102481y
4823,https://openalex.org/W2349296541,
4824,https://openalex.org/W2085986908,https://doi.org/10.1109/icsea.2006.64
4825,https://openalex.org/W2924169442,https://doi.org/10.5055/jom.2019.0488
4826,https://openalex.org/W2125403226,https://doi.org/10.1145/858570.858577
4827,https://openalex.org/W6967274210,https://doi.org/10.48550/arxiv.1910.01574
4828,https://openalex.org/W2559505210,https://doi.org/10.1371/journal.pone.0167573
4829,https://openalex.org/W2087473253,https://doi.org/10.1353/slj.2001.0027
4830,https://openalex.org/W1971550213,https://doi.org/10.1093/cvr/24.6.485
4831,https://openalex.org/W2045261488,https://doi.org/10.1252/jcej.33.869
4832,https://openalex.org/W2096346213,https://doi.org/10.3920/wmj2008.1070
4833,https://openalex.org/W2145546218,https://doi.org/10.1371/journal.pone.0058245
4834,https://openalex.org/W1974763023,https://doi.org/10.1071/ph800941
4835,https://openalex.org/W4299985845,https://doi.org/10.48550/arxiv.0905.4141
4836,https://openalex.org/W2024716820,https://doi.org/10.4028/www.scientific.net/amr.712-715.2452
4837,https://openalex.org/W2745275891,https://doi.org/10.1039/c7tb01722g
4838,https://openalex.org/W4229333574,https://doi.org/10.33010/ie_rie_rediech.v13i0.1360
4839,https://openalex.org/W2108927105,https://doi.org/10.1093/occmed/48.8.487
4840,https://openalex.org/W2319180178,https://doi.org/10.17945/kjbt.2015.26.3.249
4841,https://openalex.org/W4740768,
4842,https://openalex.org/W1986933834,https://doi.org/10.1044/jshr.1301.218
4843,https://openalex.org/W4223449266,https://doi.org/10.1182/bloodadvances.2022006985
4844,https://openalex.org/W2398157902,
4845,https://openalex.org/W1981073939,https://doi.org/10.3115/1654595.1654612
4846,https://openalex.org/W2076145535,https://doi.org/10.1210/jcem-61-6-1190
4847,https://openalex.org/W2076898573,https://doi.org/10.1002/1097-0142(19870715)60:2<165::aid-cncr2820600207>3.0.co;2-g
4848,https://openalex.org/W2330822044,https://doi.org/10.1134/s1024856015050127
4849,https://openalex.org/W1981407446,https://doi.org/10.1109/intlec.2008.4664066
4850,https://openalex.org/W1993617252,https://doi.org/10.1080/00201748208601971
4851,https://openalex.org/W1954245584,https://doi.org/10.1371/journal.pone.0133809
4852,https://openalex.org/W1115507166,https://doi.org/10.2753/ppc1075-8216580302
4853,https://openalex.org/W2403160476,
4854,https://openalex.org/W2132759007,https://doi.org/10.3389/fpsyg.2014.01200
4855,https://openalex.org/W2037575183,https://doi.org/10.1249/01.mss.0000385792.55907.62
4856,https://openalex.org/W4307640605,https://doi.org/10.1142/s0218126623501372
4857,https://openalex.org/W2971735783,https://doi.org/10.1097/nhh.0000000000000782
4858,https://openalex.org/W2194081237,https://doi.org/10.1785/bssa0810051705
4859,https://openalex.org/W2009864747,https://doi.org/10.1002/1521-3900(200107)172:1<29::aid-masy29>3.0.co;2-1
4860,https://openalex.org/W1980837715,https://doi.org/10.15676/ijeei.2012.4.2.3
4861,https://openalex.org/W2111687504,https://doi.org/10.1002/bjs.1800650618
4862,https://openalex.org/W2043429384,https://doi.org/10.1080/09537287.2011.647876
4863,https://openalex.org/W2285442137,https://doi.org/10.2307/137690
4864,https://openalex.org/W2094263525,https://doi.org/10.1097/bpo.0b013e31822ed33a
4865,https://openalex.org/W6893799896,https://doi.org/10.5281/zenodo.4020452
4866,https://openalex.org/W2350843628,
4867,https://openalex.org/W4309934809,https://doi.org/10.3390/ijerph192315621
4868,https://openalex.org/W2321734764,https://doi.org/10.1093/jee/60.1.13
4869,https://openalex.org/W4392132435,https://doi.org/10.31234/osf.io/czt9y
4870,https://openalex.org/W4409403424,https://doi.org/10.1007/s11695-025-07818-4
4871,https://openalex.org/W748629729,
4872,https://openalex.org/W1537767236,https://doi.org/10.1109/mwsym.1997.604586
4873,https://openalex.org/W1976790424,https://doi.org/10.1093/mnras/stu1389
4874,https://openalex.org/W1998261131,https://doi.org/10.2307/1880617
4875,https://openalex.org/W2755712835,https://doi.org/10.23937/2474-1353/1510045
4876,https://openalex.org/W2123562854,https://doi.org/10.1080/01434632.1992.9994487
4877,https://openalex.org/W2094638185,https://doi.org/10.1021/ja003586y
4878,https://openalex.org/W3080356810,https://doi.org/10.3389/fmats.2020.00291
4879,https://openalex.org/W2987381149,https://doi.org/10.1080/2150704x.2019.1692386
4880,https://openalex.org/W2159718889,https://doi.org/10.1002/ardp.200290001
4881,https://openalex.org/W2015495874,https://doi.org/10.1021/jp002030u
4882,https://openalex.org/W4312215946,https://doi.org/10.51709/19951272/winter2022/3
4883,https://openalex.org/W3131778612,https://doi.org/10.1167/iovs.62.2.21
4884,https://openalex.org/W4205955591,https://doi.org/10.21043/aktsar.v4i2.12040
4885,https://openalex.org/W2083332899,https://doi.org/10.1534/genetics.107.077099
4886,https://openalex.org/W4380368931,https://doi.org/10.26714/jkpm.10.1.2023.71-77
4887,https://openalex.org/W4385305343,https://doi.org/10.22323/1.444.1376
4888,https://openalex.org/W3091895349,https://doi.org/10.1061/(asce)em.1943-7889.0001881
4889,https://openalex.org/W1627513705,
4890,https://openalex.org/W2966359455,https://doi.org/10.1109/epe.2019.8778152
4891,https://openalex.org/W2116309094,https://doi.org/10.1186/1756-6606-7-1
4892,https://openalex.org/W2014354530,https://doi.org/10.1294/jes1990.4.25
4893,https://openalex.org/W2392120945,
4894,https://openalex.org/W3211041731,https://doi.org/10.1109/irmmw-thz50926.2021.9567232
4895,https://openalex.org/W2016608453,https://doi.org/10.1063/1.865392
4896,https://openalex.org/W2651244195,https://doi.org/10.1109/ccece.2017.7946642
4897,https://openalex.org/W2053373994,https://doi.org/10.1063/1.4740234
4898,https://openalex.org/W4387749486,https://doi.org/10.1016/j.jccase.2023.10.003
4899,https://openalex.org/W2982240423,https://doi.org/10.1016/j.ocemod.2019.101505
4900,https://openalex.org/W2378819938,
4901,https://openalex.org/W2071857949,https://doi.org/10.2307/279917
4902,https://openalex.org/W3202898411,https://doi.org/10.3389/frvir.2021.713718
4903,https://openalex.org/W2100864434,https://doi.org/10.1080/13697130601164755
4904,https://openalex.org/W340309658,
4905,https://openalex.org/W2529166661,https://doi.org/10.20381/ruor-14795
4906,https://openalex.org/W2037273906,https://doi.org/10.1163/187529285x00472
4907,https://openalex.org/W4399766612,https://doi.org/10.1007/s11357-024-01241-w
4908,https://openalex.org/W1987295234,https://doi.org/10.1017/s0143385700001267
4909,https://openalex.org/W4255155788,https://doi.org/10.1080/00021369.1972.10860357
4910,https://openalex.org/W3021881718,https://doi.org/10.15728/bbr.2020.17.3.5
4911,https://openalex.org/W4320007937,https://doi.org/10.4103/ajps.ajps_42_22
4912,https://openalex.org/W4328048692,https://doi.org/10.1021/acs.biochem.3c00047
4913,https://openalex.org/W2179015955,https://doi.org/10.1558/calico.v32i1.25664
4914,https://openalex.org/W4401806744,https://doi.org/10.1109/tnnls.2024.3439530
4915,https://openalex.org/W2149284440,https://doi.org/10.1354/vp.42-3-360
4916,https://openalex.org/W2012016586,https://doi.org/10.1021/bm501263s
4917,https://openalex.org/W3036673206,https://doi.org/10.1145/3396851.3398320
4918,https://openalex.org/W2590602057,https://doi.org/10.3130/aija.72.251_2
4919,https://openalex.org/W1496553157,https://doi.org/10.1109/wimob.2005.1512845
4920,https://openalex.org/W3120294308,https://doi.org/10.2147/ijgm.s285939
4921,https://openalex.org/W2051144337,https://doi.org/10.1017/s1751731107000250
4922,https://openalex.org/W2410249969,
4923,https://openalex.org/W2810400911,https://doi.org/10.1080/15236803.2007.12001472
4924,https://openalex.org/W797935685,
4925,https://openalex.org/W2808413291,https://doi.org/10.3390/rs10060965
4926,https://openalex.org/W2150153155,https://doi.org/10.1111/j.1551-2916.2004.00633.x
4927,https://openalex.org/W4236569084,https://doi.org/10.2753/eue1056-4934190262
4928,https://openalex.org/W2255567326,
4929,https://openalex.org/W2106903616,https://doi.org/10.5281/zenodo.41110
4930,https://openalex.org/W2007431993,https://doi.org/10.1080/15027570410006192
4931,https://openalex.org/W2042767609,https://doi.org/10.1177/014572170002600511
4932,https://openalex.org/W198748921,https://doi.org/10.48029/nji.2013.civ608
4933,https://openalex.org/W168986543,
4934,https://openalex.org/W2970541341,https://doi.org/10.18664/1994-7852.184.2019.176431
4935,https://openalex.org/W2003367406,https://doi.org/10.1049/ip-g-2.1993.0035
4936,https://openalex.org/W2979704403,https://doi.org/10.1109/systol.2019.8864785
4937,https://openalex.org/W2185701001,https://doi.org/10.1177/089686089001000116
4938,https://openalex.org/W3151654453,https://doi.org/10.4021/jmc498w
4939,https://openalex.org/W1987581623,https://doi.org/10.1021/nl202039v
4940,https://openalex.org/W2125407743,https://doi.org/10.1017/s0009840x00231624
4941,https://openalex.org/W4286895627,https://doi.org/10.48550/arxiv.2110.12393
4942,https://openalex.org/W2166270476,https://doi.org/10.1149/1.2113575
4943,https://openalex.org/W2415667021,
4944,https://openalex.org/W2143927902,https://doi.org/10.1186/1472-6963-8-140
4945,https://openalex.org/W2068924616,https://doi.org/10.1116/1.3504589
4946,https://openalex.org/W2404197389,
4947,https://openalex.org/W4232985592,https://doi.org/10.4043/25662-ms
4948,https://openalex.org/W2989847986,https://doi.org/10.1259/bjr.20190647
4949,https://openalex.org/W2187571395,https://doi.org/10.1111/ijet.12173
4950,https://openalex.org/W2153194924,https://doi.org/10.1177/0272989x11400420
4951,https://openalex.org/W4362534822,https://doi.org/10.5946/ce.2022.142
4952,https://openalex.org/W1973561563,https://doi.org/10.1080/07373939608917099
4953,https://openalex.org/W2090966595,https://doi.org/10.1080/10889869891214169
4954,https://openalex.org/W2551001103,https://doi.org/10.4028/www.scientific.net/amm.858.50
4955,https://openalex.org/W2897340955,https://doi.org/10.4119/seejph-1876
4956,https://openalex.org/W2322292547,https://doi.org/10.2307/2922275
4957,https://openalex.org/W105488969,
4958,https://openalex.org/W268069710,
4959,https://openalex.org/W2597165954,https://doi.org/10.11648/j.history.20170501.12
4960,https://openalex.org/W2069307948,https://doi.org/10.3390/nu1020291
4961,https://openalex.org/W3210248880,https://doi.org/10.1038/s41598-021-00579-x
4962,https://openalex.org/W1985859985,https://doi.org/10.1103/physrevlett.100.070504
4963,https://openalex.org/W2029454004,https://doi.org/10.1109/tbme.2014.2381270
4964,https://openalex.org/W2074736596,https://doi.org/10.1117/1.1760759
4965,https://openalex.org/W2063771953,https://doi.org/10.1145/507670.507690
4966,https://openalex.org/W2039747641,https://doi.org/10.1093/oxfordjournals.molbev.a026396
4967,https://openalex.org/W2522236924,https://doi.org/10.3746/jkfn.2016.45.7.966
4968,https://openalex.org/W73248969,
4969,https://openalex.org/W3124547216,https://doi.org/10.1080/1351847x.2011.620253
4970,https://openalex.org/W4322744154,https://doi.org/10.1002/cphc.202300084
4971,https://openalex.org/W1976897514,https://doi.org/10.1080/13518049908430383
4972,https://openalex.org/W604359155,
4973,https://openalex.org/W2890818461,https://doi.org/10.7770/safer-v0n0-art1660
4974,https://openalex.org/W2149998267,https://doi.org/10.3109/02844318709083593
4975,https://openalex.org/W2087253780,https://doi.org/10.1504/ijbidm.2009.025409
4976,https://openalex.org/W2313800377,https://doi.org/10.1093/cercor/bhw005
4977,https://openalex.org/W2750034851,https://doi.org/10.26638/jp.140.2080
4978,https://openalex.org/W1999349025,https://doi.org/10.1029/2006jd007347
4979,https://openalex.org/W2009333106,https://doi.org/10.1097/sap.0b013e31823dcdc5
4980,https://openalex.org/W4285202647,https://doi.org/10.1109/lcsys.2022.3178587
4981,https://openalex.org/W104459505,
4982,https://openalex.org/W2046823942,https://doi.org/10.1021/ac3012347
4983,https://openalex.org/W4250088847,https://doi.org/10.5194/acpd-6-4109-2006
4984,https://openalex.org/W3128323768,
4985,https://openalex.org/W2008528544,https://doi.org/10.1111/j.1523-1739.2006.00336.x
4986,https://openalex.org/W1974321891,https://doi.org/10.1111/j.1365-2222.1993.tb00350.x
4987,https://openalex.org/W4246508250,https://doi.org/10.1017/s0020860400090021
4988,https://openalex.org/W4226338111,https://doi.org/10.26434/chemrxiv-2022-2g6m6
4989,https://openalex.org/W3184395390,https://doi.org/10.1149/1945-7111/ac1708
4990,https://openalex.org/W122836976,
4991,https://openalex.org/W2131014861,https://doi.org/10.1177/0954008304042473
4992,https://openalex.org/W2037828588,https://doi.org/10.1111/j.1525-1470.1984.tb01124.x
4993,https://openalex.org/W2325975532,https://doi.org/10.1021/ja00824a069
4994,https://openalex.org/W274965834,
4995,https://openalex.org/W2166528584,https://doi.org/10.1017/s0007114515000227
4996,https://openalex.org/W2233504544,
4997,https://openalex.org/W2617613042,
4998,https://openalex.org/W4412385428,https://doi.org/10.1111/anae.16684
4999,https://openalex.org/W194924968,https://doi.org/10.4103/1117-1936.175180
5000,https://openalex.org/W2988080598,https://doi.org/10.1109/igarss.2019.8898017
5001,https://openalex.org/W4281569534,https://doi.org/10.1038/s44172-022-00002-x
5002,https://openalex.org/W2624780413,https://doi.org/10.5281/zenodo.13413183
5003,https://openalex.org/W2325912223,https://doi.org/10.2307/364589
5004,https://openalex.org/W4307250547,https://doi.org/10.3390/jcm11216271
5005,https://openalex.org/W3005895341,https://doi.org/10.1097/aln.0000000000003166
5006,https://openalex.org/W2005589311,https://doi.org/10.1088/0022-3735/12/11/023
5007,https://openalex.org/W2086146123,https://doi.org/10.1116/1.580502
5008,https://openalex.org/W1894207778,https://doi.org/10.5376/ijmec.2015.05.0005
5009,https://openalex.org/W1509707739,https://doi.org/10.7916/d8zg71mp
5010,https://openalex.org/W1971476969,https://doi.org/10.1017/s0007114511004351
5011,https://openalex.org/W2900513799,
5012,https://openalex.org/W4395685360,https://doi.org/10.5753/sbsc.2024.238056
5013,https://openalex.org/W2333536525,https://doi.org/10.4992/jjpsy.80.54
5014,https://openalex.org/W3138471953,https://doi.org/10.2991/assehr.k.210304.048
5015,https://openalex.org/W2299686833,https://doi.org/10.15866/irecos.v11i1.7913
5016,https://openalex.org/W2144620832,https://doi.org/10.5555/942806.943832
5017,https://openalex.org/W2000165149,https://doi.org/10.1371/journal.pone.0090822
5018,https://openalex.org/W2808802416,https://doi.org/10.1186/s12888-018-1790-z
5019,https://openalex.org/W4220676388,https://doi.org/10.1111/gcb.16131
5020,https://openalex.org/W4401591112,https://doi.org/10.20944/preprints202408.0261.v1
5021,https://openalex.org/W2547330133,https://doi.org/10.1109/aps.2016.7696174
5022,https://openalex.org/W2599061586,https://doi.org/10.1200/jco.2017.35.6_suppl.486
5023,https://openalex.org/W1971950456,https://doi.org/10.1016/s0014-5793(04)00208-x
5024,https://openalex.org/W4406937428,https://doi.org/10.1002/mp.17641
5025,https://openalex.org/W3034698710,https://doi.org/10.38192/1.6.2.1
5026,https://openalex.org/W2130364221,https://doi.org/10.1177/17.12.828
5027,https://openalex.org/W2173649622,https://doi.org/10.1043/0003-3219(1993)063<0299:teawty>2.0.co;2
5028,https://openalex.org/W2180629310,https://doi.org/10.1002/pam.21881
5029,https://openalex.org/W2289770210,https://doi.org/10.46298/arima.1992
5030,https://openalex.org/W3049041789,https://doi.org/10.1080/14759551.2020.1799213
5031,https://openalex.org/W2975878063,https://doi.org/10.26911/thejmch.2019.04.05.10
5032,https://openalex.org/W2094108976,https://doi.org/10.2170/jjphysiol.43.347
5033,https://openalex.org/W2558562046,https://doi.org/10.1109/fie.2016.7757416
5034,https://openalex.org/W2607436005,https://doi.org/10.18502/kls.v3i4.688
5035,https://openalex.org/W4392369488,https://doi.org/10.31181/dmame7220241018
5036,https://openalex.org/W2321722481,https://doi.org/10.1021/j150552a044
5037,https://openalex.org/W4238348696,https://doi.org/10.1210/en.139.8.3503
5038,https://openalex.org/W2119629255,
5039,https://openalex.org/W2092705542,https://doi.org/10.1063/1.446927
5040,https://openalex.org/W2522892545,https://doi.org/10.1109/ecticon.2016.7561370
5041,https://openalex.org/W68312346,
5042,https://openalex.org/W2335428891,https://doi.org/10.2116/bunsekikagaku.34.4_188
5043,https://openalex.org/W2905425463,https://doi.org/10.1021/acsomega.8b02569
5044,https://openalex.org/W4327684378,https://doi.org/10.1097/md.0000000000033225
5045,https://openalex.org/W2269347608,
5046,https://openalex.org/W4241345300,https://doi.org/10.1128/mcb.10.6.3174
5047,https://openalex.org/W2203951011,
5048,https://openalex.org/W3088214163,https://doi.org/10.1149/09805.0303ecst
5049,https://openalex.org/W4381594976,
5050,https://openalex.org/W2889891939,https://doi.org/10.2118/192312-ms
5051,https://openalex.org/W2350558143,
5052,https://openalex.org/W4224230420,https://doi.org/10.1016/j.engfracmech.2022.108480
5053,https://openalex.org/W1581467043,
5054,https://openalex.org/W1590390431,https://doi.org/10.1111/jog.12313
5055,https://openalex.org/W2010383345,https://doi.org/10.1111/j.1432-1033.1977.tb11529.x
5056,https://openalex.org/W2313009556,https://doi.org/10.1017/s0021911800155597
5057,https://openalex.org/W1519904482,https://doi.org/10.1063/1.3154054
5058,https://openalex.org/W2012596540,https://doi.org/10.1111/j.1475-3588.2004.00104.x
5059,https://openalex.org/W4399156154,https://doi.org/10.1145/3654948
5060,https://openalex.org/W2153003711,https://doi.org/10.1093/cid/cit333
5061,https://openalex.org/W2073923461,https://doi.org/10.7558/bhs.2012.ns30
5062,https://openalex.org/W2064403774,https://doi.org/10.1080/10236244.2010.480837
5063,https://openalex.org/W1972896817,https://doi.org/10.4028/www.scientific.net/amr.829.879
5064,https://openalex.org/W4389725972,https://doi.org/10.1080/00213624.2023.2273130
5065,https://openalex.org/W2026156159,https://doi.org/10.1117/12.880728
5066,https://openalex.org/W2063608821,https://doi.org/10.1063/1.1931233
5067,https://openalex.org/W1982430874,https://doi.org/10.1145/1562877.1563002
5068,https://openalex.org/W3034717314,https://doi.org/10.1080/09638288.2020.1775900
5069,https://openalex.org/W1981516534,https://doi.org/10.2216/14-006.1
5070,https://openalex.org/W2321728690,https://doi.org/10.1080/00480169.1954.33155
5071,https://openalex.org/W5066557,
5072,https://openalex.org/W2314440685,https://doi.org/10.2208/jscejer.69.iii_615
5073,https://openalex.org/W2171208007,https://doi.org/10.1098/rsta.2014.0384
5074,https://openalex.org/W2009699298,https://doi.org/10.1063/1.4904626
5075,https://openalex.org/W2974765161,https://doi.org/10.1109/access.2019.2941704
5076,https://openalex.org/W2512050813,https://doi.org/10.1007/s11629-015-3813-2
5077,https://openalex.org/W2954964369,https://doi.org/10.3168/jds.2019-16554
5078,https://openalex.org/W4283204931,https://doi.org/10.1111/awr.12233
5079,https://openalex.org/W4234308669,https://doi.org/10.2307/3428396
5080,https://openalex.org/W2566490825,
5081,https://openalex.org/W1964897129,https://doi.org/10.1358/mf.2001.23.3.627943
5082,https://openalex.org/W2013683336,https://doi.org/10.1021/j100842a050
5083,https://openalex.org/W2337830054,
5084,https://openalex.org/W2001404644,https://doi.org/10.1109/iecon.2013.6700074
5085,https://openalex.org/W2807269838,https://doi.org/10.1186/s12872-018-0822-4
5086,https://openalex.org/W2119902407,https://doi.org/10.1103/physrevb.65.233206
5087,https://openalex.org/W2009353350,https://doi.org/10.1021/ie50365a007
5088,https://openalex.org/W3045727392,https://doi.org/10.1137/19m1268781
5089,https://openalex.org/W2995818443,https://doi.org/10.26858/ugj.v2i2.11575
5090,https://openalex.org/W2085493066,https://doi.org/10.1021/pr060028v
5091,https://openalex.org/W4400470418,https://doi.org/10.20944/preprints202407.0475.v1
5092,https://openalex.org/W4362520787,https://doi.org/10.2478/aiht-2023-74-3630
5093,https://openalex.org/W2009797548,https://doi.org/10.1353/wic.2005.0012
5094,https://openalex.org/W2036402999,https://doi.org/10.1080/15235882.2001.10162797
5095,https://openalex.org/W4400969420,https://doi.org/10.1136/bjsports-2024-108664
5096,https://openalex.org/W65516527,
5097,https://openalex.org/W3047462473,https://doi.org/10.26740/jekobi.v3n2.p40-55
5098,https://openalex.org/W4408135137,https://doi.org/10.3389/fanim.2025.1541838
5099,https://openalex.org/W4377699347,https://doi.org/10.1109/i2ct57861.2023.10126462
5100,https://openalex.org/W3097221748,https://doi.org/10.1080/14616688.2020.1819400
5101,https://openalex.org/W2014690461,https://doi.org/10.1541/ieejias.121.437
5102,https://openalex.org/W3217344669,https://doi.org/10.22271/tpi.2020.v9.i2c.4355
5103,https://openalex.org/W3092344320,https://doi.org/10.1098/rsta.2020.0031
5104,https://openalex.org/W2024838503,https://doi.org/10.2748/tmj/1178227988
5105,https://openalex.org/W3094174388,https://doi.org/10.1080/10400419.2020.1833543
5106,https://openalex.org/W2409608894,
5107,https://openalex.org/W3184755569,https://doi.org/10.3390/cells10081921
5108,https://openalex.org/W2006689499,https://doi.org/10.1002/(sici)1097-4644(19980101)68:1<121::aid-jcb12>3.0.co;2-k
5109,https://openalex.org/W195095665,
5110,https://openalex.org/W4400570788,https://doi.org/10.37934/araset.48.1.128
5111,https://openalex.org/W1985594109,https://doi.org/10.1063/1.1653056
5112,https://openalex.org/W2418835939,https://doi.org/10.1152/ajpendo.1983.244.3.e305
5113,https://openalex.org/W2123281186,https://doi.org/10.7589/2013-12-320
5114,https://openalex.org/W2134209052,https://doi.org/10.3724/sp.j.1047.2013.00854
5115,https://openalex.org/W41049491,
5116,https://openalex.org/W4220909351,https://doi.org/10.7197/cmj.1069629
5117,https://openalex.org/W2319304278,https://doi.org/10.7763/ijcte.2009.v1.93
5118,https://openalex.org/W4384517774,https://doi.org/10.1109/cbms58004.2023.00344
5119,https://openalex.org/W1976211160,https://doi.org/10.3109/17453679308994577
5120,https://openalex.org/W4214689938,https://doi.org/10.3390/chemosensors10030095
5121,https://openalex.org/W1979984413,https://doi.org/10.1073/pnas.1417257112
5122,https://openalex.org/W2280879875,https://doi.org/10.1128/aac.00940-15
5123,https://openalex.org/W2081052876,https://doi.org/10.1021/jm401419p
5124,https://openalex.org/W1972869423,https://doi.org/10.1002/macp.201200283
5125,https://openalex.org/W1981271678,https://doi.org/10.1073/pnas.85.23.9287
5126,https://openalex.org/W2063387119,https://doi.org/10.1111/j.1600-0404.2007.00808.x
5127,https://openalex.org/W4311118585,https://doi.org/10.7465/jkdi.2022.33.6.963
5128,https://openalex.org/W2751531336,https://doi.org/10.18203/2349-3933.ijam20174111
5129,https://openalex.org/W2002623071,https://doi.org/10.5493/wjem.v4.i4.58
5130,https://openalex.org/W4285614647,https://doi.org/10.3799/dqkx.2021.300
5131,https://openalex.org/W4296212655,https://doi.org/10.15406/jcpcr.2021.12.00459
5132,https://openalex.org/W4286781028,https://doi.org/10.5194/wes-2022-45
5133,https://openalex.org/W4406512540,https://doi.org/10.1002/anie.202423145
5134,https://openalex.org/W1980081826,https://doi.org/10.1093/fs/56.4.495
5135,https://openalex.org/W1966700737,https://doi.org/10.1126/science.289.5481.883
5136,https://openalex.org/W3202962576,https://doi.org/10.1109/tensymp52854.2021.9550907
5137,https://openalex.org/W4225402102,https://doi.org/10.1200/edbk_351033
5138,https://openalex.org/W1969631469,https://doi.org/10.1037//0022-006x.60.6.953
5139,https://openalex.org/W3167893425,https://doi.org/10.21608/joese.2020.177139
5140,https://openalex.org/W2073462602,https://doi.org/10.1134/s1070363210100385
5141,https://openalex.org/W3011747319,https://doi.org/10.1109/iscon47742.2019.9036180
5142,https://openalex.org/W3109235862,https://doi.org/10.1109/tgrs.2020.3037012
5143,https://openalex.org/W4387164554,https://doi.org/10.55730/1300-0098.3454
5144,https://openalex.org/W2091584691,https://doi.org/10.1109/trustcom.2012.213
5145,https://openalex.org/W2269056363,https://doi.org/10.5432/jjpehss.kj00003392771
5146,https://openalex.org/W2137861681,
5147,https://openalex.org/W4399305695,https://doi.org/10.1101/2024.06.02.24308339
5148,https://openalex.org/W2972163374,https://doi.org/10.1111/jcmm.14639
5149,https://openalex.org/W3038904680,https://doi.org/10.47498/bidayah.v11i1.338
5150,https://openalex.org/W3176061022,https://doi.org/10.3168/jds.2020-20094
5151,https://openalex.org/W1938437663,https://doi.org/10.12731/2218-7405-2015-5-60
5152,https://openalex.org/W2561529450,https://doi.org/10.21037/tau.2016.11.08
5153,https://openalex.org/W2165795986,https://doi.org/10.1242/dev.085126
5154,https://openalex.org/W2472178765,
5155,https://openalex.org/W2142732734,https://doi.org/10.3828/idpr.28.1.1
5156,https://openalex.org/W2975597658,https://doi.org/10.1101/378612
5157,https://openalex.org/W3158841466,https://doi.org/10.1101/2021.05.03.442417
5158,https://openalex.org/W2621084263,https://doi.org/10.1080/17445647.2017.1327507
5159,https://openalex.org/W2104551034,https://doi.org/10.1093/hmg/dds038
5160,https://openalex.org/W4321168121,https://doi.org/10.1002/rcm.9480
5161,https://openalex.org/W2765773936,https://doi.org/10.1117/12.2285730
5162,https://openalex.org/W2991812982,
5163,https://openalex.org/W3204439657,
5164,https://openalex.org/W1993151480,https://doi.org/10.1017/s0143385709001060
5165,https://openalex.org/W2160411078,https://doi.org/10.1108/09684880710723052
5166,https://openalex.org/W2601434367,https://doi.org/10.3389/fmicb.2017.00462
5167,https://openalex.org/W3007233220,https://doi.org/10.23932/2542-0240-2019-12-6-7
5168,https://openalex.org/W4389933449,https://doi.org/10.1055/a-2233-0323
5169,https://openalex.org/W4287220056,https://doi.org/10.3390/su14159003
5170,https://openalex.org/W2035662189,https://doi.org/10.1111/php.12109
5171,https://openalex.org/W2596365754,https://doi.org/10.1182/blood.v124.21.1577.1577
5172,https://openalex.org/W3120378132,https://doi.org/10.22059/ees.2020.241293
5173,https://openalex.org/W3215214400,https://doi.org/10.25199/2408-9613-2021-8-3-6-10
5174,https://openalex.org/W2118214337,https://doi.org/10.1088/0022-3735/10/6/010
5175,https://openalex.org/W2034509369,https://doi.org/10.1038/ncomms2089
5176,https://openalex.org/W2139486160,https://doi.org/10.1667/rr3315
5177,https://openalex.org/W2965488989,https://doi.org/10.1109/ted.2019.2928620
5178,https://openalex.org/W2318413740,https://doi.org/10.14196/sjpas.v3i7.1579
5179,https://openalex.org/W2142541103,https://doi.org/10.1021/ac60095a009
5180,https://openalex.org/W2095130500,https://doi.org/10.2298/sarh1210653g
5181,https://openalex.org/W4409656282,https://doi.org/10.1186/s40359-025-02743-8
5182,https://openalex.org/W2130490563,https://doi.org/10.1107/s0567739469000337
5183,https://openalex.org/W3022115074,https://doi.org/10.3390/mi11050486
5184,https://openalex.org/W2025645366,https://doi.org/10.1109/igarss.2015.7325836
5185,https://openalex.org/W2959696137,https://doi.org/10.1371/journal.pone.0219471
5186,https://openalex.org/W3109265863,https://doi.org/10.12955/peb.v1.28
5187,https://openalex.org/W4283794563,https://doi.org/10.1080/15592294.2022.2091815
5188,https://openalex.org/W2281156951,https://doi.org/10.1152/jn.1989.61.5.1011
5189,https://openalex.org/W2144737266,https://doi.org/10.1109/rfic.2008.4561387
5190,https://openalex.org/W4254997933,https://doi.org/10.5035/nishiseisai.64.585
5191,https://openalex.org/W2066547658,https://doi.org/10.1088/1751-8113/41/33/335403
5192,https://openalex.org/W4448431,
5193,https://openalex.org/W2096117839,https://doi.org/10.1148/48.4.333
5194,https://openalex.org/W4206820993,https://doi.org/10.1063/5.0067584
5195,https://openalex.org/W4392900769,https://doi.org/10.1021/acscatal.4c00414
5196,https://openalex.org/W2758875740,https://doi.org/10.5006/c2013-02169
5197,https://openalex.org/W6925367036,https://doi.org/10.17868/strath.00087201
5198,https://openalex.org/W2745353037,https://doi.org/10.1184/r1/6686738.v1
5199,https://openalex.org/W4210555987,https://doi.org/10.2113/2022/3196788
5200,https://openalex.org/W2067893395,https://doi.org/10.1056/nejm196106012642205
5201,https://openalex.org/W3021517316,
5202,https://openalex.org/W1969766377,https://doi.org/10.1088/0022-3727/33/17/310
5203,https://openalex.org/W1988399042,https://doi.org/10.1016/j.egypro.2011.03.333
5204,https://openalex.org/W1974841994,https://doi.org/10.1097/00004424-198602000-00017
5205,https://openalex.org/W2112201119,https://doi.org/10.1152/ajpgi.00364.2004
5206,https://openalex.org/W2023835009,https://doi.org/10.1021/jm980526i
5207,https://openalex.org/W2057226672,https://doi.org/10.1116/1.580021
5208,https://openalex.org/W1528562957,
5209,https://openalex.org/W2049015489,https://doi.org/10.1021/i560153a022
5210,https://openalex.org/W1922537661,https://doi.org/10.1128/mcb.8.11.4949
5211,https://openalex.org/W2995186250,https://doi.org/10.1109/iemcon.2019.8936291
5212,https://openalex.org/W4391308137,https://doi.org/10.1109/ccsb60789.2023.10398583
5213,https://openalex.org/W2996277834,https://doi.org/10.17478/jegys.592636
5214,https://openalex.org/W2418221135,
5215,https://openalex.org/W2955603442,https://doi.org/10.17615/06r7-1r81
5216,https://openalex.org/W2411962139,
5217,https://openalex.org/W2614165523,https://doi.org/10.1530/acta.0.0450535
5218,https://openalex.org/W2765770449,https://doi.org/10.1021/acs.molpharmaceut.7b00869
5219,https://openalex.org/W2007983972,https://doi.org/10.1002/esp.1371
5220,https://openalex.org/W2146643789,https://doi.org/10.1109/19.293463
5221,https://openalex.org/W3004172696,https://doi.org/10.1088/1757-899x/734/1/012180
5222,https://openalex.org/W2592134595,https://doi.org/10.3233/jifs-151656
5223,https://openalex.org/W2953592534,https://doi.org/10.1016/j.drudis.2019.06.016
5224,https://openalex.org/W2162393131,https://doi.org/10.1109/iembs.2002.1106222
5225,https://openalex.org/W2067686019,https://doi.org/10.1136/ip.4.2.162-b
5226,https://openalex.org/W2171486364,https://doi.org/10.2967/jnumed.109.074104
5227,https://openalex.org/W2089959978,https://doi.org/10.1161/01.cir.57.4.824
5228,https://openalex.org/W2735454655,https://doi.org/10.1016/j.procir.2017.03.172
5229,https://openalex.org/W1541350805,https://doi.org/10.4225/75/57b673cf34781
5230,https://openalex.org/W1967790540,https://doi.org/10.1677/joe.0.0050158
5231,https://openalex.org/W4387256085,https://doi.org/10.46799/jhs.v4i7.1021
5232,https://openalex.org/W2475032343,
5233,https://openalex.org/W1972039096,https://doi.org/10.2298/yjor120627014c
5234,https://openalex.org/W2020812856,https://doi.org/10.1080/08920758709362023
5235,https://openalex.org/W2185428901,
5236,https://openalex.org/W2135610135,https://doi.org/10.1177/1049732309331869
5237,https://openalex.org/W2962939136,https://doi.org/10.4103/jcd.jcd_461_18
5238,https://openalex.org/W1811060438,https://doi.org/10.1093/oxfordjournals.jbchem.a129968
5239,https://openalex.org/W2031807599,https://doi.org/10.1080/01650520701737973
5240,https://openalex.org/W2574622463,https://doi.org/10.1242/dmm.027730
5241,https://openalex.org/W2378727920,
5242,https://openalex.org/W2414771301,
5243,https://openalex.org/W2186500831,
5244,https://openalex.org/W2136615848,https://doi.org/10.1177/0032329213507552
5245,https://openalex.org/W4404540765,https://doi.org/10.1140/epjc/s10052-024-13525-8
5246,https://openalex.org/W2120709061,https://doi.org/10.1111/j.1399-3054.1972.tb03621.x
5247,https://openalex.org/W3202792440,https://doi.org/10.15298/euroasentj.20.3.09
5248,https://openalex.org/W2979233941,https://doi.org/10.1093/ecco-jcc/jjx002.001
5249,https://openalex.org/W2159250853,https://doi.org/10.1017/s0014479700005056
5250,https://openalex.org/W3149229888,https://doi.org/10.26478/ja2020.8.13.1
5251,https://openalex.org/W2394405738,
5252,https://openalex.org/W4364354190,
5253,https://openalex.org/W2319641563,https://doi.org/10.1386/ijcis.4.3.357_1
5254,https://openalex.org/W2332293747,https://doi.org/10.1016/j.ihe.2016.02.002
5255,https://openalex.org/W4289544403,https://doi.org/10.1007/s10211-022-00400-6
5256,https://openalex.org/W2118588482,https://doi.org/10.1080/09500340210123947
5257,https://openalex.org/W986375278,https://doi.org/10.1080/10288457.2007.10740618
5258,https://openalex.org/W75883688,
5259,https://openalex.org/W3110387586,https://doi.org/10.1155/2020/8874272
5260,https://openalex.org/W270496167,
5261,https://openalex.org/W2947885493,https://doi.org/10.1002/slct.201900476
5262,https://openalex.org/W2939784491,
5263,https://openalex.org/W2126190234,https://doi.org/10.1109/icpim.2011.5983728
5264,https://openalex.org/W3194419592,https://doi.org/10.1177/08948453211037397
5265,https://openalex.org/W2007843391,https://doi.org/10.1049/sej.1995.0022
5266,https://openalex.org/W2327197433,https://doi.org/10.1299/kikai1938.27.1644
5267,https://openalex.org/W4236203448,https://doi.org/10.2523/28406-ms
5268,https://openalex.org/W2249169892,https://doi.org/10.22498/pages.15.1.23
5269,https://openalex.org/W4402582203,https://doi.org/10.1089/thy.2024.0285
5270,https://openalex.org/W1972254082,https://doi.org/10.1083/jcb.200307062
5271,https://openalex.org/W2034133483,https://doi.org/10.1080/13552070512331332286
5272,https://openalex.org/W2168815980,https://doi.org/10.1128/mcb.01331-07
5273,https://openalex.org/W2299187578,https://doi.org/10.1002/chem.201504686
5274,https://openalex.org/W2034309487,https://doi.org/10.1159/000215180
5275,https://openalex.org/W4223893364,https://doi.org/10.21603/2500-3372-2022-7-1-12-19
5276,https://openalex.org/W2092151344,https://doi.org/10.1021/ac00170a019
5277,https://openalex.org/W2964549276,https://doi.org/10.1088/1361-6528/ab3601
5278,https://openalex.org/W4385689572,https://doi.org/10.1021/acsapm.3c01272
5279,https://openalex.org/W2060059709,https://doi.org/10.12968/bjon.2013.22.10.570
5280,https://openalex.org/W2888049906,https://doi.org/10.17323/1814-9545-2018-2-117-138
5281,https://openalex.org/W2897721866,https://doi.org/10.1002/jca.21658
5282,https://openalex.org/W2038544587,https://doi.org/10.1002/(sici)1097-4628(19990815)73:7<1117::aid-app3>3.0.co;2-h
5283,https://openalex.org/W2566618404,https://doi.org/10.1158/1538-7445.am2015-2581
5284,https://openalex.org/W2044569709,https://doi.org/10.1109/apcap.2012.6333195
5285,https://openalex.org/W3008724305,https://doi.org/10.1177/1360780420905847
5286,https://openalex.org/W2133644124,
5287,https://openalex.org/W2085320330,https://doi.org/10.1136/jech.50.2.225
5288,https://openalex.org/W2378709662,
5289,https://openalex.org/W1606501333,
5290,https://openalex.org/W2872050426,https://doi.org/10.1002/marc.201800260
5291,https://openalex.org/W4205185629,https://doi.org/10.28995/2227-6165-2021-3-40-55
5292,https://openalex.org/W138152552,https://doi.org/10.31729/jnma.59
5293,https://openalex.org/W2555671149,https://doi.org/10.1182/blood.v108.11.5294.5294
5294,https://openalex.org/W1999752983,https://doi.org/10.1099/00221287-114-1-75
5295,https://openalex.org/W1582658987,
5296,https://openalex.org/W2303526161,https://doi.org/10.17323/1814-9545-2016-1-245-273
5297,https://openalex.org/W2158389636,https://doi.org/10.1017/s0028688500011012
5298,https://openalex.org/W2022025950,https://doi.org/10.1145/73560.73570
5299,https://openalex.org/W4400171155,https://doi.org/10.12911/22998993/189298
5300,https://openalex.org/W2398526225,https://doi.org/10.1039/c6sc00221h
5301,https://openalex.org/W2115333075,https://doi.org/10.1109/icip.1997.648106
5302,https://openalex.org/W2600944630,https://doi.org/10.3390/ma10030308
5303,https://openalex.org/W2016950386,https://doi.org/10.1002/1097-0142(19910815)68:4<860::aid-cncr2820680431>3.0.co;2-4
5304,https://openalex.org/W4392051588,https://doi.org/10.23880/hij-16000233
5305,https://openalex.org/W7073551391,
5306,https://openalex.org/W3119221551,https://doi.org/10.1111/dmcn.14800
5307,https://openalex.org/W2160842624,https://doi.org/10.3109/10715762.2011.590136
5308,https://openalex.org/W1968688220,https://doi.org/10.1525/ae.1998.25.1.78
5309,https://openalex.org/W2025149108,https://doi.org/10.1002/jez.1401780113
5310,https://openalex.org/W2898012473,https://doi.org/10.1145/3267204.3267214
5311,https://openalex.org/W2586635252,https://doi.org/10.3303/cet1332335
5312,https://openalex.org/W2514647062,https://doi.org/10.3390/s16091367
5313,https://openalex.org/W2626939589,https://doi.org/10.1051/0004-6361/201630119
5314,https://openalex.org/W2409095101,https://doi.org/10.1097/shk.0000000000000380
5315,https://openalex.org/W2054390231,https://doi.org/10.1121/1.1929936
5316,https://openalex.org/W4286664512,https://doi.org/10.47114/j.agroped.2021.jun7
5317,https://openalex.org/W3178974044,https://doi.org/10.3390/csac2021-10560
5318,https://openalex.org/W2095015407,https://doi.org/10.1137/090755771
5319,https://openalex.org/W2023282004,https://doi.org/10.1103/physrevb.24.5913
5320,https://openalex.org/W2129493765,https://doi.org/10.14236/jhi.v14i2.622
5321,https://openalex.org/W3158839617,https://doi.org/10.3390/ijms22094893
5322,https://openalex.org/W2026455572,https://doi.org/10.1021/bi00179a008
5323,https://openalex.org/W2037545075,https://doi.org/10.1130/0091-7613(1977)5<729:tispso>2.0.co;2
5324,https://openalex.org/W4362499127,https://doi.org/10.1109/iceconf57129.2023.10084256
5325,https://openalex.org/W2411694178,
5326,https://openalex.org/W2313721508,https://doi.org/10.1021/op500025v
5327,https://openalex.org/W2888664337,https://doi.org/10.3389/fpls.2018.01183
5328,https://openalex.org/W3144185850,
5329,https://openalex.org/W4312199179,https://doi.org/10.1109/scems56272.2022.9990808
5330,https://openalex.org/W4368370695,https://doi.org/10.20944/preprints202305.0035.v1
5331,https://openalex.org/W2201275613,https://doi.org/10.4271/2005-01-2133
5332,https://openalex.org/W2032507538,https://doi.org/10.3346/jkms.2009.24.3.361
5333,https://openalex.org/W633101757,
5334,https://openalex.org/W2974563472,https://doi.org/10.11646/zootaxa.4671.4.6
5335,https://openalex.org/W4402756105,https://doi.org/10.3390/medicina60101560
5336,https://openalex.org/W2044488108,https://doi.org/10.1127/0935-1221/2010/0022-2001
5337,https://openalex.org/W2152809218,https://doi.org/10.3109/09638288.2013.825333
5338,https://openalex.org/W4391831159,https://doi.org/10.31390/cwbr.6.2.31
5339,https://openalex.org/W2126944205,https://doi.org/10.1080/03081079808962066
5340,https://openalex.org/W2597526500,https://doi.org/10.1109/kst.2017.7886095
5341,https://openalex.org/W2050562212,https://doi.org/10.1126/science.152.3726.1241
5342,https://openalex.org/W2126918986,https://doi.org/10.1109/icnc.2008.215
5343,https://openalex.org/W4294958074,https://doi.org/10.1111/jace.18760
5344,https://openalex.org/W4392763337,https://doi.org/10.3390/lubricants12030091
5345,https://openalex.org/W4393012649,https://doi.org/10.1520/jte20230514
5346,https://openalex.org/W2480998116,
5347,https://openalex.org/W1997503905,https://doi.org/10.1083/jcb.146.2.389
5348,https://openalex.org/W1988061965,https://doi.org/10.1577/1548-8659(1994)123<0733:tvimub>2.3.co;2
5349,https://openalex.org/W4205308866,https://doi.org/10.1007/s12011-021-03028-y
5350,https://openalex.org/W2055794694,https://doi.org/10.1002/jbmr.5650070610
5351,https://openalex.org/W3134683971,https://doi.org/10.1021/acsanm.0c02792
5352,https://openalex.org/W1965727166,https://doi.org/10.1001/archinte.1992.00400220135023
5353,https://openalex.org/W1993078308,https://doi.org/10.1371/journal.pone.0080993
5354,https://openalex.org/W1889810473,https://doi.org/10.1128/aem.39.4.812-817.1980
5355,https://openalex.org/W2062786183,https://doi.org/10.1002/hpm.711
5356,https://openalex.org/W4362700432,https://doi.org/10.31234/osf.io/n3mj2
5357,https://openalex.org/W4315751641,https://doi.org/10.5281/zenodo.7529968
5358,https://openalex.org/W2102878644,https://doi.org/10.1590/s0104-66322014000100022
5359,https://openalex.org/W1982466040,https://doi.org/10.1163/156856208783719545
5360,https://openalex.org/W2078377628,https://doi.org/10.3736/jcim20120410
5361,https://openalex.org/W2031614214,https://doi.org/10.1021/ie050487q
5362,https://openalex.org/W2069099783,https://doi.org/10.1115/omae2011-49895
5363,https://openalex.org/W2112899062,https://doi.org/10.1017/s0012217300045467
5364,https://openalex.org/W3033239023,https://doi.org/10.17587/mau.21.356-365
5365,https://openalex.org/W2049401951,https://doi.org/10.3103/s1068335607110048
5366,https://openalex.org/W2058018763,https://doi.org/10.1111/j.1525-1446.1994.tb00199.x
5367,https://openalex.org/W2339097746,https://doi.org/10.1042/bj1170028p
5368,https://openalex.org/W2023961828,https://doi.org/10.1063/1.4851255
5369,https://openalex.org/W2765750626,https://doi.org/10.3390/app7101083
5370,https://openalex.org/W2017769388,https://doi.org/10.1002/jhm.1945
5371,https://openalex.org/W2079294732,https://doi.org/10.1061/(asce)0733-9445(1992)118:8(2004)
5372,https://openalex.org/W2784958970,https://doi.org/10.1364/ao.57.000659
5373,https://openalex.org/W2143396133,https://doi.org/10.1128/jb.01374-07
5374,https://openalex.org/W1515436383,https://doi.org/10.1155/2015/275697
5375,https://openalex.org/W3102813223,https://doi.org/10.1101/2020.11.12.379735
5376,https://openalex.org/W2004573232,https://doi.org/10.1111/j.2042-7158.1978.tb13200.x
5377,https://openalex.org/W2128519754,https://doi.org/10.1177/089124249901300106
5378,https://openalex.org/W2134216044,https://doi.org/10.1126/stke.3382006tr7
5379,https://openalex.org/W4400094272,https://doi.org/10.3126/jpahs.v11i1.65652
5380,https://openalex.org/W2071566362,https://doi.org/10.1142/s1464333213400073
5381,https://openalex.org/W1987625962,https://doi.org/10.1088/0022-3735/15/12/007
5382,https://openalex.org/W2728225609,
5383,https://openalex.org/W1588132864,https://doi.org/10.1109/icar.1997.620162
5384,https://openalex.org/W1524239101,https://doi.org/10.1016/s0021-9258(18)95686-3
5385,https://openalex.org/W4367016574,https://doi.org/10.1109/tii.2023.3269774
5386,https://openalex.org/W2009604137,https://doi.org/10.1135/cccc19850343
5387,https://openalex.org/W2270642550,https://doi.org/10.1103/physrevc.93.014607
5388,https://openalex.org/W2066274687,https://doi.org/10.1371/journal.pone.0210843
5389,https://openalex.org/W3082954545,https://doi.org/10.1097/rli.0000000000000720
5390,https://openalex.org/W2797722652,https://doi.org/10.2307/3612652
5391,https://openalex.org/W3090710326,https://doi.org/10.1371/journal.pgen.1009044
5392,https://openalex.org/W3167382769,https://doi.org/10.31660/0445-0108-2021-2-89-103
5393,https://openalex.org/W2020744069,https://doi.org/10.1111/j.1748-720x.1989.tb01069.x
5394,https://openalex.org/W4410831982,https://doi.org/10.1021/acs.jpcb.5c01654
5395,https://openalex.org/W763329346,
5396,https://openalex.org/W1014502651,https://doi.org/10.56808/2985-1130.1925
5397,https://openalex.org/W2146300690,https://doi.org/10.1590/s1516-89132014000100003
5398,https://openalex.org/W1968205337,https://doi.org/10.1039/c2nr30799e
5399,https://openalex.org/W2078933006,https://doi.org/10.1109/ieec.2009.60
5400,https://openalex.org/W4382722876,https://doi.org/10.2166/wst.2023.203
5401,https://openalex.org/W2075183241,https://doi.org/10.1136/jcp.27.1.14
5402,https://openalex.org/W2186048000,
5403,https://openalex.org/W4200350050,https://doi.org/10.3389/fpsyt.2021.703137
5404,https://openalex.org/W2504824929,https://doi.org/10.1017/s0071368600006297
5405,https://openalex.org/W2186928841,
5406,https://openalex.org/W4404345751,https://doi.org/10.1021/acsami.4c17038
5407,https://openalex.org/W3111258980,
5408,https://openalex.org/W2120816431,https://doi.org/10.2337/diab.33.8.717
5409,https://openalex.org/W2054600965,https://doi.org/10.1002/(sici)1096-9918(199606)24:6<416::aid-sia125>3.0.co;2-z
5410,https://openalex.org/W4244349942,https://doi.org/10.21698/rjeec.2020.211
5411,https://openalex.org/W2075036188,
5412,https://openalex.org/W2072752861,https://doi.org/10.1016/j.proenv.2012.01.378
5413,https://openalex.org/W2167633999,https://doi.org/10.1017/s1431927614005364
5414,https://openalex.org/W2016243663,https://doi.org/10.1021/ed070p415
5415,https://openalex.org/W2007121690,https://doi.org/10.1177/154596839801200204
5416,https://openalex.org/W2029437198,https://doi.org/10.1111/j.1651-2227.1991.tb11867.x
5417,https://openalex.org/W1521798894,https://doi.org/10.1080/02682620903560890
5418,https://openalex.org/W4230422929,https://doi.org/10.22363/2313-2310-2020-28-3-275-284
5419,https://openalex.org/W2788198201,https://doi.org/10.1145/3162087.3162098
5420,https://openalex.org/W3190794883,https://doi.org/10.1080/17450101.2021.1960186
5421,https://openalex.org/W1666136114,https://doi.org/10.1109/sice.2015.7285354
5422,https://openalex.org/W4396620219,https://doi.org/10.21153/psj2024vol10no1art1867
5423,https://openalex.org/W3137266280,https://doi.org/10.1002/lary.29532
5424,https://openalex.org/W2137792706,https://doi.org/10.1002/anie.201402287
5425,https://openalex.org/W1996971164,https://doi.org/10.1103/physreva.71.022322
5426,https://openalex.org/W4364374126,https://doi.org/10.3390/rs15082009
5427,https://openalex.org/W2161908860,https://doi.org/10.1364/oe.16.007551
5428,https://openalex.org/W2512734654,https://doi.org/10.1134/s0021364016240024
5429,https://openalex.org/W3095960195,https://doi.org/10.1080/19376529.2020.1824807
5430,https://openalex.org/W4393204198,https://doi.org/10.1016/j.drup.2024.101082
5431,https://openalex.org/W2010274926,https://doi.org/10.1111/j.1445-2197.1987.tb01441.x
5432,https://openalex.org/W2008593950,https://doi.org/10.1002/ajim.4700100407
5433,https://openalex.org/W2561858790,
5434,https://openalex.org/W2100185457,https://doi.org/10.1146/annurev.es.23.110192.002011
5435,https://openalex.org/W4229600454,https://doi.org/10.55524/ijircst.2021.9.6.17
5436,https://openalex.org/W4312105538,https://doi.org/10.33369/jvk.v5i2.23926
5437,https://openalex.org/W2135684583,https://doi.org/10.1109/icme.2008.4607564
5438,https://openalex.org/W2129912648,https://doi.org/10.1184/r1/6582785.v1
5439,https://openalex.org/W2137274298,https://doi.org/10.1186/1756-0500-3-243
5440,https://openalex.org/W2007529242,https://doi.org/10.4172/2155-6113.s2-002
5441,https://openalex.org/W2165857086,https://doi.org/10.1109/fskd.2011.6019915
5442,https://openalex.org/W1538725722,https://doi.org/10.1109/icpadm.1994.414035
5443,https://openalex.org/W4296618045,https://doi.org/10.1080/11926422.2022.2107550
5444,https://openalex.org/W2075604354,https://doi.org/10.1046/j.1365-2206.2000.00165.x
5445,https://openalex.org/W2921340777,https://doi.org/10.1109/tpel.2019.2904045
5446,https://openalex.org/W2339709050,https://doi.org/10.1002/jssc.201501167
5447,https://openalex.org/W1595235474,https://doi.org/10.1109/cdc.2002.1184851
5448,https://openalex.org/W2071316594,https://doi.org/10.1021/jp046612d
5449,https://openalex.org/W1976752593,https://doi.org/10.1139/b77-252
5450,https://openalex.org/W2164870520,https://doi.org/10.1111/j.1749-771x.2012.01148.x
5451,https://openalex.org/W2080099880,https://doi.org/10.1159/000051182
5452,https://openalex.org/W2073087291,https://doi.org/10.1787/budget-10-5kmh5h6tzrns
5453,https://openalex.org/W3120796805,https://doi.org/10.1029/2021jb022222
5454,https://openalex.org/W1516697601,https://doi.org/10.4049/jimmunol.162.3.1303
5455,https://openalex.org/W2016556188,https://doi.org/10.2320/matertrans.mer2007108
5456,https://openalex.org/W2062427823,https://doi.org/10.1097/00130911-200309000-00008
5457,https://openalex.org/W2614141523,https://doi.org/10.3390/s17051135
5458,https://openalex.org/W2370517558,
5459,https://openalex.org/W4287377848,https://doi.org/10.1017/s0956792522000237
5460,https://openalex.org/W3011700560,https://doi.org/10.4103/mtsm.mtsm_25_19
5461,https://openalex.org/W2329125384,https://doi.org/10.1080/13537113.2014.909160
5462,https://openalex.org/W2601931856,https://doi.org/10.1111/ajps.12320
5463,https://openalex.org/W2184159343,
5464,https://openalex.org/W4372300585,https://doi.org/10.1111/apce.12426
5465,https://openalex.org/W3186182115,https://doi.org/10.2514/6.2021-2672
5466,https://openalex.org/W2025630924,https://doi.org/10.1111/j.1365-2125.1989.tb03545.x
5467,https://openalex.org/W2993897639,
5468,https://openalex.org/W1731911755,https://doi.org/10.4154/gc.1993.23
5469,https://openalex.org/W4388445289,https://doi.org/10.24425/ace.2021.136464
5470,https://openalex.org/W1989967334,https://doi.org/10.1177/1077727x8301100405
5471,https://openalex.org/W4393150093,https://doi.org/10.3390/s24072082
5472,https://openalex.org/W4252217753,https://doi.org/10.2147/oaju.s11752
5473,https://openalex.org/W4292537203,https://doi.org/10.14715/cmb/2022.68.4.16
5474,https://openalex.org/W3205832138,https://doi.org/10.23919/ccc52363.2021.9550659
5475,https://openalex.org/W4200306746,https://doi.org/10.1134/s0038094621060058
5476,https://openalex.org/W2015034987,https://doi.org/10.1515/agph-2014-0015
5477,https://openalex.org/W2351724432,
5478,https://openalex.org/W2389395589,
5479,https://openalex.org/W2127557367,https://doi.org/10.1111/j.1748-5827.2012.01228.x
5480,https://openalex.org/W1993056430,https://doi.org/10.1046/j.1365-3059.2002.00747.x
5481,https://openalex.org/W1981658135,https://doi.org/10.1128/aac.49.6.2519-2521.2005
5482,https://openalex.org/W2319426630,https://doi.org/10.1177/1056789515583342
5483,https://openalex.org/W1521051724,https://doi.org/10.15835/nbha4118970
5484,https://openalex.org/W3216669827,https://doi.org/10.2118/204302-ms
5485,https://openalex.org/W2037600168,https://doi.org/10.1116/1.1813453
5486,https://openalex.org/W2354946683,
5487,https://openalex.org/W3087216459,https://doi.org/10.1134/s1064226920080069
5488,https://openalex.org/W3129576467,https://doi.org/10.1016/j.jksus.2021.101390
5489,https://openalex.org/W4291017612,https://doi.org/10.5334/jbsr.2843
5490,https://openalex.org/W3194782051,https://doi.org/10.24815/kanun.v23i2.20416
5491,https://openalex.org/W4242792575,https://doi.org/10.1017/s2475262200013289
5492,https://openalex.org/W2029946134,https://doi.org/10.1002/1521-3994(200008)321:3<161::aid-asna161>3.0.co;2-e
5493,https://openalex.org/W2125808921,https://doi.org/10.1177/0010414093026003002
5494,https://openalex.org/W3133740502,https://doi.org/10.51791/njap.v47i4.83
5495,https://openalex.org/W4387653677,https://doi.org/10.3390/molecules28207093
5496,https://openalex.org/W2607009597,https://doi.org/10.2351/1.4980164
5497,https://openalex.org/W4253035824,https://doi.org/10.1111/j.1467-8616.2011.00797.x
5498,https://openalex.org/W4402636066,https://doi.org/10.1097/wnf.0000000000000614
5499,https://openalex.org/W2940063987,https://doi.org/10.3390/e21040389
5500,https://openalex.org/W4407080354,https://doi.org/10.1080/03036758.2024.2445859
5501,https://openalex.org/W2039325673,https://doi.org/10.1021/ic702255s
5502,https://openalex.org/W2316792488,https://doi.org/10.5194/cp-12-1555-2016
5503,https://openalex.org/W2042476684,https://doi.org/10.1021/jo00931a014
5504,https://openalex.org/W2884009302,https://doi.org/10.7759/cureus.2992
5505,https://openalex.org/W880817566,
5506,https://openalex.org/W4248189053,https://doi.org/10.31219/osf.io/byj95
5507,https://openalex.org/W2388843316,
5508,https://openalex.org/W2899514952,https://doi.org/10.5463/dcid.v29i2.683
5509,https://openalex.org/W2791043815,https://doi.org/10.3389/fphys.2018.00156
5510,https://openalex.org/W2113430366,https://doi.org/10.1784/insi.2009.51.2.73
5511,https://openalex.org/W2079830938,https://doi.org/10.1093/mnras/251.3.541
5512,https://openalex.org/W3170705234,https://doi.org/10.2106/jbjs.20.02080
5513,https://openalex.org/W2606713975,https://doi.org/10.21037/tlcr.2017.03.05
5514,https://openalex.org/W2087461549,https://doi.org/10.1016/s0014-5793(97)00278-0
5515,https://openalex.org/W2272356798,
5516,https://openalex.org/W2538294743,
5517,https://openalex.org/W2591096517,https://doi.org/10.1134/s0036024417030037
5518,https://openalex.org/W2011903873,https://doi.org/10.3181/00379727-132-34304
5519,https://openalex.org/W2169988722,https://doi.org/10.18705/1607-419x-2013-19-6-545-550
5520,https://openalex.org/W2122549896,
5521,https://openalex.org/W2027412547,https://doi.org/10.1063/1.1319875
5522,https://openalex.org/W2397260565,
5523,https://openalex.org/W2243887600,
5524,https://openalex.org/W2105682678,https://doi.org/10.1109/tpwrd.1987.4308238
5525,https://openalex.org/W1993498975,https://doi.org/10.1088/1612-2011/11/11/115902
5526,https://openalex.org/W2142272396,https://doi.org/10.1002/mrm.21417
5527,https://openalex.org/W2044615130,https://doi.org/10.1088/0953-4075/26/23/021
5528,https://openalex.org/W2163862459,https://doi.org/10.1096/fj.99-0850com
5529,https://openalex.org/W2775698286,https://doi.org/10.2147/ott.s150678
5530,https://openalex.org/W2154713012,https://doi.org/10.1111/j.1399-3054.1993.tb00172.x
5531,https://openalex.org/W2070219930,https://doi.org/10.1088/0953-4075/26/23/001
5532,https://openalex.org/W2033874627,https://doi.org/10.4103/0973-029x.131925
5533,https://openalex.org/W13665836,
5534,https://openalex.org/W4389784984,https://doi.org/10.31031/pps.2023.05.000602
5535,https://openalex.org/W1992258937,https://doi.org/10.1080/14640748808402298
5536,https://openalex.org/W1965351802,https://doi.org/10.1093/jeg/lbp027
5537,https://openalex.org/W2158501528,https://doi.org/10.1136/heartjnl-2013-304022
5538,https://openalex.org/W2105847279,https://doi.org/10.1109/isit.2003.1228235
5539,https://openalex.org/W2488011323,https://doi.org/10.21125/edulearn.2016.0933
5540,https://openalex.org/W4281387369,https://doi.org/10.33448/rsd-v11i7.29908
5541,https://openalex.org/W4402853093,https://doi.org/10.20885/jpcol.vol1.iss1.art1
5542,https://openalex.org/W4301046395,https://doi.org/10.48550/arxiv.1806.09597
5543,https://openalex.org/W2018414957,https://doi.org/10.1136/bmj.39371.489398.80
5544,https://openalex.org/W4231029303,https://doi.org/10.1111/j.0022-3840.1993.2604_207.x
5545,https://openalex.org/W2107398705,https://doi.org/10.1002/ejic.200600974
5546,https://openalex.org/W2517092238,https://doi.org/10.1021/acsami.5b02159
5547,https://openalex.org/W1486183887,https://doi.org/10.1042/bj2890395
5548,https://openalex.org/W4318205018,https://doi.org/10.1016/j.scitotenv.2023.161859
5549,https://openalex.org/W1487982978,https://doi.org/10.20875/sb.38716
5550,https://openalex.org/W3200542430,
5551,https://openalex.org/W2388834599,
5552,https://openalex.org/W15915457,
5553,https://openalex.org/W4389623604,https://doi.org/10.1158/2159-8290.c.6976556
5554,https://openalex.org/W2103059197,https://doi.org/10.1046/j.1365-3156.1999.00359.x
5555,https://openalex.org/W2417666386,https://doi.org/10.1051/epjconf/201611921005
5556,https://openalex.org/W2034844650,https://doi.org/10.1111/j.1365-2354.2005.00520.x
5557,https://openalex.org/W2328220849,https://doi.org/10.1021/ct200258g
5558,https://openalex.org/W604127520,https://doi.org/10.2307/2926631
5559,https://openalex.org/W2054024545,https://doi.org/10.1136/oem.45.5.309
5560,https://openalex.org/W1511490497,https://doi.org/10.1111/j.1476-5381.2011.01467.x
5561,https://openalex.org/W4387021787,https://doi.org/10.1080/14631369.2023.2257615
5562,https://openalex.org/W1996630887,https://doi.org/10.1109/icecc.2011.6066445
5563,https://openalex.org/W2127623068,https://doi.org/10.1146/annurev-biochem-062309-093307
5564,https://openalex.org/W2944349554,https://doi.org/10.3389/fimmu.2019.01009
5565,https://openalex.org/W2058604430,https://doi.org/10.1002/j.1550-8528.1995.tb00117.x
5566,https://openalex.org/W333893417,https://doi.org/10.2307/4593218
5567,https://openalex.org/W2019619882,https://doi.org/10.1252/jcej.07we003
5568,https://openalex.org/W3022474818,https://doi.org/10.3390/su12093646
5569,https://openalex.org/W1996166018,https://doi.org/10.1103/physreve.71.036502
5570,https://openalex.org/W2406701791,https://doi.org/10.1108/jcrpp-05-2015-0017
5571,https://openalex.org/W2109000789,
5572,https://openalex.org/W1586939936,https://doi.org/10.1300/j083v23n03_05
5573,https://openalex.org/W2049797561,https://doi.org/10.1080/09638280600646185
5574,https://openalex.org/W4390144063,https://doi.org/10.1080/17513758.2023.2288873
5575,https://openalex.org/W1997265333,https://doi.org/10.1159/000133631
5576,https://openalex.org/W281007215,https://doi.org/10.5338/kjea.2005.24.4.409
5577,https://openalex.org/W2549924981,
5578,https://openalex.org/W1706783521,https://doi.org/10.1002/zaac.200800398
5579,https://openalex.org/W1990986991,https://doi.org/10.1163/156856899x00067
5580,https://openalex.org/W2141134783,https://doi.org/10.2522/ptj.20060004
5581,https://openalex.org/W2026480359,https://doi.org/10.1080/15502287.2014.976677
5582,https://openalex.org/W3180387033,https://doi.org/10.3390/v13071310
5583,https://openalex.org/W2364959897,
5584,https://openalex.org/W3007633517,https://doi.org/10.1093/tas/txaa023
5585,https://openalex.org/W2782470695,https://doi.org/10.1017/s0261387500008023
5586,https://openalex.org/W2001592333,https://doi.org/10.1111/agec.12135
5587,https://openalex.org/W4239884348,https://doi.org/10.4038/sljch.v30i2.842
5588,https://openalex.org/W2045853521,https://doi.org/10.1038/oby.2010.285
5589,https://openalex.org/W2558193472,https://doi.org/10.1039/c6cp06831f
5590,https://openalex.org/W2989410333,https://doi.org/10.1001/jama.1954.02940470001001
5591,https://openalex.org/W2774417720,
5592,https://openalex.org/W2480460194,https://doi.org/10.1115/1.4034269
5593,https://openalex.org/W2902590335,https://doi.org/10.1093/ofid/ofy210.647
5594,https://openalex.org/W3166419244,
5595,https://openalex.org/W2007285768,https://doi.org/10.2307/799487
5596,https://openalex.org/W2021275764,https://doi.org/10.1002/1099-1514(200009/10)21:5<195::aid-oca673>3.0.co;2-d
5597,https://openalex.org/W4200076314,https://doi.org/10.1017/s0260210521000620
5598,https://openalex.org/W4200474601,https://doi.org/10.46265/genresj.pybz4246
5599,https://openalex.org/W1487855867,https://doi.org/10.1542/peds.23.2.260
5600,https://openalex.org/W2372630626,
5601,https://openalex.org/W4396724190,https://doi.org/10.1039/d4cc01143k
5602,https://openalex.org/W3153724679,https://doi.org/10.21608/asnj.2021.64487.1139
5603,https://openalex.org/W2057695555,https://doi.org/10.1097/ccm.0b013e318192154d
5604,https://openalex.org/W2296759786,https://doi.org/10.1177/0022185615617569
5605,https://openalex.org/W2004242696,https://doi.org/10.3389/fonc.2013.00050
5606,https://openalex.org/W59117347,https://doi.org/10.1093/ajcp/79.1.98
5607,https://openalex.org/W3137881640,https://doi.org/10.22038/rcm.2021.49093.1321
5608,https://openalex.org/W2463978328,
5609,https://openalex.org/W2079399859,https://doi.org/10.7845/kjm.2014.4033
5610,https://openalex.org/W3111729813,https://doi.org/10.5121/ijscai.2020.9401
5611,https://openalex.org/W3032155394,https://doi.org/10.3760/cma.j.issn.1000-6699.2011.03.013
5612,https://openalex.org/W2386310097,
5613,https://openalex.org/W4250938187,https://doi.org/10.1097/01.aog.0000245160.11596.3b
5614,https://openalex.org/W4388629040,https://doi.org/10.5406/21627223.236.01
5615,https://openalex.org/W2304886140,https://doi.org/10.1126/science.aaf1064
5616,https://openalex.org/W2057713656,https://doi.org/10.5392/jkca.2014.14.05.289
5617,https://openalex.org/W2114524809,https://doi.org/10.1109/fie.2009.5350814
5618,https://openalex.org/W2998972320,https://doi.org/10.33162/jar.2019.12.19.4.353
5619,https://openalex.org/W2979871965,
5620,https://openalex.org/W3202603233,https://doi.org/10.31435/rsglobal_ijitss/30092021/7651
5621,https://openalex.org/W4220959216,https://doi.org/10.5194/egusphere-egu22-10900
5622,https://openalex.org/W4360977139,https://doi.org/10.1117/12.2662969
5623,https://openalex.org/W4377200891,https://doi.org/10.21776/ub.igtj.2022.011.02.03
5624,https://openalex.org/W4407073535,https://doi.org/10.61132/anugerah.v1i4.230
5625,https://openalex.org/W2155952358,https://doi.org/10.1109/tcad.2011.2165067
5626,https://openalex.org/W1973780430,https://doi.org/10.1093/mnras/stv266
5627,https://openalex.org/W3193539518,https://doi.org/10.31832/smj.870429
5628,https://openalex.org/W2050578121,https://doi.org/10.1300/j024v08n03_04
5629,https://openalex.org/W1896395416,https://doi.org/10.1017/s0003598x00094084
5630,https://openalex.org/W2556225479,https://doi.org/10.1097/01.aoa.0000504702.13193.5d
5631,https://openalex.org/W2793703494,https://doi.org/10.2991/icmea-17.2018.38
5632,https://openalex.org/W1759489726,
5633,https://openalex.org/W4400268514,https://doi.org/10.7759/cureus.63771
5634,https://openalex.org/W4294031599,https://doi.org/10.1002/int.23051
5635,https://openalex.org/W4254907319,https://doi.org/10.1002/(sici)1098-240x(199808)21:4<297::aid-nur3>3.3.co;2-f
5636,https://openalex.org/W1999685843,https://doi.org/10.1063/1.2714646
5637,https://openalex.org/W1951460484,https://doi.org/10.1046/j.1464-410x.1999.00975.x
5638,https://openalex.org/W2037521978,https://doi.org/10.1055/s-2007-1024992
5639,https://openalex.org/W2147660955,https://doi.org/10.1177/1468794114524222
5640,https://openalex.org/W2325173405,https://doi.org/10.1177/1358863x14534310
5641,https://openalex.org/W2045250272,https://doi.org/10.1089/pho.2009.2594
5642,https://openalex.org/W2023286064,https://doi.org/10.1016/j.proeps.2011.09.095
5643,https://openalex.org/W3211093192,https://doi.org/10.3847/1538-4357/ac1ba5
5644,https://openalex.org/W1994428602,https://doi.org/10.1097/01.tp.0000225764.21343.e3
5645,https://openalex.org/W2045473619,https://doi.org/10.1366/000370207780807731
5646,https://openalex.org/W4399327640,https://doi.org/10.1016/j.oregeorev.2024.106107
5647,https://openalex.org/W4318618172,https://doi.org/10.1016/j.techfore.2023.122374
5648,https://openalex.org/W1931267693,https://doi.org/10.1111/j.1365-246x.2012.05459.x
5649,https://openalex.org/W2625711710,https://doi.org/10.1002/bsl.2292
5650,https://openalex.org/W2466247506,
5651,https://openalex.org/W2132290777,https://doi.org/10.1017/s144618110001350x
5652,https://openalex.org/W2003156589,https://doi.org/10.1108/eb002940
5653,https://openalex.org/W4281702435,https://doi.org/10.1080/10401334.2022.2082434
5654,https://openalex.org/W2117314683,
5655,https://openalex.org/W4391044809,https://doi.org/10.30984/jis.v21i1.1864
5656,https://openalex.org/W2137786893,https://doi.org/10.1093/carcin/bgt258
5657,https://openalex.org/W2000077354,https://doi.org/10.1109/proc.1970.7916
5658,https://openalex.org/W3024738436,https://doi.org/10.1128/jvi.00436-20
5659,https://openalex.org/W2520484869,https://doi.org/10.4172/2167-0374.1000149
5660,https://openalex.org/W4297094415,https://doi.org/10.1109/jsen.2022.3207896
5661,https://openalex.org/W2141114538,https://doi.org/10.18632/oncotarget.513
5662,https://openalex.org/W1736076239,https://doi.org/10.1093/sleep/33.9.1139
5663,https://openalex.org/W2333819271,https://doi.org/10.7763/ijet.2012.v4.353
5664,https://openalex.org/W32245236,https://doi.org/10.3390/ma13061437
5665,https://openalex.org/W2008490038,https://doi.org/10.1353/dic.1994.0020
5666,https://openalex.org/W1541759019,
5667,https://openalex.org/W3044482490,https://doi.org/10.24940/theijhss/2020/v8/i2/hs2002-063
5668,https://openalex.org/W3161362704,https://doi.org/10.1364/ao.425294
5669,https://openalex.org/W2319268313,https://doi.org/10.1515/cllt-2013-0023
5670,https://openalex.org/W2595042171,https://doi.org/10.21307/acee-2016-027
5671,https://openalex.org/W2790269451,https://doi.org/10.18488/journal.73.2018.61.1.9
5672,https://openalex.org/W2160112747,https://doi.org/10.1109/cdc.1997.657142
5673,https://openalex.org/W2071354439,https://doi.org/10.1063/1.1686556
5674,https://openalex.org/W2329143197,https://doi.org/10.2514/6.2013-4682
5675,https://openalex.org/W2119973301,https://doi.org/10.1080/jan.15.1.23.29
5676,https://openalex.org/W2058375537,https://doi.org/10.2478/orhu-2014-0001
5677,https://openalex.org/W2341099553,https://doi.org/10.1137/16m106995x
5678,https://openalex.org/W2889741598,https://doi.org/10.1117/12.2320402
5679,https://openalex.org/W2419394680,https://doi.org/10.5344/ajev.1996.47.1.100
5680,https://openalex.org/W4245596853,https://doi.org/10.1001/jama.289.9.1097
5681,https://openalex.org/W7074098884,
5682,https://openalex.org/W2051694023,https://doi.org/10.1177/154193129904300329
5683,https://openalex.org/W4294756224,https://doi.org/10.5530/pj.2022.14.97
5684,https://openalex.org/W3008215755,https://doi.org/10.1109/icces45898.2019.9002430
5685,https://openalex.org/W4386154383,https://doi.org/10.5281/zenodo.57348
5686,https://openalex.org/W1973775776,https://doi.org/10.1080/0268051022000048200
5687,https://openalex.org/W3131501576,https://doi.org/10.1109/tkde.2021.3060818
5688,https://openalex.org/W3214494638,https://doi.org/10.1099/mgen.0.000669
5689,https://openalex.org/W4289711485,https://doi.org/10.1111/jpn.13754
5690,https://openalex.org/W3095568932,https://doi.org/10.1021/acsmacrolett.0c00696
5691,https://openalex.org/W1970237276,https://doi.org/10.1075/intp.16.1.01rus
5692,https://openalex.org/W1988698953,https://doi.org/10.1002/pds.927
5693,https://openalex.org/W2066425910,https://doi.org/10.1093/nar/gkp059
5694,https://openalex.org/W4312636844,https://doi.org/10.1145/3561613.3561639
5695,https://openalex.org/W4401510489,https://doi.org/10.1111/jnc.16201
5696,https://openalex.org/W2136647164,https://doi.org/10.1109/niss.2009.42
5697,https://openalex.org/W2109383385,https://doi.org/10.1093/jhered/esq106
5698,https://openalex.org/W2000281730,https://doi.org/10.1109/aero.2014.6836244
5699,https://openalex.org/W3174943011,https://doi.org/10.3390/polym13132190
5700,https://openalex.org/W2029025262,https://doi.org/10.1073/pnas.1308362110
5701,https://openalex.org/W2060797486,https://doi.org/10.1364/ao.34.002921
5702,https://openalex.org/W2124709964,https://doi.org/10.1539/joh.41.19
5703,https://openalex.org/W2013735215,https://doi.org/10.1111/j.1365-2311.2007.00896.x
5704,https://openalex.org/W2081666268,https://doi.org/10.2514/1.11888
5705,https://openalex.org/W4238368604,https://doi.org/10.1111/j.2151-6952.1998.tb00847.x
5706,https://openalex.org/W2959713094,https://doi.org/10.1061/9780784482292.271
5707,https://openalex.org/W4380589897,https://doi.org/10.35312/forum.v52i1.538
5708,https://openalex.org/W2594367243,https://doi.org/10.1093/ejcts/ezx040
5709,https://openalex.org/W3211775293,https://doi.org/10.1080/17524032.2021.1990978
5710,https://openalex.org/W1968847246,https://doi.org/10.3168/jds.s0022-0302(92)77965-x
5711,https://openalex.org/W2040642583,https://doi.org/10.1111/itor.12072
5712,https://openalex.org/W2889812919,https://doi.org/10.1017/s0001924000030657
5713,https://openalex.org/W2102116449,https://doi.org/10.1029/2002jc001402
5714,https://openalex.org/W2965322788,https://doi.org/10.3126/nmcj.v21i2.25108
5715,https://openalex.org/W1992272911,https://doi.org/10.4028/www.scientific.net/amr.295-297.454
5716,https://openalex.org/W2020384940,https://doi.org/10.1073/pnas.85.14.5161
5717,https://openalex.org/W2761881553,https://doi.org/10.1002/pon.4560
5718,https://openalex.org/W2340645246,https://doi.org/10.3389/frobt.2016.00013
5719,https://openalex.org/W1829622275,https://doi.org/10.1177/088532829601000404
5720,https://openalex.org/W2108906583,https://doi.org/10.3347/kjp.2013.51.3.305
5721,https://openalex.org/W1967577725,https://doi.org/10.1111/j.1471-0528.1972.tb14192.x
5722,https://openalex.org/W2034330558,https://doi.org/10.1103/physrevlett.88.233601
5723,https://openalex.org/W2035442089,https://doi.org/10.1038/icb.2008.29
5724,https://openalex.org/W3211018051,https://doi.org/10.33258/birci.v4i4.2836
5725,https://openalex.org/W2941697239,https://doi.org/10.1109/focs.2019.00042
5726,https://openalex.org/W2915474012,https://doi.org/10.1016/j.jcou.2019.02.007
5727,https://openalex.org/W2030737520,https://doi.org/10.1159/000119906
5728,https://openalex.org/W32304191,https://doi.org/10.3906/sag-2004-174
5729,https://openalex.org/W3184305137,https://doi.org/10.5281/zenodo.16070083
5730,https://openalex.org/W2806643222,https://doi.org/10.1101/334888
5731,https://openalex.org/W2153945054,https://doi.org/10.1002/(sici)1099-0720(199606)10:3<211::aid-acp375>3.0.co;2-c
5732,https://openalex.org/W2156763320,https://doi.org/10.1017/s0022149x00023403
5733,https://openalex.org/W2409305501,
5734,https://openalex.org/W2211674450,
5735,https://openalex.org/W1885196300,https://doi.org/10.53728/2765-6500.1562
5736,https://openalex.org/W4290997496,https://doi.org/10.1109/cieec54735.2022.9846841
5737,https://openalex.org/W2155343140,https://doi.org/10.5005/jp-journals-10020-1003
5738,https://openalex.org/W2890551569,https://doi.org/10.1093/jpe/rty029
5739,https://openalex.org/W2039755394,https://doi.org/10.1097/01.ccm.0000049950.58587.84
5740,https://openalex.org/W4302440465,https://doi.org/10.1001/archpedi.1939.01990080224023
5741,https://openalex.org/W1977084994,https://doi.org/10.1103/physrevb.38.12764
5742,https://openalex.org/W2156516172,https://doi.org/10.5858/2000-124-0357-eorotp
5743,https://openalex.org/W3209491793,https://doi.org/10.1016/j.omsc.2021.100237
5744,https://openalex.org/W1619977734,https://doi.org/10.1111/j.1365-2699.2007.01830.x
5745,https://openalex.org/W155178827,https://doi.org/10.1107/s1600536808010647
5746,https://openalex.org/W3026036586,https://doi.org/10.3390/met10050663
5747,https://openalex.org/W1990524309,https://doi.org/10.1109/wocn.2008.4542540
5748,https://openalex.org/W15623938,https://doi.org/10.1155/2004/943940
5749,https://openalex.org/W2883638082,
5750,https://openalex.org/W2131676402,https://doi.org/10.1137/s0895480194274133
5751,https://openalex.org/W2603982485,
5752,https://openalex.org/W2041263968,https://doi.org/10.1049/ep.1981.0195
5753,https://openalex.org/W4294797014,https://doi.org/10.22454/fammed.2022.169675
5754,https://openalex.org/W3037054278,https://doi.org/10.1063/1.5139017
5755,https://openalex.org/W2400181968,
5756,https://openalex.org/W4401379111,https://doi.org/10.62292/njp.v33(s).2024.220
5757,https://openalex.org/W2749317681,https://doi.org/10.3390/vetsci4030042
5758,https://openalex.org/W4377287569,https://doi.org/10.1080/19420862.2023.2212673
5759,https://openalex.org/W2034796911,https://doi.org/10.1143/jjap.41.l1393
5760,https://openalex.org/W2060937550,https://doi.org/10.1021/ed022p270
5761,https://openalex.org/W4282938407,https://doi.org/10.1128/msphere.00164-22
5762,https://openalex.org/W2996465988,https://doi.org/10.3934/mbe.2020106
5763,https://openalex.org/W2069896490,https://doi.org/10.1089/aid.2011.0033
5764,https://openalex.org/W2147491110,https://doi.org/10.1109/iros.2006.282361
5765,https://openalex.org/W2118796720,https://doi.org/10.1504/ijbcg.2012.044053
5766,https://openalex.org/W3119516131,https://doi.org/10.3390/biomedicines9010036
5767,https://openalex.org/W2472095988,https://doi.org/10.1093/comjnl/bxw038
5768,https://openalex.org/W2529844081,
5769,https://openalex.org/W2360766026,
5770,https://openalex.org/W4241526790,https://doi.org/10.1109/wsc.2018.8632331
5771,https://openalex.org/W1974799856,https://doi.org/10.1016/0024-3205(94)00579-6
5772,https://openalex.org/W4382403818,https://doi.org/10.1063/5.0149778
5773,https://openalex.org/W2124433503,https://doi.org/10.7150/ijms.5811
5774,https://openalex.org/W2193226386,https://doi.org/10.21273/hortsci.50.8.1218
5775,https://openalex.org/W2801782041,
5776,https://openalex.org/W3003968563,
5777,https://openalex.org/W2810192319,https://doi.org/10.25234/eclic/7118
5778,https://openalex.org/W1967493620,https://doi.org/10.4028/www.scientific.net/amr.690-693.3512
5779,https://openalex.org/W2547484169,
5780,https://openalex.org/W2741024158,https://doi.org/10.1161/res.113.suppl_1.a196
5781,https://openalex.org/W2884238863,https://doi.org/10.22459/ah.18.2011.12
5782,https://openalex.org/W4308058252,https://doi.org/10.1158/2159-8290.cd-22-0852
5783,https://openalex.org/W4385984216,https://doi.org/10.47391/jpma.7669
5784,https://openalex.org/W2286611439,https://doi.org/10.1093/oxfordjournals.aje.a121005
5785,https://openalex.org/W2800764692,
5786,https://openalex.org/W1894854447,https://doi.org/10.1109/lsp.2015.2494604
5787,https://openalex.org/W2129720806,
5788,https://openalex.org/W1993109249,https://doi.org/10.1093/qmath/2.1.109
5789,https://openalex.org/W2184450547,
5790,https://openalex.org/W3005526650,https://doi.org/10.1039/c9cc09984k
5791,https://openalex.org/W1972377868,https://doi.org/10.1016/j.proeng.2011.08.327
5792,https://openalex.org/W4213238780,https://doi.org/10.1371/journal.pone.0262614
5793,https://openalex.org/W2116897882,https://doi.org/10.1177/014233129601800301
5794,https://openalex.org/W7073970753,
5795,https://openalex.org/W2003009934,https://doi.org/10.1002/mrc.1270061206
5796,https://openalex.org/W2899885931,https://doi.org/10.1109/icsse.2018.8520210
5797,https://openalex.org/W2734981798,https://doi.org/10.24928/2017/0326
5798,https://openalex.org/W2149604454,https://doi.org/10.1097/00001888-198411000-00003
5799,https://openalex.org/W3011033459,https://doi.org/10.1063/1.5139266
5800,https://openalex.org/W2411286496,
5801,https://openalex.org/W4317722107,https://doi.org/10.3389/fcimb.2022.1070760
5802,https://openalex.org/W3163593377,https://doi.org/10.1097/ogx.0000000000000922
5803,https://openalex.org/W2157675451,
5804,https://openalex.org/W2058796754,https://doi.org/10.1002/cne.20285
5805,https://openalex.org/W4323968960,https://doi.org/10.37750/2616-6798.2016.2(17).272936
5806,https://openalex.org/W2928907890,https://doi.org/10.12911/22998993/105359
5807,https://openalex.org/W219475010,https://doi.org/10.5951/mt.84.9.0710
5808,https://openalex.org/W2181674725,https://doi.org/10.21307/ijssis-2017-422
5809,https://openalex.org/W2320953791,https://doi.org/10.2750/arp.31.399
5810,https://openalex.org/W2408850144,https://doi.org/10.1111/bdi.12394
5811,https://openalex.org/W2511277129,https://doi.org/10.3379/jmsjmag.15.427
5812,https://openalex.org/W2508241670,https://doi.org/10.1252/kakoronbunshu.9.148
5813,https://openalex.org/W273474983,
5814,https://openalex.org/W2022061798,https://doi.org/10.1111/j.1365-2648.1996.tb00039.x
5815,https://openalex.org/W3011395366,https://doi.org/10.1109/iscon47742.2019.9036243
5816,https://openalex.org/W2277098592,https://doi.org/10.1093/jhps/hnv007
5817,https://openalex.org/W1974178568,https://doi.org/10.1117/12.278829
5818,https://openalex.org/W3108736357,https://doi.org/10.21037/aoe-2020-05
5819,https://openalex.org/W4317826781,https://doi.org/10.1109/iv56949.2022.00027
5820,https://openalex.org/W2329766173,https://doi.org/10.1021/ja4116346
5821,https://openalex.org/W2112350648,https://doi.org/10.1098/rspa.1993.0034
5822,https://openalex.org/W3048856373,https://doi.org/10.51406/jagse.v18i1.1911
5823,https://openalex.org/W85227141,https://doi.org/10.6092/unibo/amsdottorato/5446
5824,https://openalex.org/W1967960833,https://doi.org/10.1109/sfcs.1988.21963
5825,https://openalex.org/W2294355739,https://doi.org/10.1371/journal.pone.0151369
5826,https://openalex.org/W7054543790,
5827,https://openalex.org/W4312700692,https://doi.org/10.1109/cvpr52688.2022.01478
5828,https://openalex.org/W1980695769,https://doi.org/10.1103/physreve.64.046408
5829,https://openalex.org/W1984565349,https://doi.org/10.1080/15700760802663476
5830,https://openalex.org/W2048550930,https://doi.org/10.1615/critreveukargeneexpr.v21.i3.50
5831,https://openalex.org/W2063676148,https://doi.org/10.1021/ac00031a006
5832,https://openalex.org/W606333411,
5833,https://openalex.org/W2279617784,https://doi.org/10.1080/10826076.2016.1141363
5834,https://openalex.org/W4233844780,https://doi.org/10.1001/jama.1996.03530280028019
5835,https://openalex.org/W3157037943,
5836,https://openalex.org/W3121232118,
5837,https://openalex.org/W4251911893,https://doi.org/10.2307/2008402
5838,https://openalex.org/W2149240400,https://doi.org/10.1509/jimk.18.3.81
5839,https://openalex.org/W4392554048,https://doi.org/10.1017/s2040174424000035
5840,https://openalex.org/W1888395367,https://doi.org/10.9738/intsurg-d-14-00287.1
5841,https://openalex.org/W2157589864,https://doi.org/10.2214/ajr.138.6.1085
5842,https://openalex.org/W4385615083,https://doi.org/10.1016/j.ijhydene.2023.07.124
5843,https://openalex.org/W2330976036,https://doi.org/10.1021/cs500967j
5844,https://openalex.org/W2143649857,https://doi.org/10.1017/s0031182000048095
5845,https://openalex.org/W1608309417,https://doi.org/10.4271/2005-01-1901
5846,https://openalex.org/W1981502667,https://doi.org/10.1515/znc-2002-1-208
5847,https://openalex.org/W4230536987,https://doi.org/10.1001/archinte.148.3.517
5848,https://openalex.org/W3020654690,https://doi.org/10.3390/ijerph17082937
5849,https://openalex.org/W2189082521,
5850,https://openalex.org/W2904262384,https://doi.org/10.1080/00958964.2018.1502137
5851,https://openalex.org/W4404845540,https://doi.org/10.47679/njbss.202465
5852,https://openalex.org/W2026130664,https://doi.org/10.1002/hlca.19820650802
5853,https://openalex.org/W2891452764,
5854,https://openalex.org/W7075577607,
5855,https://openalex.org/W2064367659,https://doi.org/10.1109/cas-ictd.2009.4960781
5856,https://openalex.org/W2374675468,
5857,https://openalex.org/W3043061348,https://doi.org/10.1080/01443615.2020.1739008
5858,https://openalex.org/W2003801772,https://doi.org/10.3328/tl.2011.03.01.21-36
5859,https://openalex.org/W2144039057,https://doi.org/10.1051/0004-6361/201219597
5860,https://openalex.org/W2978956365,https://doi.org/10.1002/pmrj.12255
5861,https://openalex.org/W2021528145,https://doi.org/10.5860/choice.33-5922
5862,https://openalex.org/W4283814887,https://doi.org/10.1021/acs.macromol.2c00422
5863,https://openalex.org/W3097473636,https://doi.org/10.1007/s00181-020-01966-5
5864,https://openalex.org/W4379740016,https://doi.org/10.1002/rra.4169
5865,https://openalex.org/W4401895711,https://doi.org/10.1016/j.jconrel.2024.08.035
5866,https://openalex.org/W2320721382,https://doi.org/10.2307/2418390
5867,https://openalex.org/W2014088200,https://doi.org/10.1002/app.13269
5868,https://openalex.org/W2316293095,https://doi.org/10.1097/01.ans.0000311523.43070.db
5869,https://openalex.org/W2155401371,
5870,https://openalex.org/W2802044874,https://doi.org/10.1121/1.5034172
5871,https://openalex.org/W4411253402,https://doi.org/10.1007/s00202-025-03125-4
5872,https://openalex.org/W4210933851,https://doi.org/10.21203/rs.3.rs-105294/v1
5873,https://openalex.org/W4280515822,https://doi.org/10.11817/j.issn.1672-7347.2022.210280
5874,https://openalex.org/W1994510632,https://doi.org/10.1002/pbc.23343
5875,https://openalex.org/W2083168269,https://doi.org/10.1002/ijc.20504
5876,https://openalex.org/W4312670939,https://doi.org/10.34766/fetr.v48i4.1004
5877,https://openalex.org/W2077869751,https://doi.org/10.1002/(sici)1098-1004(200004)15:4<340::aid-humu6>3.0.co;2-y
5878,https://openalex.org/W4247679876,https://doi.org/10.1080/10915810490499037
5879,https://openalex.org/W2768953345,
5880,https://openalex.org/W2399415032,
5881,https://openalex.org/W4404044417,https://doi.org/10.3390/plants13213092
5882,https://openalex.org/W2298953104,https://doi.org/10.5194/gmd-9-3093-2016
5883,https://openalex.org/W2899349869,https://doi.org/10.3233/jad-180663
5884,https://openalex.org/W2321697733,https://doi.org/10.1017/s0959774316000020
5885,https://openalex.org/W4366418482,https://doi.org/10.1016/j.scitotenv.2023.163347
5886,https://openalex.org/W2156651796,https://doi.org/10.1306/d42683ba-2b26-11d7-8648000102c1865d
5887,https://openalex.org/W2044305157,https://doi.org/10.1117/12.477332
5888,https://openalex.org/W2034808888,https://doi.org/10.2307/3315266
5889,https://openalex.org/W2142563577,https://doi.org/10.1109/78.157228
5890,https://openalex.org/W2167176608,https://doi.org/10.1080/136910600295783
5891,https://openalex.org/W6959741453,"https://doi.org/10.1111/j.1469-8137.2007.02190.x""&gt;https://doi.org/10.1111/j.1469-8137.2007.02190.x&lt;/a&gt"
5892,https://openalex.org/W2003997025,https://doi.org/10.1037//0022-006x.67.6.945
5893,https://openalex.org/W2340012207,https://doi.org/10.22069/ijerr.2015.2715
5894,https://openalex.org/W2987129916,https://doi.org/10.5958/2349-2996.2019.00123.x
5895,https://openalex.org/W3123414018,
5896,https://openalex.org/W2795892063,https://doi.org/10.3934/cpaa.2018077
5897,https://openalex.org/W2006541404,https://doi.org/10.1002/pen.760230305
5898,https://openalex.org/W2972293598,https://doi.org/10.3390/medicina55090570
5899,https://openalex.org/W3197522613,
5900,https://openalex.org/W2017756413,https://doi.org/10.1088/0953-4075/36/15/308
5901,https://openalex.org/W3209789710,https://doi.org/10.1002/nano.202100286
5902,https://openalex.org/W14529734,https://doi.org/10.1016/s0041-0101(03)00231-9
5903,https://openalex.org/W2943010195,https://doi.org/10.31087/0016-7894-2019-2-55-62
5904,https://openalex.org/W4220791801,https://doi.org/10.1080/19320248.2022.2059428
5905,https://openalex.org/W2014007351,https://doi.org/10.1117/1.1922287
5906,https://openalex.org/W2319664758,https://doi.org/10.1055/s-0030-1258871
5907,https://openalex.org/W4387031082,https://doi.org/10.52783/jier.v3i2.178
5908,https://openalex.org/W167662590,
5909,https://openalex.org/W4384526064,https://doi.org/10.3390/sym15071426
5910,https://openalex.org/W2920801476,https://doi.org/10.1002/ente.201900101
5911,https://openalex.org/W6906571082,https://doi.org/10.18429/jacow-ipac2010-mopeb025
5912,https://openalex.org/W4378363729,https://doi.org/10.1101/2023.05.26.542448
5913,https://openalex.org/W2047656798,https://doi.org/10.1055/s-2000-8467
5914,https://openalex.org/W2996081599,https://doi.org/10.17458/per.vol17.2019.l.osteoclastshealthdisease
5915,https://openalex.org/W2064890820,https://doi.org/10.1103/physrevb.50.8479
5916,https://openalex.org/W2584448017,https://doi.org/10.1177/1039856216689655
5917,https://openalex.org/W2330903344,https://doi.org/10.1071/aseg2012ab117
5918,https://openalex.org/W1992705325,https://doi.org/10.1589/jpts.26.435
5919,https://openalex.org/W2094071436,https://doi.org/10.1143/jjap.40.3975
5920,https://openalex.org/W7073945990,
5921,https://openalex.org/W2566119849,https://doi.org/10.19191/ep16.5s2.p001.096
5922,https://openalex.org/W2035018596,https://doi.org/10.1002/pen.760341810
5923,https://openalex.org/W2886259918,https://doi.org/10.14710/jmsni.v2i1.2882
5924,https://openalex.org/W2436200917,https://doi.org/10.15681/kswe.2016.32.1.15
5925,https://openalex.org/W4386422388,https://doi.org/10.46488/nept.2023.v22i03.019
5926,https://openalex.org/W3123933670,
5927,https://openalex.org/W2065376500,https://doi.org/10.1515/revneuro.2000.11.2-3.159
5928,https://openalex.org/W2565872961,https://doi.org/10.1093/wber/8.suppl_1.198
5929,https://openalex.org/W2015715527,https://doi.org/10.1002/glia.20265
5930,https://openalex.org/W2011241696,https://doi.org/10.1002/ejic.201000954
5931,https://openalex.org/W2053522181,https://doi.org/10.4081/scs.2011.e9
5932,https://openalex.org/W4238966481,https://doi.org/10.5194/acp-2018-1034
5933,https://openalex.org/W2570908980,https://doi.org/10.1371/journal.pntd.0005242
5934,https://openalex.org/W2056662969,https://doi.org/10.1504/ijcnds.2009.027597
5935,https://openalex.org/W2031133529,https://doi.org/10.1088/0963-0252/8/2/004
5936,https://openalex.org/W4280654060,https://doi.org/10.2174/1574362417666220513152540
5937,https://openalex.org/W1612992353,
5938,https://openalex.org/W3012345228,https://doi.org/10.5430/afr.v9n2p23
5939,https://openalex.org/W3004312754,https://doi.org/10.23919/eecsi48112.2019.8976921
5940,https://openalex.org/W1849505415,
5941,https://openalex.org/W3134573035,https://doi.org/10.1080/08956308.2021.1863111
5942,https://openalex.org/W3156968886,https://doi.org/10.33693/2541-8025-2021-17-1-69-74
5943,https://openalex.org/W4392166307,https://doi.org/10.3847/2041-8213/ad2764
5944,https://openalex.org/W2506102182,https://doi.org/10.1088/1742-6596/729/1/012003
5945,https://openalex.org/W2803989461,https://doi.org/10.1080/07421222.2018.1481661
5946,https://openalex.org/W4404187155,https://doi.org/10.3390/jcm13226722
5947,https://openalex.org/W1994165808,https://doi.org/10.2136/vzj2006.0179
5948,https://openalex.org/W2186798781,
5949,https://openalex.org/W2019914962,https://doi.org/10.1090/noti884
5950,https://openalex.org/W2897377998,https://doi.org/10.32508/stdj.v18i3.820
5951,https://openalex.org/W4312755548,https://doi.org/10.18323/2221-5662-2022-3-31-41
5952,https://openalex.org/W4394576060,https://doi.org/10.1080/09540962.2024.2336322
5953,https://openalex.org/W2155360833,https://doi.org/10.1109/leos.2003.1253003
5954,https://openalex.org/W4401393262,https://doi.org/10.1002/smll.202401551
5955,https://openalex.org/W3088453788,https://doi.org/10.3390/jcm9103104
5956,https://openalex.org/W2023455207,https://doi.org/10.1371/journal.pone.0042458
5957,https://openalex.org/W2049586207,https://doi.org/10.3126/jpn.v2i3.6016
5958,https://openalex.org/W4320018585,https://doi.org/10.1039/d3mh00072a
5959,https://openalex.org/W2403441396,https://doi.org/10.7883/yoken.jjid.2003.121
5960,https://openalex.org/W2003412209,https://doi.org/10.1210/en.2007-1812
5961,https://openalex.org/W1994747279,https://doi.org/10.1111/j.1365-2044.1983.tb14031.x
5962,https://openalex.org/W3091839203,https://doi.org/10.4102/hts.v76i3.6022
5963,https://openalex.org/W2982306658,https://doi.org/10.7150/jca.35951
5964,https://openalex.org/W2259363913,https://doi.org/10.1088/0022-3727/49/7/07lt01
5965,https://openalex.org/W2294640169,
5966,https://openalex.org/W3039992793,https://doi.org/10.1002/jsfa.10634
5967,https://openalex.org/W2592757791,https://doi.org/10.2118/183948-ms
5968,https://openalex.org/W4291219640,https://doi.org/10.1145/3552437.3555705
5969,https://openalex.org/W2075177133,https://doi.org/10.1074/jbc.m507127200
5970,https://openalex.org/W2323244348,https://doi.org/10.2307/2136410
5971,https://openalex.org/W3187827103,https://doi.org/10.1039/d1cp02406j
5972,https://openalex.org/W2414531794,https://doi.org/10.1177/030089167205800205
5973,https://openalex.org/W4313379092,https://doi.org/10.1080/10570314.2022.2153615
5974,https://openalex.org/W2020960998,https://doi.org/10.1109/tsp.2013.6613892
5975,https://openalex.org/W4368404609,https://doi.org/10.3390/proteomes11020016
5976,https://openalex.org/W2952058808,
5977,https://openalex.org/W2219338244,https://doi.org/10.1177/0894318415599217
5978,https://openalex.org/W4252122675,https://doi.org/10.1002/1096-9861(20001218)428:3<511::aid-cne8>3.3.co;2-9
5979,https://openalex.org/W2031289429,https://doi.org/10.1080/0022233x.1972.10131856
5980,https://openalex.org/W1983825351,https://doi.org/10.1039/p19720000199
5981,https://openalex.org/W1534054728,
5982,https://openalex.org/W2015459788,https://doi.org/10.1111/1467-9604.00249
5983,https://openalex.org/W4281738941,https://doi.org/10.1029/2021gb007261
5984,https://openalex.org/W2045296738,https://doi.org/10.1080/03601239209372769
5985,https://openalex.org/W4405087538,https://doi.org/10.34190/icair.4.1.3025
5986,https://openalex.org/W1777422638,https://doi.org/10.1103/physrevb.76.144430
5987,https://openalex.org/W2095260577,https://doi.org/10.1179/1743294414y.0000000423
5988,https://openalex.org/W2108333349,https://doi.org/10.1111/j.1399-3038.2012.01334.x
5989,https://openalex.org/W4393931114,https://doi.org/10.1016/j.dwt.2024.100249
5990,https://openalex.org/W2083758538,https://doi.org/10.1108/09654280310459130
5991,https://openalex.org/W2020824221,https://doi.org/10.1086/337878
5992,https://openalex.org/W3213622775,https://doi.org/10.3760/cma.j.cn112144-20210223-00086
5993,https://openalex.org/W2042596846,https://doi.org/10.1117/12.922786
5994,https://openalex.org/W2937420973,https://doi.org/10.12788/jhm.3196
5995,https://openalex.org/W2120669001,https://doi.org/10.1002/ajpa.22142
5996,https://openalex.org/W2301447381,https://doi.org/10.1002/ece3.1913
5997,https://openalex.org/W2015234703,https://doi.org/10.1046/j.1365-2923.1998.00215.x
5998,https://openalex.org/W2965702776,https://doi.org/10.1021/acsearthspacechem.9b00182
5999,https://openalex.org/W1973999121,https://doi.org/10.1063/1.4745770
6000,https://openalex.org/W2625189448,https://doi.org/10.12691/ijp-5-4-1
6001,https://openalex.org/W2765133642,https://doi.org/10.1080/20502877.2017.1387386
6002,https://openalex.org/W4319033743,https://doi.org/10.29103/micoms.v3i.232
6003,https://openalex.org/W4221052296,https://doi.org/10.1155/2022/2124070
6004,https://openalex.org/W4284670615,https://doi.org/10.3390/genes13071202
6005,https://openalex.org/W107183734,
6006,https://openalex.org/W2564254928,https://doi.org/10.2208/jscejipm.72.i_595
6007,https://openalex.org/W2103480029,https://doi.org/10.1186/1865-1380-4-52
6008,https://openalex.org/W2796351403,https://doi.org/10.2307/136656
6009,https://openalex.org/W2061804208,https://doi.org/10.1038/npre.2008.2054.1
6010,https://openalex.org/W2136425274,https://doi.org/10.1002/bit.10677
6011,https://openalex.org/W3088440558,https://doi.org/10.54437/urwatulwutsqo.v9i2.185
6012,https://openalex.org/W2416512485,https://doi.org/10.3167/fcl.2016.750101
6013,https://openalex.org/W3148406042,
6014,https://openalex.org/W2107371544,https://doi.org/10.1080/00224545.1995.9712231
6015,https://openalex.org/W4390367242,https://doi.org/10.20944/preprints202312.2197.v1
6016,https://openalex.org/W2095387805,https://doi.org/10.2135/cropsci2003.3290
6017,https://openalex.org/W2615144563,https://doi.org/10.1016/s2214-1235(15)30176-9
6018,https://openalex.org/W2022866455,https://doi.org/10.1115/pvp2003-2122
6019,https://openalex.org/W2167185244,https://doi.org/10.1136/vr.148.5.142
6020,https://openalex.org/W4319017574,https://doi.org/10.3390/life13020421
6021,https://openalex.org/W4403387665,https://doi.org/10.1088/1741-4326/ad8666
6022,https://openalex.org/W2969746798,https://doi.org/10.3324/haematol.2019.220871
6023,https://openalex.org/W2789335164,https://doi.org/10.1109/csitechnol.2017.8312128
6024,https://openalex.org/W2918230835,
6025,https://openalex.org/W2030265955,https://doi.org/10.1103/physrevlett.82.462
6026,https://openalex.org/W3012225271,https://doi.org/10.1021/acsinfecdis.9b00409
6027,https://openalex.org/W2259034203,
6028,https://openalex.org/W1974767016,https://doi.org/10.1080/00933104.2013.836382
6029,https://openalex.org/W3030936501,https://doi.org/10.1371/journal.pone.0233388
6030,https://openalex.org/W2785718782,https://doi.org/10.1088/1748-3190/aaa2cd
6031,https://openalex.org/W1974677264,https://doi.org/10.1111/1467-8659.00408
6032,https://openalex.org/W3098235720,https://doi.org/10.1016/j.promfg.2020.10.063
6033,https://openalex.org/W4403733890,https://doi.org/10.3390/app14219706
6034,https://openalex.org/W3209389171,https://doi.org/10.1029/2021jc017315
6035,https://openalex.org/W2145500535,https://doi.org/10.1136/oemed-2011-100259
6036,https://openalex.org/W2324464759,https://doi.org/10.2166/ws.2014.060
6037,https://openalex.org/W2944708026,https://doi.org/10.1039/c9cc01560d
6038,https://openalex.org/W1903501951,https://doi.org/10.1111/j.1467-9930.1982.tb00273.x
6039,https://openalex.org/W4376636400,https://doi.org/10.30872/diglosia.v6i2.639
6040,https://openalex.org/W4235308510,https://doi.org/10.1055/s-2008-1078584
6041,https://openalex.org/W3122678901,
6042,https://openalex.org/W1747660207,https://doi.org/10.15835/nsb739592
6043,https://openalex.org/W1987672192,https://doi.org/10.4028/www.scientific.net/msf.471-472.844
6044,https://openalex.org/W1559861960,https://doi.org/10.1113/jphysiol.2003.051136
6045,https://openalex.org/W2951701605,https://doi.org/10.1051/0004-6361/201014739
6046,https://openalex.org/W1658545,https://doi.org/10.1182/blood.v95.10.3262
6047,https://openalex.org/W2072763952,https://doi.org/10.1039/jr9520003675
6048,https://openalex.org/W4387219643,https://doi.org/10.1016/j.triboint.2023.108987
6049,https://openalex.org/W4403305940,https://doi.org/10.1055/a-2378-6926
6050,https://openalex.org/W2036518895,https://doi.org/10.1096/fj.14-258939
6051,https://openalex.org/W2113477199,https://doi.org/10.1111/j.1467-9310.1990.tb00718.x
6052,https://openalex.org/W2565716088,https://doi.org/10.1093/ajlh/52.4.520
6053,https://openalex.org/W2061451796,https://doi.org/10.1002/1097-4571(2000)9999:9999<::aid-asi1047>3.0.co;2-t
6054,https://openalex.org/W2061539138,https://doi.org/10.1109/animma.2013.6727942
6055,https://openalex.org/W773520781,
6056,https://openalex.org/W4245696840,https://doi.org/10.2298/bah2102099v
6057,https://openalex.org/W2549769174,https://doi.org/10.1109/jmmct.2016.2630721
6058,https://openalex.org/W4233689498,https://doi.org/10.2307/2006155
6059,https://openalex.org/W4389045855,https://doi.org/10.1103/physrevd.108.106020
6060,https://openalex.org/W3106172173,
6061,https://openalex.org/W2245383229,
6062,https://openalex.org/W2117616731,https://doi.org/10.1109/ispa.2005.195415
6063,https://openalex.org/W4387521833,https://doi.org/10.61093/sec.7(3).184-199.2023
6064,https://openalex.org/W2285747616,https://doi.org/10.1109/icce-berlin.2015.7391278
6065,https://openalex.org/W2003696821,https://doi.org/10.1001/jama.1941.02820440033008
6066,https://openalex.org/W2130138900,https://doi.org/10.1099/0022-1317-81-9-2123
6067,https://openalex.org/W4243770611,https://doi.org/10.1002/ange.201307984
6068,https://openalex.org/W2763929814,https://doi.org/10.4018/ijagr.2018010101
6069,https://openalex.org/W2323036426,https://doi.org/10.1021/ja01865a504
6070,https://openalex.org/W1984307368,https://doi.org/10.1016/s0736-0266(01)00028-6
6071,https://openalex.org/W4406135608,https://doi.org/10.1098/rspb.2024.2471
6072,https://openalex.org/W2065078894,https://doi.org/10.1209/epl/i2006-10064-2
6073,https://openalex.org/W2130992886,https://doi.org/10.1111/1468-2281.00067
6074,https://openalex.org/W2349181682,
6075,https://openalex.org/W4245841024,https://doi.org/10.1002/sys.20105
6076,https://openalex.org/W2356095105,
6077,https://openalex.org/W2043847489,https://doi.org/10.1096/fj.05-4412fje
6078,https://openalex.org/W2027577066,https://doi.org/10.1080/135468097396342
6079,https://openalex.org/W2894624991,https://doi.org/10.1109/asar.2018.8480394
6080,https://openalex.org/W2970817504,https://doi.org/10.2514/1.c035521
6081,https://openalex.org/W3212085523,https://doi.org/10.1098/rsta.2020.0277
6082,https://openalex.org/W1990027410,https://doi.org/10.2108/zsj.23.955
6083,https://openalex.org/W2613584075,https://doi.org/10.9790/9622-0705013340
6084,https://openalex.org/W4307320867,https://doi.org/10.14444/8363
6085,https://openalex.org/W2089790027,https://doi.org/10.2478/v10210-011-0015-6
6086,https://openalex.org/W2018319024,https://doi.org/10.1097/00000658-199207000-00011
6087,https://openalex.org/W2965683172,https://doi.org/10.1364/optica.6.000991
6088,https://openalex.org/W2910145970,https://doi.org/10.1182/blood-2018-99-119931
6089,https://openalex.org/W2060849649,https://doi.org/10.1097/00006982-199010001-00007
6090,https://openalex.org/W3027980681,https://doi.org/10.15649/cuidarte.1226
6091,https://openalex.org/W2021925073,https://doi.org/10.1002/jlcr.2580340308
6092,https://openalex.org/W2186924693,https://doi.org/10.30684/etj.27.2.4
6093,https://openalex.org/W2134841199,https://doi.org/10.1364/ao.52.004123
6094,https://openalex.org/W2022350326,https://doi.org/10.1080/09515080802703620
6095,https://openalex.org/W148231119,https://doi.org/10.26076/403e-0d46
6096,https://openalex.org/W3037097539,https://doi.org/10.1088/1361-648x/ab9f4e
6097,https://openalex.org/W822665728,https://doi.org/10.1515/bpasts-2015-0004
6098,https://openalex.org/W1978429474,https://doi.org/10.2190/1h2k-q6h4-8ped-x2aj
6099,https://openalex.org/W2976118516,https://doi.org/10.24304/kjcp.2019.29.3.147
6100,https://openalex.org/W2967240566,https://doi.org/10.15804/tner.2016.44.2.01
6101,https://openalex.org/W4285390462,https://doi.org/10.1029/2022ef002746
6102,https://openalex.org/W2014158652,https://doi.org/10.1109/tro.2012.2214556
6103,https://openalex.org/W2916715433,
6104,https://openalex.org/W2104965630,https://doi.org/10.1002/cpe.1904
6105,https://openalex.org/W4386631103,https://doi.org/10.1109/emcsipi50001.2023.10241408
6106,https://openalex.org/W1994059088,https://doi.org/10.1055/s-2003-38151
6107,https://openalex.org/W2022110996,https://doi.org/10.1093/carcin/16.9.2271
6108,https://openalex.org/W4388846924,https://doi.org/10.1145/3633457
6109,https://openalex.org/W3017282194,https://doi.org/10.1111/jtxs.12525
6110,https://openalex.org/W2090993566,https://doi.org/10.1039/dt9760000714
6111,https://openalex.org/W2013011069,https://doi.org/10.1080/00207239108710647
6112,https://openalex.org/W1995354075,https://doi.org/10.1002/zaac.200700080
6113,https://openalex.org/W2095637810,
6114,https://openalex.org/W1520752161,
6115,https://openalex.org/W2556170607,https://doi.org/10.1186/s40337-016-0124-0
6116,https://openalex.org/W4379601059,https://doi.org/10.2174/1871526523666230605160222
6117,https://openalex.org/W2010508195,https://doi.org/10.1080/00102208708947051
6118,https://openalex.org/W2098466042,https://doi.org/10.1103/physrevlett.99.247205
6119,https://openalex.org/W2088929015,https://doi.org/10.1021/j100667a010
6120,https://openalex.org/W290107612,https://doi.org/10.2307/30037068
6121,https://openalex.org/W2098907233,https://doi.org/10.1590/s0074-02761999000300019
6122,https://openalex.org/W2000399626,https://doi.org/10.1016/0029-7844(96)00200-1
6123,https://openalex.org/W3166976658,https://doi.org/10.15829/1560-4071-2021-4379
6124,https://openalex.org/W2895266179,https://doi.org/10.1142/s0192415x18500805
6125,https://openalex.org/W7065642392,
6126,https://openalex.org/W2156804011,https://doi.org/10.1002/gcc.20158
6127,https://openalex.org/W2619020088,https://doi.org/10.1002/ana.24968
6128,https://openalex.org/W2472324110,https://doi.org/10.1080/19434472.2016.1198412
6129,https://openalex.org/W2526601380,https://doi.org/10.1063/1.4949142
6130,https://openalex.org/W2129282928,https://doi.org/10.1109/dexa.2003.1232088
6131,https://openalex.org/W1799757670,https://doi.org/10.1111/j.1600-0404.2009.01259.x
6132,https://openalex.org/W3154516541,https://doi.org/10.31254/jahm.2021.7107
6133,https://openalex.org/W2414289348,
6134,https://openalex.org/W2293692565,https://doi.org/10.1080/07347332.2015.1127306
6135,https://openalex.org/W370322714,https://doi.org/10.1299/kikaib.50.2579
6136,https://openalex.org/W4205217231,https://doi.org/10.1021/acs.analchem.1c00640
6137,https://openalex.org/W4295777362,https://doi.org/10.21608/jpp.2000.259132
6138,https://openalex.org/W2329524360,https://doi.org/10.1039/c5sc03946k
6139,https://openalex.org/W2983421014,https://doi.org/10.32479/ijeep.8506
6140,https://openalex.org/W2013776041,https://doi.org/10.1109/tbme.2015.2420851
6141,https://openalex.org/W4220686242,https://doi.org/10.21203/rs.3.rs-1413803/v1
6142,https://openalex.org/W2079949652,https://doi.org/10.1136/bmj.d3394
6143,https://openalex.org/W1975941380,https://doi.org/10.1111/j.1479-828x.2006.00592.x
6144,https://openalex.org/W2039464406,https://doi.org/10.1007/bf02348329
6145,https://openalex.org/W1820490589,https://doi.org/10.1093/ndt/9.11.1611
6146,https://openalex.org/W2953355669,https://doi.org/10.1002/ange.200500291
6147,https://openalex.org/W4320084323,https://doi.org/10.24919/2308-4863/57-1-6
6148,https://openalex.org/W2822141983,https://doi.org/10.1080/15384101.2018.1496738
6149,https://openalex.org/W1966002548,https://doi.org/10.1063/1.2948639
6150,https://openalex.org/W2016605596,https://doi.org/10.1179/030192310x12628786049279
6151,https://openalex.org/W2094429365,https://doi.org/10.1002/bjs.1800820709
6152,https://openalex.org/W1968545999,https://doi.org/10.1109/metroaerospace.2014.6865974
6153,https://openalex.org/W2790230962,https://doi.org/10.3389/fncir.2018.00016
6154,https://openalex.org/W2021507178,https://doi.org/10.1364/laop.2010.wi2
6155,https://openalex.org/W192312693,https://doi.org/10.2147/ndt.s32635
6156,https://openalex.org/W2895010809,https://doi.org/10.1086/700272
6157,https://openalex.org/W2394651831,https://doi.org/10.1242/dev.128.7.1081
6158,https://openalex.org/W2106338393,https://doi.org/10.17159/2413-3051/2014/v25i3a2659
6159,https://openalex.org/W4251155323,https://doi.org/10.31032/ijbpas/2018/7.5.4435
6160,https://openalex.org/W2407002361,
6161,https://openalex.org/W2010972302,https://doi.org/10.1210/jcem-57-6-1245
6162,https://openalex.org/W1544759605,
6163,https://openalex.org/W4232896721,https://doi.org/10.5858/133.3.388
6164,https://openalex.org/W2972926389,https://doi.org/10.22034/gjesm.2020.01.03
6165,https://openalex.org/W2059419277,https://doi.org/10.5090/kjtcs.2012.45.4.260
6166,https://openalex.org/W1881411051,https://doi.org/10.1046/j.1365-2699.2001.00560.x
6167,https://openalex.org/W2999186648,https://doi.org/10.1364/oe.424165
6168,https://openalex.org/W2162153808,https://doi.org/10.1152/ajpheart.1987.253.2.h380
6169,https://openalex.org/W2113664223,https://doi.org/10.1192/pb.18.12.773-a
6170,https://openalex.org/W3155504427,https://doi.org/10.1090/jams/1014
6171,https://openalex.org/W2090768933,https://doi.org/10.1163/156939302x00165
6172,https://openalex.org/W2026080341,https://doi.org/10.3899/jrheum.130460
6173,https://openalex.org/W2131867119,https://doi.org/10.5194/os-11-175-2015
6174,https://openalex.org/W4402067192,https://doi.org/10.1016/j.jmrt.2024.08.197
6175,https://openalex.org/W2430961308,
6176,https://openalex.org/W330145653,https://doi.org/10.13140/2.1.3244.4802
6177,https://openalex.org/W2911257709,https://doi.org/10.1080/20018525.2019.1579632
6178,https://openalex.org/W4320496595,https://doi.org/10.3390/catal13020394
6179,https://openalex.org/W2014318340,https://doi.org/10.1111/jeb.12605
6180,https://openalex.org/W4308694171,https://doi.org/10.5005/jp-journals-10024-3380
6181,https://openalex.org/W2077037957,https://doi.org/10.1111/j.1540-5885.2006.00219.x
6182,https://openalex.org/W2010588413,https://doi.org/10.1127/0935-1221/2003/0015-0455
6183,https://openalex.org/W2356605451,
6184,https://openalex.org/W2024174451,https://doi.org/10.2304/elea.2012.9.4.375
6185,https://openalex.org/W1973612113,https://doi.org/10.3354/cr00773
6186,https://openalex.org/W1533690164,https://doi.org/10.1002/jms.3049
6187,https://openalex.org/W2317967461,https://doi.org/10.1515/zna-2005-8-912
6188,https://openalex.org/W2032691746,https://doi.org/10.1002/app.34208
6189,https://openalex.org/W2159584322,https://doi.org/10.1287/mnsc.31.11.1409
6190,https://openalex.org/W2323967116,https://doi.org/10.1267/ahc.19.73
6191,https://openalex.org/W3035202438,https://doi.org/10.3390/su12114777
6192,https://openalex.org/W1492151964,https://doi.org/10.1109/ibp.2015.7230771
6193,https://openalex.org/W2328808393,https://doi.org/10.2514/6.2005-3315
6194,https://openalex.org/W2168468502,https://doi.org/10.1117/12.7976755
6195,https://openalex.org/W6920850284,https://doi.org/10.6084/m9.figshare.13082534.v1
6196,https://openalex.org/W1599995024,
6197,https://openalex.org/W1969201282,https://doi.org/10.1080/00131946.2011.540984
6198,https://openalex.org/W7051883997,
6199,https://openalex.org/W7010144049,
6200,https://openalex.org/W3197873479,https://doi.org/10.2351/7.0000437
6201,https://openalex.org/W181613588,
6202,https://openalex.org/W7070167344,
6203,https://openalex.org/W4321605696,https://doi.org/10.1088/1751-8121/acbe80
6204,https://openalex.org/W2972378698,https://doi.org/10.32461/2226-3209.2.2019.177521
6205,https://openalex.org/W2185159827,https://doi.org/10.1016/j.nima.2015.11.083
6206,https://openalex.org/W3149890088,
6207,https://openalex.org/W2063687309,https://doi.org/10.1002/adfm.201402234
6208,https://openalex.org/W3165068730,https://doi.org/10.26896/1028-6861-2021-87-5-61-67
6209,https://openalex.org/W4413098013,https://doi.org/10.1007/s11051-025-06393-0
6210,https://openalex.org/W2043244802,https://doi.org/10.1097/01.prs.0000435844.95551.35
6211,https://openalex.org/W4282832593,https://doi.org/10.1109/imbioc52515.2022.9790118
6212,https://openalex.org/W100802125,
6213,https://openalex.org/W4378765489,https://doi.org/10.48550/arxiv.2305.17566
6214,https://openalex.org/W2095113317,https://doi.org/10.13031/2013.19361
6215,https://openalex.org/W1809869182,https://doi.org/10.15587/2313-8416.2015.47214
6216,https://openalex.org/W2980283429,https://doi.org/10.1182/blood.v126.23.61.61
6217,https://openalex.org/W4406171371,https://doi.org/10.3390/electronics14020243
6218,https://openalex.org/W2914305455,https://doi.org/10.1289/isee.2013.p-1-08-19
6219,https://openalex.org/W7087650341,https://doi.org/10.1136/rapm-00115550-200805000-00005
6220,https://openalex.org/W6991758423,
6221,https://openalex.org/W1989242174,https://doi.org/10.4028/www.scientific.net/kem.462-463.1409
6222,https://openalex.org/W2140921400,https://doi.org/10.5281/zenodo.38555
6223,https://openalex.org/W2796320544,https://doi.org/10.15421/2018_317
6224,https://openalex.org/W2016487036,https://doi.org/10.1159/000318603
6225,https://openalex.org/W3006550401,
6226,https://openalex.org/W2188169968,
6227,https://openalex.org/W2072285476,https://doi.org/10.1016/0035-9203(78)90224-9
6228,https://openalex.org/W2413964820,
6229,https://openalex.org/W3165348994,https://doi.org/10.14341/omet2017438-45
6230,https://openalex.org/W3172659812,https://doi.org/10.3390/nu13062024
6231,https://openalex.org/W2050259931,https://doi.org/10.4064/bc76-0-4
6232,https://openalex.org/W1581402845,
6233,https://openalex.org/W1463691283,
6234,https://openalex.org/W1993723366,https://doi.org/10.1118/1.594914
6235,https://openalex.org/W2128034913,https://doi.org/10.1145/1066157.1066217
6236,https://openalex.org/W4255840982,https://doi.org/10.1128/mcb.4.7.1270-1277.1984
6237,https://openalex.org/W1987266531,https://doi.org/10.1139/m62-090
6238,https://openalex.org/W2334351257,https://doi.org/10.1071/mu913122
6239,https://openalex.org/W2127810858,https://doi.org/10.1109/icassp.1986.1168945
6240,https://openalex.org/W6911021947,https://doi.org/10.5073/jabfq.2007.081.018
6241,https://openalex.org/W2740668659,
6242,https://openalex.org/W2012453207,https://doi.org/10.1103/physrevlett.113.205701
6243,https://openalex.org/W3113607091,https://doi.org/10.1109/elecom49001.2020.9297005
6244,https://openalex.org/W4282549663,https://doi.org/10.1186/s12883-022-02745-8
6245,https://openalex.org/W2138714006,https://doi.org/10.1016/0014-5793(91)81016-2
6246,https://openalex.org/W2793204277,https://doi.org/10.4043/28314-ms
6247,https://openalex.org/W2409373867,https://doi.org/10.1080/17441692.2016.1187191
6248,https://openalex.org/W4406184943,https://doi.org/10.33084/bjop.v7i4.4712
6249,https://openalex.org/W2139137059,https://doi.org/10.1109/tip.2012.2207392
6250,https://openalex.org/W2789461879,https://doi.org/10.18535/jmscr/v6i3.30
6251,https://openalex.org/W1529552938,https://doi.org/10.5555/42040.42104
6252,https://openalex.org/W1969404212,https://doi.org/10.1116/1.3222909
6253,https://openalex.org/W3011453582,https://doi.org/10.1061/(asce)mt.1943-5533.0003192
6254,https://openalex.org/W2010967441,https://doi.org/10.1097/wox.0b013e3181aadb16
6255,https://openalex.org/W3176012395,https://doi.org/10.3233/epl-201004
6256,https://openalex.org/W1971124289,https://doi.org/10.1021/jp021358f
6257,https://openalex.org/W2002563315,https://doi.org/10.1103/physrevlett.98.128001
6258,https://openalex.org/W4377030709,https://doi.org/10.1016/j.triboint.2023.108601
6259,https://openalex.org/W2583927402,https://doi.org/10.1175/mwr-d-16-0160.1
6260,https://openalex.org/W2091559392,https://doi.org/10.1109/28.567113
6261,https://openalex.org/W1970524676,https://doi.org/10.1136/bmj.287.6400.1219-b
6262,https://openalex.org/W3107471280,https://doi.org/10.1016/j.geomorph.2020.107528
6263,https://openalex.org/W2375981314,
6264,https://openalex.org/W2361280886,
6265,https://openalex.org/W3039767651,https://doi.org/10.1093/ahr/rhz1064
6266,https://openalex.org/W2409186072,https://doi.org/10.1021/jm00364a017
6267,https://openalex.org/W4311361835,https://doi.org/10.1021/acsomega.2c05988
6268,https://openalex.org/W4401331982,https://doi.org/10.1103/physrevresearch.6.l032029
6269,https://openalex.org/W4406451892,https://doi.org/10.1057/s41599-025-04368-z
6270,https://openalex.org/W2020095683,https://doi.org/10.1016/j.egypro.2013.06.711
6271,https://openalex.org/W1935535498,https://doi.org/10.1665/034.024.0105
6272,https://openalex.org/W3028060815,https://doi.org/10.3934/publichealth.2020026
6273,https://openalex.org/W3165233741,https://doi.org/10.1016/j.matcom.2021.05.011
6274,https://openalex.org/W2162739310,https://doi.org/10.3121/cmr.1.3.233
6275,https://openalex.org/W2039215350,https://doi.org/10.1182/blood-2012-09-457036
6276,https://openalex.org/W2419018350,
6277,https://openalex.org/W2056893346,https://doi.org/10.1029/98eo00438
6278,https://openalex.org/W2134338499,
6279,https://openalex.org/W3006141532,
6280,https://openalex.org/W2055020674,https://doi.org/10.1021/jo802716v
6281,https://openalex.org/W2186234581,https://doi.org/10.5249/jivr.v8i1.610
6282,https://openalex.org/W2346719123,
6283,https://openalex.org/W3005335576,https://doi.org/10.1200/jco.2020.38.5_suppl.51
6284,https://openalex.org/W2743306763,
6285,https://openalex.org/W2340318412,https://doi.org/10.1108/pm-05-2015-0024
6286,https://openalex.org/W2796787512,https://doi.org/10.1080/13811118.2018.1456384
6287,https://openalex.org/W2951074358,https://doi.org/10.3390/su11123457
6288,https://openalex.org/W2126691849,https://doi.org/10.1111/j.1440-1819.1997.tb03202.x
6289,https://openalex.org/W2093455243,https://doi.org/10.1161/01.str.0000081224.15480.52
6290,https://openalex.org/W2146839209,https://doi.org/10.5897/ajb11.3197
6291,https://openalex.org/W4255621902,https://doi.org/10.1021/ac50130a020
6292,https://openalex.org/W3216669776,https://doi.org/10.1056/nejm196905012801801
6293,https://openalex.org/W3116870294,https://doi.org/10.31163/2618-964x-2020-3-4-578-588
6294,https://openalex.org/W4405467348,https://doi.org/10.1016/j.trac.2024.118109
6295,https://openalex.org/W2124026121,https://doi.org/10.1109/ipps.1997.580919
6296,https://openalex.org/W2142099066,https://doi.org/10.1103/physrevlett.95.263203
6297,https://openalex.org/W2379840412,
6298,https://openalex.org/W2902769478,https://doi.org/10.1002/yea.3370
6299,https://openalex.org/W6929366677,https://doi.org/10.48550/arxiv.cond-mat/9510093
6300,https://openalex.org/W4281761984,https://doi.org/10.1016/j.fct.2022.113225
6301,https://openalex.org/W2031116570,https://doi.org/10.1179/019713686806028041
6302,https://openalex.org/W3094121941,https://doi.org/10.21533/pen.v8i4.1705.g694
6303,https://openalex.org/W4296876647,https://doi.org/10.1111/hsc.14040
6304,https://openalex.org/W2531643005,
6305,https://openalex.org/W2102823748,https://doi.org/10.1128/aem.71.10.6121-6125.2005
6306,https://openalex.org/W1964631034,https://doi.org/10.1002/ejlt.200700310
6307,https://openalex.org/W2973655045,https://doi.org/10.1177/0284185119875019
6308,https://openalex.org/W2138842623,https://doi.org/10.1093/mollus/eyi044
6309,https://openalex.org/W2124119170,https://doi.org/10.1109/20.767367
6310,https://openalex.org/W2471933862,https://doi.org/10.1249/mss.0000000000001009
6311,https://openalex.org/W2008286696,https://doi.org/10.1080/1539445x.2012.735315
6312,https://openalex.org/W2134687374,https://doi.org/10.1136/oemed-2013-101940
6313,https://openalex.org/W1999469068,https://doi.org/10.1364/ol.12.000431
6314,https://openalex.org/W2123102670,https://doi.org/10.1109/igarss.2000.861692
6315,https://openalex.org/W2133451077,
6316,https://openalex.org/W910578938,https://doi.org/10.1096/fasebj.29.1_supplement.690.4
6317,https://openalex.org/W2740862170,https://doi.org/10.1097/prs.0000000000003517
6318,https://openalex.org/W4301174453,https://doi.org/10.2307/26423878
6319,https://openalex.org/W2000914804,https://doi.org/10.1142/9789812772657_0011
6320,https://openalex.org/W2592116127,https://doi.org/10.9790/0853-1603010507
6321,https://openalex.org/W4213082006,https://doi.org/10.26226/morressier.58f5b033d462b80296c9df0f
6322,https://openalex.org/W2022702734,https://doi.org/10.1038/ismej.2014.119
6323,https://openalex.org/W4311633593,https://doi.org/10.3389/fphy.2022.1094240
6324,https://openalex.org/W2048086821,https://doi.org/10.1115/imece2005-82027
6325,https://openalex.org/W2996086560,https://doi.org/10.1051/e3sconf/201913901085
6326,https://openalex.org/W2954734260,https://doi.org/10.1128/aac.02425-18
6327,https://openalex.org/W4200336892,https://doi.org/10.1016/j.dib.2021.107668
6328,https://openalex.org/W2588797876,https://doi.org/10.1093/oxfordjournals.jhered.a108803
6329,https://openalex.org/W4387676623,https://doi.org/10.51498/putih.v8i2.103
6330,https://openalex.org/W2005231101,https://doi.org/10.1002/cncr.22316
6331,https://openalex.org/W2029100199,https://doi.org/10.1103/physrevb.68.064401
6332,https://openalex.org/W1983939474,https://doi.org/10.1080/00288306.2006.9515148
6333,https://openalex.org/W3012019178,https://doi.org/10.1109/cdc40024.2019.9029609
6334,https://openalex.org/W1500365126,https://doi.org/10.1111/j.1365-2230.2011.04118.x
6335,https://openalex.org/W3175641574,https://doi.org/10.3390/jcm10132781
6336,https://openalex.org/W1976792094,https://doi.org/10.1115/1.3454422
6337,https://openalex.org/W2029103084,https://doi.org/10.1093/jee/89.6.1521
6338,https://openalex.org/W2317026027,https://doi.org/10.2174/157341112800392571
6339,https://openalex.org/W3130809224,https://doi.org/10.1093/inthealth/ihab003
6340,https://openalex.org/W3013588000,https://doi.org/10.20533/ijisr.2042.4639.2019.0101
6341,https://openalex.org/W2791312728,https://doi.org/10.1002/hast.810
6342,https://openalex.org/W2596677655,https://doi.org/10.5194/bg-14-1189-2017
6343,https://openalex.org/W2804977045,https://doi.org/10.14232/analecta.2017.2.10-15
6344,https://openalex.org/W4213437290,https://doi.org/10.17582/journal.pjar/2022/35.1.105.114
6345,https://openalex.org/W2524111760,https://doi.org/10.1177/016934411102900202
6346,https://openalex.org/W2767299446,https://doi.org/10.1109/ceec.2017.8101595
6347,https://openalex.org/W2130894765,https://doi.org/10.3168/jds.s0022-0302(93)77320-8
6348,https://openalex.org/W2068052469,https://doi.org/10.2307/977386
6349,https://openalex.org/W2050877434,https://doi.org/10.1615/interfacphenomheattransfer.v1.i4.10
6350,https://openalex.org/W2331226910,https://doi.org/10.3181/00379727-72-17441
6351,https://openalex.org/W2029871527,https://doi.org/10.1215/1089201x-2009-007
6352,https://openalex.org/W2113892994,https://doi.org/10.1109/icnsc.2008.4525172
6353,https://openalex.org/W2739510030,https://doi.org/10.1177/0309324717719212
6354,https://openalex.org/W2037109911,https://doi.org/10.5555/1487652.1487679
6355,https://openalex.org/W2906563102,https://doi.org/10.3390/nano9010011
6356,https://openalex.org/W2923766898,https://doi.org/10.1177/183693911403900404
6357,https://openalex.org/W4387572664,https://doi.org/10.53871/2078-8134.2023.3-12
6358,https://openalex.org/W4210453013,https://doi.org/10.3233/thc-thc228029
6359,https://openalex.org/W2185636145,https://doi.org/10.5897/ajbr.9000222
6360,https://openalex.org/W4396882112,https://doi.org/10.4230/lipics.approx/random.2024.1
6361,https://openalex.org/W2335516415,https://doi.org/10.1093/aesa/68.2.311
6362,https://openalex.org/W2593313990,https://doi.org/10.9787/kjbs.2016.48.4.529
6363,https://openalex.org/W2033844399,https://doi.org/10.1071/wf00010
6364,https://openalex.org/W950325709,https://doi.org/10.7282/t33x86rq
6365,https://openalex.org/W638269048,
6366,https://openalex.org/W2014021455,https://doi.org/10.3390/s131013143
6367,https://openalex.org/W3080768635,https://doi.org/10.1111/jocd.13635
6368,https://openalex.org/W2070862864,https://doi.org/10.1002/j.2334-5837.2002.tb02539.x
6369,https://openalex.org/W1966016012,https://doi.org/10.1001/archsurg.1982.01380290074013
6370,https://openalex.org/W2033367179,https://doi.org/10.1615/multscientechn.v21.i1-2.10
6371,https://openalex.org/W2367284896,
6372,https://openalex.org/W4406832836,https://doi.org/10.1186/s12885-025-13489-2
6373,https://openalex.org/W2075290908,https://doi.org/10.1177/001316448304300240
6374,https://openalex.org/W4303983265,https://doi.org/10.1002/bdr2.2102
6375,https://openalex.org/W4376120071,https://doi.org/10.1061/jtepbs.teeng-7899
6376,https://openalex.org/W4200171292,https://doi.org/10.1016/j.ifacol.2021.12.010
6377,https://openalex.org/W2519948496,https://doi.org/10.1051/e3sconf/20160914004
6378,https://openalex.org/W2073888562,https://doi.org/10.1071/ch9961067
6379,https://openalex.org/W2124698774,https://doi.org/10.1161/01.atv.11.4.872
6380,https://openalex.org/W4391441309,https://doi.org/10.5962/p.342150
6381,https://openalex.org/W3138480175,https://doi.org/10.1109/irmmw-thz46771.2020.9370752
6382,https://openalex.org/W1995728702,https://doi.org/10.1136/bmj.1.5082.1286
6383,https://openalex.org/W3156756389,https://doi.org/10.35219/eai15840409101
6384,https://openalex.org/W2333856897,https://doi.org/10.3919/jjsa.73.2137
6385,https://openalex.org/W4309332631,https://doi.org/10.1063/5.0127557
6386,https://openalex.org/W3194372858,https://doi.org/10.1080/24745332.2021.1946448
6387,https://openalex.org/W2036249978,https://doi.org/10.1504/ijlic.2004.005709
6388,https://openalex.org/W2532412475,https://doi.org/10.1093/mnras/stw2704
6389,https://openalex.org/W3036253146,https://doi.org/10.1101/2020.06.19.162248
6390,https://openalex.org/W2063693603,https://doi.org/10.1300/j010v16n02_08
6391,https://openalex.org/W2320634639,https://doi.org/10.1093/clinids/13.3.373
6392,https://openalex.org/W2151454788,https://doi.org/10.1111/j.2042-7158.1994.tb03729.x
6393,https://openalex.org/W1521002306,https://doi.org/10.1029/2010gl046129
6394,https://openalex.org/W2320391390,https://doi.org/10.1097/mou.0b013e32834b7e1b
6395,https://openalex.org/W2057174513,https://doi.org/10.1088/1674-1056/17/8/001
6396,https://openalex.org/W4390678398,https://doi.org/10.1109/techdefense59795.2023.10380909
6397,https://openalex.org/W1991984638,https://doi.org/10.1063/1.3322304
6398,https://openalex.org/W2312435242,https://doi.org/10.2508/chikusan.58.714
6399,https://openalex.org/W2312913308,https://doi.org/10.1515/ijnsns.2005.6.4.435
6400,https://openalex.org/W3032152751,https://doi.org/10.1200/jco.2020.38.15_suppl.e12537
6401,https://openalex.org/W4289952947,https://doi.org/10.3174/ajnr.a7596
6402,https://openalex.org/W3001867526,https://doi.org/10.1155/2020/2852181
6403,https://openalex.org/W4404586965,https://doi.org/10.3390/ma17235695
6404,https://openalex.org/W4391325294,https://doi.org/10.1093/conphys/coad108
6405,https://openalex.org/W2154088147,https://doi.org/10.3109/00016349509008939
6406,https://openalex.org/W2148109568,https://doi.org/10.1111/j.1469-8986.2008.00663.x
6407,https://openalex.org/W2086677925,https://doi.org/10.1080/03071846209428669
6408,https://openalex.org/W78046797,
6409,https://openalex.org/W2110244141,https://doi.org/10.1109/jlt.2007.905891
6410,https://openalex.org/W2116755417,https://doi.org/10.2174/1570161111311030004
6411,https://openalex.org/W2726600420,https://doi.org/10.1016/j.eurpsy.2017.01.036
6412,https://openalex.org/W276245677,
6413,https://openalex.org/W3047402740,https://doi.org/10.1111/bju.15197
6414,https://openalex.org/W2333259307,
6415,https://openalex.org/W4247156488,https://doi.org/10.1520/jfs16126j
6416,https://openalex.org/W2088773990,https://doi.org/10.1364/ps.2010.pwd3
6417,https://openalex.org/W2030863609,https://doi.org/10.1145/1315903.1315909
6418,https://openalex.org/W2013294597,https://doi.org/10.1002/gj.961
6419,https://openalex.org/W2116855181,https://doi.org/10.1002/app.1540
6420,https://openalex.org/W2904556611,https://doi.org/10.1073/pnas.1807684115
6421,https://openalex.org/W2133573498,https://doi.org/10.1109/wicom.2008.1323
6422,https://openalex.org/W2058749395,https://doi.org/10.1068/c160395
6423,https://openalex.org/W2000948604,https://doi.org/10.1152/ajplung.00432.2004
6424,https://openalex.org/W2418182801,
6425,https://openalex.org/W2943446439,https://doi.org/10.13102/sociobiology.v66i1.3492
6426,https://openalex.org/W2170783628,https://doi.org/10.1351/pac-rep-10-07-02
6427,https://openalex.org/W2724984895,https://doi.org/10.1109/cec.2017.7969398
6428,https://openalex.org/W1552359778,https://doi.org/10.4049/jimmunol.149.11.3535
6429,https://openalex.org/W4405438951,https://doi.org/10.1016/j.hybadv.2024.100358
6430,https://openalex.org/W4283009734,https://doi.org/10.1128/spectrum.00117-22
6431,https://openalex.org/W4246809937,https://doi.org/10.1080/0034408520470111
6432,https://openalex.org/W1531377717,https://doi.org/10.1128/jb.94.3.650-659.1967
6433,https://openalex.org/W2307682716,
6434,https://openalex.org/W1982523877,https://doi.org/10.1145/224401.224674
6435,https://openalex.org/W2149448947,https://doi.org/10.1364/josab.13.000818
6436,https://openalex.org/W2089490005,https://doi.org/10.1021/jp800191p
6437,https://openalex.org/W2018765988,https://doi.org/10.1152/ajplung.00227.2014
6438,https://openalex.org/W125001513,
6439,https://openalex.org/W3013364393,
6440,https://openalex.org/W2767352935,https://doi.org/10.1097/wno.0000000000000586
6441,https://openalex.org/W1981759266,https://doi.org/10.1097/00006254-200010000-00008
6442,https://openalex.org/W2921538697,https://doi.org/10.1088/1742-6596/1157/2/022056
6443,https://openalex.org/W1901579352,https://doi.org/10.1001/jamaoncol.2015.1796
6444,https://openalex.org/W2282173164,https://doi.org/10.2106/00004623-196951060-00002
6445,https://openalex.org/W2019553804,https://doi.org/10.1021/nl052038l
6446,https://openalex.org/W2017199755,https://doi.org/10.1254/jjp.61.291
6447,https://openalex.org/W2603050980,https://doi.org/10.1248/yakushi.16-00244-6
6448,https://openalex.org/W2117822539,https://doi.org/10.1242/dev.096719
6449,https://openalex.org/W2504145598,https://doi.org/10.1016/j.egypro.2016.06.244
6450,https://openalex.org/W4225793521,https://doi.org/10.1109/qrs54544.2021.00059
6451,https://openalex.org/W2071671115,https://doi.org/10.1002/(sici)1099-0488(19991201)37:23<3269::aid-polb2>3.0.co;2-t
6452,https://openalex.org/W2016385638,https://doi.org/10.1002/bse.663
6453,https://openalex.org/W2941715143,https://doi.org/10.1300/j097v12n04_04
6454,https://openalex.org/W2353946502,
6455,https://openalex.org/W2029574910,https://doi.org/10.1001/archopht.1965.00970030051012
6456,https://openalex.org/W2968377105,https://doi.org/10.1108/rpj-01-2019-0017
6457,https://openalex.org/W2011851818,https://doi.org/10.1259/0007-1285-43-511-500-a
6458,https://openalex.org/W2165785801,https://doi.org/10.1145/1005140.1005147
6459,https://openalex.org/W2939657740,https://doi.org/10.33013/iqasj.v2n1y2018.pp207-222
6460,https://openalex.org/W2127656962,https://doi.org/10.2466/pms.1994.78.3.888
6461,https://openalex.org/W2108316849,https://doi.org/10.2138/am.2012.4138
6462,https://openalex.org/W4400619754,https://doi.org/10.14246/irspsd.12.3_36
6463,https://openalex.org/W3137750821,https://doi.org/10.1111/mcn.13174
6464,https://openalex.org/W2046227514,https://doi.org/10.2118/166370-ms
6465,https://openalex.org/W1972339363,https://doi.org/10.1097/00006324-198912000-00009
6466,https://openalex.org/W1666198725,
6467,https://openalex.org/W4322630958,https://doi.org/10.3390/biology12030378
6468,https://openalex.org/W3151950299,https://doi.org/10.26502/acmcr.96550366
6469,https://openalex.org/W2002485272,https://doi.org/10.1097/00000542-200408000-00012
6470,https://openalex.org/W2159370977,https://doi.org/10.1109/tbme.2010.2049845
6471,https://openalex.org/W1973849985,https://doi.org/10.1143/jjap.47.3127
6472,https://openalex.org/W2074737225,https://doi.org/10.1002/oms.1210170802
6473,https://openalex.org/W2964755344,https://doi.org/10.1002/adsc.201900733
6474,https://openalex.org/W2415176581,
6475,https://openalex.org/W3122050929,https://doi.org/10.15196/rs04208
6476,https://openalex.org/W2187408039,
6477,https://openalex.org/W3091884260,https://doi.org/10.1080/09397140.2020.1833470
6478,https://openalex.org/W2621841497,https://doi.org/10.21037/jtd.2017.05.48
6479,https://openalex.org/W2020379705,https://doi.org/10.1056/nejmcibr043522
6480,https://openalex.org/W64036813,
6481,https://openalex.org/W2043018576,https://doi.org/10.1111/j.1745-4530.2008.00294.x
6482,https://openalex.org/W2001138404,https://doi.org/10.1080/02533952.2013.796119
6483,https://openalex.org/W2914256782,https://doi.org/10.1002/cjce.23458
6484,https://openalex.org/W4214733890,https://doi.org/10.5194/amt-2019-373
6485,https://openalex.org/W2127770467,
6486,https://openalex.org/W2161571887,https://doi.org/10.1145/1553374.1553524
6487,https://openalex.org/W2064613286,https://doi.org/10.7326/0003-4819-60-5-881
6488,https://openalex.org/W3124188427,https://doi.org/10.1007/s40820-021-00590-x
6489,https://openalex.org/W4313430526,https://doi.org/10.5802/alco.217
6490,https://openalex.org/W2754081724,https://doi.org/10.17116/hirurgia2017933-37
6491,https://openalex.org/W4281680829,https://doi.org/10.1200/jco.2022.40.16_suppl.e22008
6492,https://openalex.org/W4235677011,https://doi.org/10.1002/ange.201813315
6493,https://openalex.org/W2584586834,https://doi.org/10.1109/iedm.2016.7838524
6494,https://openalex.org/W2130316596,https://doi.org/10.1111/jeea.12011
6495,https://openalex.org/W2159580700,https://doi.org/10.3390/w7105503
6496,https://openalex.org/W2082198463,https://doi.org/10.1371/journal.pone.0033660
6497,https://openalex.org/W3125292944,https://doi.org/10.20944/preprints202004.0482.v1
6498,https://openalex.org/W2102359565,https://doi.org/10.1002/nav.20300
6499,https://openalex.org/W3127412393,https://doi.org/10.1109/icaict51780.2020.9333449
6500,https://openalex.org/W2411323556,
6501,https://openalex.org/W2884543034,https://doi.org/10.1109/csnt.2017.8418517
6502,https://openalex.org/W3118910827,https://doi.org/10.4271/2021-01-0410
6503,https://openalex.org/W4308807234,https://doi.org/10.32332/finansia.v5i2.5394
6504,https://openalex.org/W4403761604,https://doi.org/10.3389/fmicb.2024.1493811
6505,https://openalex.org/W2193014478,https://doi.org/10.1111/j.1475-6773.2005.00359.x
6506,https://openalex.org/W1957060535,https://doi.org/10.1177/135581969800300107
6507,https://openalex.org/W2605878031,https://doi.org/10.3103/s8756699017010101
6508,https://openalex.org/W1691115796,
6509,https://openalex.org/W596592775,
6510,https://openalex.org/W2254624546,https://doi.org/10.1097/00002508-199112000-00012
6511,https://openalex.org/W2026622898,https://doi.org/10.1175/jcli3636.1
6512,https://openalex.org/W2155223361,
6513,https://openalex.org/W1720913811,
6514,https://openalex.org/W1989752575,https://doi.org/10.1136/bmj.324.7351.1415
6515,https://openalex.org/W4200232676,https://doi.org/10.37333/001c.31307
6516,https://openalex.org/W1987673761,https://doi.org/10.1177/1745691612460688
6517,https://openalex.org/W2414403566,
6518,https://openalex.org/W2008373631,https://doi.org/10.1103/physreve.52.1891
6519,https://openalex.org/W3080362846,https://doi.org/10.1080/09168451.2020.1806705
6520,https://openalex.org/W2098880828,https://doi.org/10.18352/erlacs.9605
6521,https://openalex.org/W3206415735,https://doi.org/10.1080/23311975.2021.1984627
6522,https://openalex.org/W4367317785,https://doi.org/10.3390/s23094332
6523,https://openalex.org/W2950519345,https://doi.org/10.1177/0269216319854264
6524,https://openalex.org/W2388616563,
6525,https://openalex.org/W4404823141,https://doi.org/10.3390/medicina60121962
6526,https://openalex.org/W4391332521,https://doi.org/10.26873/svr-1444-2021
6527,https://openalex.org/W2621349812,https://doi.org/10.1109/irps.2017.7936391
6528,https://openalex.org/W6945210262,https://doi.org/10.22103/jmmr.2023.19459.1256
6529,https://openalex.org/W2210025319,https://doi.org/10.1109/iccv.2015.491
6530,https://openalex.org/W4390342362,https://doi.org/10.4078/jrd.2023.0059
6531,https://openalex.org/W928273933,https://doi.org/10.15453/0191-5096.2588
6532,https://openalex.org/W1673782286,https://doi.org/10.1109/icinfa.2015.7279343
6533,https://openalex.org/W2006141633,https://doi.org/10.1167/13.13.8
6534,https://openalex.org/W2246850472,https://doi.org/10.4028/www.scientific.net/amr.1130.693
6535,https://openalex.org/W2341691204,https://doi.org/10.1386/eapc.2.1.33_1
6536,https://openalex.org/W4400412999,https://doi.org/10.3390/pathogens13070568
6537,https://openalex.org/W2120170481,https://doi.org/10.1371/journal.pone.0002924
6538,https://openalex.org/W2022811614,https://doi.org/10.1137/0722021
6539,https://openalex.org/W2023547800,https://doi.org/10.1002/anie.197004141
6540,https://openalex.org/W4292862884,https://doi.org/10.1109/icma54519.2022.9856326
6541,https://openalex.org/W2795291772,https://doi.org/10.18632/oncotarget.24751
6542,https://openalex.org/W2006439844,https://doi.org/10.1021/ja00786a009
6543,https://openalex.org/W2181869254,
6544,https://openalex.org/W2948146181,
6545,https://openalex.org/W3120907790,https://doi.org/10.1371/journal.ppat.1009123
6546,https://openalex.org/W2023145696,https://doi.org/10.1143/jjap.33.6425
6547,https://openalex.org/W2143807546,https://doi.org/10.22179/revmacn.16.159
6548,https://openalex.org/W4315491057,https://doi.org/10.3389/fpsyg.2022.1052759
6549,https://openalex.org/W4200491153,https://doi.org/10.3390/membranes12010041
6550,https://openalex.org/W2093897433,https://doi.org/10.1332/030557376783186704
6551,https://openalex.org/W2009435644,https://doi.org/10.4028/www.scientific.net/kem.611-612.76
6552,https://openalex.org/W1480724998,https://doi.org/10.1108/el-12-2013-0217
6553,https://openalex.org/W2034130113,https://doi.org/10.1088/0953-8984/8/49/034
6554,https://openalex.org/W4402035849,https://doi.org/10.1016/j.jare.2024.08.033
6555,https://openalex.org/W2135871464,
6556,https://openalex.org/W4238429579,https://doi.org/10.1093/maghis/19.4.6
6557,https://openalex.org/W4409571171,https://doi.org/10.5006/c1969-69068
6558,https://openalex.org/W2483730659,https://doi.org/10.2217/epi-2016-0068
6559,https://openalex.org/W2108901221,https://doi.org/10.1091/mbc.e05-02-0096
6560,https://openalex.org/W2084598522,https://doi.org/10.1039/c2ay26050f
6561,https://openalex.org/W2047293079,https://doi.org/10.1090/s0025-5718-1974-0381343-x
6562,https://openalex.org/W2027165635,https://doi.org/10.1111/j.1524-475x.2008.00366.x
6563,https://openalex.org/W1968237035,https://doi.org/10.1103/physrevb.4.3797
6564,https://openalex.org/W2043324081,https://doi.org/10.1139/v70-401
6565,https://openalex.org/W2062684287,https://doi.org/10.1080/1472586042000301638
6566,https://openalex.org/W1494510678,
6567,https://openalex.org/W4210679198,https://doi.org/10.1088/2057-1976/ac5092
6568,https://openalex.org/W2110942893,https://doi.org/10.1111/j.1540-6288.1999.tb00454.x
6569,https://openalex.org/W2118905035,https://doi.org/10.1046/j.1469-0705.1999.13050363.x
6570,https://openalex.org/W1972313955,https://doi.org/10.1145/2087756.2087775
6571,https://openalex.org/W4286587865,https://doi.org/10.14719/pst.1686
6572,https://openalex.org/W4402973138,https://doi.org/10.1016/j.rineng.2024.103036
6573,https://openalex.org/W2957153969,https://doi.org/10.1021/acs.orglett.9b02040
6574,https://openalex.org/W2329300826,https://doi.org/10.1080/21674086.1991.11927301
6575,https://openalex.org/W4390050518,https://doi.org/10.1021/acs.chemmater.3c01907
6576,https://openalex.org/W2079661951,https://doi.org/10.1109/asicon.2011.6157144
6577,https://openalex.org/W4382197579,https://doi.org/10.20944/preprints202306.1913.v1
6578,https://openalex.org/W4408093607,https://doi.org/10.3390/su17052139
6579,https://openalex.org/W1990640401,https://doi.org/10.4161/cc.5.17.3190
6580,https://openalex.org/W4392388087,https://doi.org/10.1186/s41043-024-00525-3
6581,https://openalex.org/W2030600109,https://doi.org/10.3168/jds.s0022-0302(99)75542-6
6582,https://openalex.org/W2588421572,https://doi.org/10.1109/cisp-bmei.2016.7852954
6583,https://openalex.org/W1504878800,https://doi.org/10.5860/choice.26-0460
6584,https://openalex.org/W4306391564,https://doi.org/10.3390/ma15207184
6585,https://openalex.org/W2612591632,https://doi.org/10.1080/87565641.2017.1315806
6586,https://openalex.org/W2004955212,https://doi.org/10.1142/s0219876213430123
6587,https://openalex.org/W4380324925,https://doi.org/10.1080/13876988.2023.2206790
6588,https://openalex.org/W2808203724,https://doi.org/10.1080/14767058.2018.1487942
6589,https://openalex.org/W2330025564,https://doi.org/10.1021/ja5079865
6590,https://openalex.org/W2080912408,https://doi.org/10.1136/bmj.1.5482.298-d
6591,https://openalex.org/W4393105575,https://doi.org/10.1109/jsac.2024.3380097
6592,https://openalex.org/W2901825141,https://doi.org/10.31018/jans.v8i4.1117
6593,https://openalex.org/W2902346957,https://doi.org/10.1080/10242694.2018.1544440
6594,https://openalex.org/W32593688,https://doi.org/10.1016/j.gie.2020.06.056
6595,https://openalex.org/W4396217762,https://doi.org/10.3390/bs14050372
6596,https://openalex.org/W1976841241,https://doi.org/10.1021/tx4002429
6597,https://openalex.org/W25522641,
6598,https://openalex.org/W2283226758,https://doi.org/10.1109/coginfocom.2015.7390616
6599,https://openalex.org/W1548777273,https://doi.org/10.1111/j.1751-228x.2012.01160.x
6600,https://openalex.org/W1506112645,https://doi.org/10.1002/j.1551-8833.1992.tb07413.x
6601,https://openalex.org/W2035311988,https://doi.org/10.1080/10826076.2010.532707
6602,https://openalex.org/W2152896908,https://doi.org/10.2304/pfie.2011.9.1.74
6603,https://openalex.org/W2163024055,https://doi.org/10.1002/chem.201203562
6604,https://openalex.org/W2045695358,https://doi.org/10.3390/molecules14020839
6605,https://openalex.org/W1917612634,https://doi.org/10.1111/j.1463-5224.2011.00937.x
6606,https://openalex.org/W260123577,
6607,https://openalex.org/W3091145025,https://doi.org/10.1177/0959651820958515
6608,https://openalex.org/W2061688529,https://doi.org/10.1109/wisa.2012.10
6609,https://openalex.org/W4234264081,https://doi.org/10.21608/mjmr.2022.221963
6610,https://openalex.org/W4362586807,https://doi.org/10.22230/jripe.2023v13n1a349
6611,https://openalex.org/W2252942104,https://doi.org/10.1136/archdischild-2015-308675
6612,https://openalex.org/W4287888457,https://doi.org/10.18653/v1/2022.naacl-main.364
6613,https://openalex.org/W1563184097,https://doi.org/10.1057/fr.2009.15
6614,https://openalex.org/W2056751493,https://doi.org/10.1089/g4h.2014.0092
6615,https://openalex.org/W4238668926,https://doi.org/10.1017/s0025315400021159
6616,https://openalex.org/W2391011037,
6617,https://openalex.org/W1988551198,https://doi.org/10.1088/0953-8984/21/36/364207
6618,https://openalex.org/W2791387749,https://doi.org/10.1145/3176349.3176357
6619,https://openalex.org/W2594418556,
6620,https://openalex.org/W2512963576,https://doi.org/10.2175/106143097x125803
6621,https://openalex.org/W2250251043,
6622,https://openalex.org/W2209009808,https://doi.org/10.1109/bibe.2015.7367696
6623,https://openalex.org/W2410739852,https://doi.org/10.7498/aps.56.6114
6624,https://openalex.org/W2063444546,https://doi.org/10.1111/j.1346-8138.1995.tb03939.x
6625,https://openalex.org/W2057568511,https://doi.org/10.1051/0004-6361:20053468
6626,https://openalex.org/W2341024912,
6627,https://openalex.org/W1978637977,https://doi.org/10.4056/sigs.651139
6628,https://openalex.org/W3035201191,https://doi.org/10.4300/jgme-d-20-00225.1
6629,https://openalex.org/W4283076424,https://doi.org/10.5281/zenodo.6659318
6630,https://openalex.org/W2407660413,
6631,https://openalex.org/W2956827939,https://doi.org/10.4103/0970-258x.262915
6632,https://openalex.org/W4235033335,https://doi.org/10.2523/107985-ms
6633,https://openalex.org/W3033024878,
6634,https://openalex.org/W3111141617,https://doi.org/10.1177/1367877920975783
6635,https://openalex.org/W2029103076,https://doi.org/10.1080/09712119.1992.9705935
6636,https://openalex.org/W1996933618,https://doi.org/10.1115/79-sol-3
6637,https://openalex.org/W2033170941,https://doi.org/10.3354/meps076205
6638,https://openalex.org/W2108238489,https://doi.org/10.1109/glocom.1995.502042
6639,https://openalex.org/W2198298357,https://doi.org/10.18590/euscorpius.2006.vol2006.iss37.1
6640,https://openalex.org/W2149978395,
6641,https://openalex.org/W2018548944,https://doi.org/10.1029/2003gl017302
6642,https://openalex.org/W4400653071,https://doi.org/10.1007/s11356-024-34331-5
6643,https://openalex.org/W2595721946,
6644,https://openalex.org/W2767145070,https://doi.org/10.3389/fncir.2017.00077
6645,https://openalex.org/W604216394,https://doi.org/10.1061/jsfeaq.0001397
6646,https://openalex.org/W3047930904,
6647,https://openalex.org/W2100713358,
6648,https://openalex.org/W2090813885,https://doi.org/10.1049/ee.1994.0069
6649,https://openalex.org/W4390975918,https://doi.org/10.46245/ijorer.v5i1.424
6650,https://openalex.org/W2278125772,https://doi.org/10.4271/740184
6651,https://openalex.org/W2284388155,
6652,https://openalex.org/W4207032903,https://doi.org/10.1080/13506285.2021.2023245
6653,https://openalex.org/W4319439693,https://doi.org/10.56958/jesi.2019.4.2.131
6654,https://openalex.org/W2473903537,https://doi.org/10.2523/78710-ms
6655,https://openalex.org/W3197650976,https://doi.org/10.1080/15567036.2021.1970293
6656,https://openalex.org/W2139133344,https://doi.org/10.1634/stemcells.22-4-448
6657,https://openalex.org/W120961662,https://doi.org/10.1080/08998280.2000.11927715
6658,https://openalex.org/W2027266889,https://doi.org/10.1097/00001888-199204000-00014
6659,https://openalex.org/W4392399901,https://doi.org/10.1039/d3cp05744e
6660,https://openalex.org/W4395081598,https://doi.org/10.1002/ange.202405912
6661,https://openalex.org/W1619093546,
6662,https://openalex.org/W1972854571,https://doi.org/10.1109/cec.2008.4630954
6663,https://openalex.org/W1994632088,https://doi.org/10.5281/zenodo.13440025
6664,https://openalex.org/W3136855045,https://doi.org/10.1109/iwed52055.2021.9376381
6665,https://openalex.org/W2951386886,https://doi.org/10.1016/j.comppsych.2019.06.005
6666,https://openalex.org/W2160587770,https://doi.org/10.1073/pnas.88.9.3569
6667,https://openalex.org/W2947633108,https://doi.org/10.21771/jrtppi.2019.v10.no1.p38-46
6668,https://openalex.org/W2082270326,https://doi.org/10.1002/acp.2350060404
6669,https://openalex.org/W4319601170,https://doi.org/10.54097/ehss.v8i.4660
6670,https://openalex.org/W2156098021,https://doi.org/10.3102/00028312023004519
6671,https://openalex.org/W2471854251,https://doi.org/10.5281/zenodo.13458777
6672,https://openalex.org/W4254239906,https://doi.org/10.1145/764804.764807
6673,https://openalex.org/W2063576113,https://doi.org/10.3177/jnsv.44.1
6674,https://openalex.org/W1498678092,https://doi.org/10.1109/isscc.1999.759284
6675,https://openalex.org/W1986551192,https://doi.org/10.2136/sssaj2005.0164
6676,https://openalex.org/W2135200175,https://doi.org/10.1039/c39880001058
6677,https://openalex.org/W1997495171,https://doi.org/10.1155/2009/643950
6678,https://openalex.org/W4315647635,https://doi.org/10.3390/s23020838
6679,https://openalex.org/W4232612766,https://doi.org/10.1212/01.con.0000293722.63368.90
6680,https://openalex.org/W1485391064,
6681,https://openalex.org/W4372319687,https://doi.org/10.1080/2153599x.2023.2178487
6682,https://openalex.org/W7005246828,
6683,https://openalex.org/W2783300406,https://doi.org/10.1142/s0219477518500062
6684,https://openalex.org/W651057970,https://doi.org/10.1001/jama.1954.02950060088032
6685,https://openalex.org/W1631076104,https://doi.org/10.2753/ced1061-1932360310
6686,https://openalex.org/W193143797,
6687,https://openalex.org/W4390147807,https://doi.org/10.62015/np.1996.v4.338
6688,https://openalex.org/W19450112,
6689,https://openalex.org/W2035212661,https://doi.org/10.1088/0370-1301/69/5/305
6690,https://openalex.org/W2803187445,https://doi.org/10.1002/pssa.201800133
6691,https://openalex.org/W2408176968,
6692,https://openalex.org/W2560812110,https://doi.org/10.1175/waf-d-16-0127.1
6693,https://openalex.org/W2155596531,https://doi.org/10.1111/j.1440-1789.2006.00668.x
6694,https://openalex.org/W2045633949,https://doi.org/10.3168/jds.s0022-0302(82)82179-6
6695,https://openalex.org/W2348197927,https://doi.org/10.51758/agjsr-04-2010-0011
6696,https://openalex.org/W2030157708,https://doi.org/10.1103/physrevb.53.r2903
6697,https://openalex.org/W2557783710,https://doi.org/10.2174/2452273201666161124121859
6698,https://openalex.org/W3102903426,https://doi.org/10.1039/d0ew00534g
6699,https://openalex.org/W2051659138,https://doi.org/10.1270/jsbbs1951.45.57
6700,https://openalex.org/W2037024129,https://doi.org/10.1002/1520-6807(199307)30:3<232::aid-pits2310300306>3.0.co;2-k
6701,https://openalex.org/W2332560361,https://doi.org/10.1021/la403516y
6702,https://openalex.org/W4213449292,https://doi.org/10.21203/rs.3.rs-1393204/v1
6703,https://openalex.org/W1986312131,https://doi.org/10.1017/s0047279403007050
6704,https://openalex.org/W1984815532,https://doi.org/10.1139/m56-016
6705,https://openalex.org/W2426205065,https://doi.org/10.1299/kikaic.52.1092
6706,https://openalex.org/W2606547093,https://doi.org/10.19195/0208-4147.39.2.3
6707,https://openalex.org/W2480798959,https://doi.org/10.1107/s2052520616011367
6708,https://openalex.org/W2072437653,https://doi.org/10.1097/jsm.0b013e31822153cb
6709,https://openalex.org/W3134140047,https://doi.org/10.1109/tbcas.2021.3062632
6710,https://openalex.org/W2077650983,https://doi.org/10.1074/jbc.m508848200
6711,https://openalex.org/W639632597,https://doi.org/10.2514/8.10949
6712,https://openalex.org/W2038888010,https://doi.org/10.1073/pnas.071067198
6713,https://openalex.org/W2020946338,https://doi.org/10.1080/01926189608251038
6714,https://openalex.org/W1919146403,
6715,https://openalex.org/W1977118087,https://doi.org/10.1253/circj.cj-08-0354
6716,https://openalex.org/W2397254916,
6717,https://openalex.org/W2418710796,
6718,https://openalex.org/W2130826403,https://doi.org/10.1039/a700710h
6719,https://openalex.org/W2012718266,https://doi.org/10.1063/1.1691943
6720,https://openalex.org/W4313824693,https://doi.org/10.3390/microorganisms11010158
6721,https://openalex.org/W234565405,https://doi.org/10.1299/kikaic.64.3588
6722,https://openalex.org/W3000657153,https://doi.org/10.1080/10410236.2020.1712527
6723,https://openalex.org/W3163189794,https://doi.org/10.1007/s10489-022-03281-1
6724,https://openalex.org/W2057405542,https://doi.org/10.1088/0370-1298/64/12/308
6725,https://openalex.org/W2093693991,https://doi.org/10.1080/10934520701480847
6726,https://openalex.org/W2898977742,https://doi.org/10.1089/jamp.2017.1442
6727,https://openalex.org/W2622292313,https://doi.org/10.3389/fnins.2017.00331
6728,https://openalex.org/W2319708605,https://doi.org/10.1037/per0000045
6729,https://openalex.org/W2975479544,https://doi.org/10.1109/isit.2019.8849465
6730,https://openalex.org/W3003339633,https://doi.org/10.3233/jad-191164
6731,https://openalex.org/W3157657889,https://doi.org/10.1002/jgh3.12550
6732,https://openalex.org/W1990487020,https://doi.org/10.1002/adem.201200120
6733,https://openalex.org/W1963515199,https://doi.org/10.1136/bmj.c6011
6734,https://openalex.org/W4365138588,https://doi.org/10.1093/swr/svad003
6735,https://openalex.org/W4241638822,https://doi.org/10.1080/10426509908039604
6736,https://openalex.org/W3185231276,https://doi.org/10.1177/11206721211018373
6737,https://openalex.org/W2026315860,https://doi.org/10.1515/jpm.2011.061
6738,https://openalex.org/W4318940200,https://doi.org/10.3724/abbs.2023010
6739,https://openalex.org/W3004676100,https://doi.org/10.5005/jp-journals-10001-1351
6740,https://openalex.org/W2003816577,https://doi.org/10.1134/s1063785012060156
6741,https://openalex.org/W2552452069,https://doi.org/10.1504/gber.2017.085064
6742,https://openalex.org/W4297875012,https://doi.org/10.2337/dc22-0664
6743,https://openalex.org/W2088184791,https://doi.org/10.1246/cl.1984.1313
6744,https://openalex.org/W2895885519,https://doi.org/10.1101/451989
6745,https://openalex.org/W3106742736,https://doi.org/10.1080/17538157.2020.1834399
6746,https://openalex.org/W2046340040,https://doi.org/10.2147/ppa.s34958
6747,https://openalex.org/W2083644984,https://doi.org/10.1080/01676830490504188
6748,https://openalex.org/W2028808613,https://doi.org/10.1002/pssa.2210410127
6749,https://openalex.org/W2083298418,https://doi.org/10.1097/00000542-199211000-00022
6750,https://openalex.org/W4388631072,https://doi.org/10.1112/jlms.12835
6751,https://openalex.org/W2463329368,https://doi.org/10.1177/0300060516652761
6752,https://openalex.org/W2306296840,https://doi.org/10.1017/aer.2016.6
6753,https://openalex.org/W2002059431,https://doi.org/10.1371/journal.pone.0116601
6754,https://openalex.org/W2767442223,https://doi.org/10.21307/stattrans-2016-071
6755,https://openalex.org/W2058732744,https://doi.org/10.12732/ijam.v27i3.8
6756,https://openalex.org/W1517185536,https://doi.org/10.15835/nbha111141
6757,https://openalex.org/W2371428279,https://doi.org/10.5220/0005788700590070
6758,https://openalex.org/W2787676051,https://doi.org/10.48550/arxiv.1802.03003
6759,https://openalex.org/W4388726627,https://doi.org/10.1109/iecon51785.2023.10311617
6760,https://openalex.org/W2146162532,https://doi.org/10.1046/j.1467-2494.1999.201638.x
6761,https://openalex.org/W2058363897,https://doi.org/10.1055/s-0028-1095408
6762,https://openalex.org/W4406176239,https://doi.org/10.1177/1478271520063602019
6763,https://openalex.org/W2629337785,https://doi.org/10.12989/smm.2017.4.1.085
6764,https://openalex.org/W2058524019,https://doi.org/10.3102/00028312026003353
6765,https://openalex.org/W2760210988,https://doi.org/10.5296/ije.v9i3.11686
6766,https://openalex.org/W4394874751,https://doi.org/10.1109/esci59607.2024.10497320
6767,https://openalex.org/W2525029957,https://doi.org/10.1515/htmp-2015-0256
6768,https://openalex.org/W2061122167,https://doi.org/10.1007/bf02922978
6769,https://openalex.org/W2884894415,https://doi.org/10.1016/j.fusengdes.2018.07.012
6770,https://openalex.org/W2963304024,https://doi.org/10.2174/1874210601913010249
6771,https://openalex.org/W3191876762,https://doi.org/10.24191/ji.v16i2.420
6772,https://openalex.org/W2042738078,https://doi.org/10.1063/1.4861587
6773,https://openalex.org/W2050050574,https://doi.org/10.1177/135050768601700307
6774,https://openalex.org/W4395034201,https://doi.org/10.3390/ani14091267
6775,https://openalex.org/W4410188258,https://doi.org/10.1098/rsta.2023.0380
6776,https://openalex.org/W2038412560,https://doi.org/10.1111/j.1559-1816.2004.tb02016.x
6777,https://openalex.org/W2755246315,https://doi.org/10.18052/www.scipress.com/ilshs.78.10
6778,https://openalex.org/W2085650447,https://doi.org/10.1111/j.1751-7141.2008.00011.x
6779,https://openalex.org/W1823895328,https://doi.org/10.1111/j.1365-3059.2011.02525.x
6780,https://openalex.org/W36245942,
6781,https://openalex.org/W2168040200,https://doi.org/10.1002/jobm.200310310
6782,https://openalex.org/W4303182803,https://doi.org/10.1016/j.heliyon.2022.e10881
6783,https://openalex.org/W3215607535,https://doi.org/10.1111/ddg.14614
6784,https://openalex.org/W2551245411,https://doi.org/10.1002/srin.199101299
6785,https://openalex.org/W4393153295,https://doi.org/10.1590/1984-0462/2024/42/2023093
6786,https://openalex.org/W3130928744,https://doi.org/10.4103/ijp.ijp_482_19
6787,https://openalex.org/W4413252103,https://doi.org/10.21810/aer.v10i1.6076
6788,https://openalex.org/W2087820210,https://doi.org/10.1021/bi00367a041
6789,https://openalex.org/W4391623195,https://doi.org/10.33492/jacrs-d-21-00042
6790,https://openalex.org/W1999295999,https://doi.org/10.1615/atomizspr.v20.i9.20
6791,https://openalex.org/W2607013165,https://doi.org/10.1021/jacs.7b02714
6792,https://openalex.org/W2159894498,https://doi.org/10.1200/jco.2006.06.2323
6793,https://openalex.org/W4324012538,https://doi.org/10.23887/jish.v11i2.39734
6794,https://openalex.org/W2789797884,https://doi.org/10.5812/ijcm.9865
6795,https://openalex.org/W2067794316,https://doi.org/10.1088/0954-3899/31/10/060
6796,https://openalex.org/W2057851886,https://doi.org/10.1504/ijfipm.2008.020184
6797,https://openalex.org/W4380538398,https://doi.org/10.1111/cup.14479
6798,https://openalex.org/W2059148621,https://doi.org/10.1111/j.2042-7158.1975.tb09382.x
6799,https://openalex.org/W2976168136,https://doi.org/10.1111/1759-7714.13203
6800,https://openalex.org/W2219907145,https://doi.org/10.5301/hip.2008.3664
6801,https://openalex.org/W2766895606,https://doi.org/10.1515/emj-2017-0016
6802,https://openalex.org/W2124119483,https://doi.org/10.1049/ic:19990848
6803,https://openalex.org/W2412513127,https://doi.org/10.1177/070674378603100610
6804,https://openalex.org/W229218071,https://doi.org/10.5281/zenodo.7297650
6805,https://openalex.org/W1993089974,https://doi.org/10.1303/aez.2007.269
6806,https://openalex.org/W2138660131,
6807,https://openalex.org/W2008395871,https://doi.org/10.1080/00219266.1998.9655595
6808,https://openalex.org/W2094099419,https://doi.org/10.1080/13608746.2014.920571
6809,https://openalex.org/W4379536710,https://doi.org/10.24815/siele.v10i2.27237
6810,https://openalex.org/W2739867524,https://doi.org/10.2166/wcc.2017.101
6811,https://openalex.org/W2006538795,https://doi.org/10.1051/0004-6361:20053056
6812,https://openalex.org/W3119153715,https://doi.org/10.21203/rs.3.rs-61912/v1
6813,https://openalex.org/W2414543315,
6814,https://openalex.org/W2217950367,
6815,https://openalex.org/W2894531958,https://doi.org/10.1109/ic4me2.2018.8465599
6816,https://openalex.org/W2053255678,https://doi.org/10.1080/17429145.2012.693208
6817,https://openalex.org/W2027943173,https://doi.org/10.1029/2007jf000882
6818,https://openalex.org/W4318474723,https://doi.org/10.1051/e3sconf/202336504009
6819,https://openalex.org/W1631068721,
6820,https://openalex.org/W2613744952,https://doi.org/10.7123/01.jasmr.0000414776.41139.71
6821,https://openalex.org/W3022498709,https://doi.org/10.24233/biov.6.1.2020.147
6822,https://openalex.org/W2990911475,https://doi.org/10.1109/lmag.2019.2955060
6823,https://openalex.org/W2582428110,https://doi.org/10.7494/opmath.2017.37.3.389
6824,https://openalex.org/W4379185297,https://doi.org/10.1007/s40429-023-00490-7
6825,https://openalex.org/W4400969952,https://doi.org/10.1177/0271678x241257887
6826,https://openalex.org/W1544632592,
6827,https://openalex.org/W2475201044,https://doi.org/10.1097/aog.0000000000001472
6828,https://openalex.org/W2762523936,https://doi.org/10.3171/2017.4.spine16933
6829,https://openalex.org/W3089139519,https://doi.org/10.1080/09669760.2020.1823205
6830,https://openalex.org/W2028087075,https://doi.org/10.1164/ajrccm/147.6_pt_1.1483
6831,https://openalex.org/W7062090072,
6832,https://openalex.org/W1968755324,https://doi.org/10.3402/qhw.v6i2.5918
6833,https://openalex.org/W2032149563,https://doi.org/10.1299/jmmp.3.295
6834,https://openalex.org/W2074538893,https://doi.org/10.1136/hrt.39.1.93
6835,https://openalex.org/W2577865511,https://doi.org/10.2991/icmmita-16.2016.202
6836,https://openalex.org/W4390398156,https://doi.org/10.3390/w16010133
6837,https://openalex.org/W4386003927,https://doi.org/10.47333/modernizm.2023.93
6838,https://openalex.org/W4389881059,https://doi.org/10.1109/icccmla58983.2023.10346926
6839,https://openalex.org/W2795290774,https://doi.org/10.1177/1745691617693325
6840,https://openalex.org/W324762579,
6841,https://openalex.org/W2039048966,https://doi.org/10.1021/jm901221v
6842,https://openalex.org/W2955695105,https://doi.org/10.1109/vtcspring.2019.8746479
6843,https://openalex.org/W2978015312,
6844,https://openalex.org/W1999464631,https://doi.org/10.1109/tsg.2013.2293479
6845,https://openalex.org/W2147333550,https://doi.org/10.1109/icmlc.2002.1167409
6846,https://openalex.org/W2161320063,https://doi.org/10.1096/fj.07-096586
6847,https://openalex.org/W4403806317,https://doi.org/10.1155/2024/9107191
6848,https://openalex.org/W2087338360,https://doi.org/10.1159/000272823
6849,https://openalex.org/W2327954872,https://doi.org/10.15554/pcij.09011990.80.88
6850,https://openalex.org/W1492731833,https://doi.org/10.1109/have.2005.1545647
6851,https://openalex.org/W2790123945,https://doi.org/10.1109/tii.2018.2799598
6852,https://openalex.org/W1505715958,https://doi.org/10.1542/peds.64.6.913
6853,https://openalex.org/W2020211983,https://doi.org/10.4028/www.scientific.net/amr.701.394
6854,https://openalex.org/W2314141226,https://doi.org/10.2307/1478215
6855,https://openalex.org/W644826307,https://doi.org/10.5860/choice.27-6352
6856,https://openalex.org/W2884353527,https://doi.org/10.31185/ejuow.vol5.iss2.53
6857,https://openalex.org/W2620884071,https://doi.org/10.1155/2017/1846031
6858,https://openalex.org/W2021085042,https://doi.org/10.1039/an9952000867
6859,https://openalex.org/W2187652564,
6860,https://openalex.org/W2792728875,https://doi.org/10.1017/s0024282917000627
6861,https://openalex.org/W3183124605,https://doi.org/10.1109/tem.2021.3061862
6862,https://openalex.org/W2897502503,https://doi.org/10.2174/1874129001812010121
6863,https://openalex.org/W2180640939,https://doi.org/10.1038/527446b
6864,https://openalex.org/W2004681478,https://doi.org/10.1063/1.1658656
6865,https://openalex.org/W2155353006,https://doi.org/10.1001/archinte.1988.00380110013004
6866,https://openalex.org/W2115344687,https://doi.org/10.1109/icbbe.2009.5162906
6867,https://openalex.org/W2515628262,https://doi.org/10.4236/fns.2016.710090
6868,https://openalex.org/W2399021913,
6869,https://openalex.org/W4411236649,https://doi.org/10.3390/s25123681
6870,https://openalex.org/W1977447015,https://doi.org/10.1159/000174548
6871,https://openalex.org/W208462358,
6872,https://openalex.org/W2411533163,https://doi.org/10.1042/bst0270211
6873,https://openalex.org/W4247627109,https://doi.org/10.35940/ijrte.b1071.0782s719
6874,https://openalex.org/W2332927780,https://doi.org/10.5940/jcrsj.29.311
6875,https://openalex.org/W1611785076,https://doi.org/10.1515/zna-1973-0224
6876,https://openalex.org/W4405967805,https://doi.org/10.3390/agronomy15010073
6877,https://openalex.org/W2017078976,https://doi.org/10.1080/00049158.1999.10674758
6878,https://openalex.org/W4312741039,https://doi.org/10.29399/npa.28184
6879,https://openalex.org/W6995875807,
6880,https://openalex.org/W2770243372,https://doi.org/10.22631/ajgc.2017.95985.1019
6881,https://openalex.org/W2071957599,https://doi.org/10.1364/ol.19.000590
6882,https://openalex.org/W4413380297,https://doi.org/10.3390/app15168971
6883,https://openalex.org/W2029588940,https://doi.org/10.1111/j.1540-5850.2006.00837.x
6884,https://openalex.org/W4312706905,https://doi.org/10.53363/bw.v2i2.90
6885,https://openalex.org/W2076733067,https://doi.org/10.4103/0974-9233.75896
6886,https://openalex.org/W3045521189,https://doi.org/10.1109/icc40277.2020.9148707
6887,https://openalex.org/W4367593903,https://doi.org/10.46496/medula.v9i2.25290
6888,https://openalex.org/W2567432601,
6889,https://openalex.org/W2315629575,https://doi.org/10.1080/009262300438715
6890,https://openalex.org/W1967758221,https://doi.org/10.1093/refuge/fel021
6891,https://openalex.org/W1963687425,https://doi.org/10.1088/0022-3735/17/12/031
6892,https://openalex.org/W2088263795,https://doi.org/10.15288/jsa.1989.50.473
6893,https://openalex.org/W2032774741,https://doi.org/10.2307/745762
6894,https://openalex.org/W2082384413,https://doi.org/10.1002/uog.9026
6895,https://openalex.org/W1844237901,https://doi.org/10.1111/j.1467-9930.1982.tb00281.x
6896,https://openalex.org/W3128599388,https://doi.org/10.1055/a-1385-2385
6897,https://openalex.org/W2088010330,https://doi.org/10.1016/j.crme.2004.09.001
6898,https://openalex.org/W4285133328,https://doi.org/10.23977/blsme.2022001
6899,https://openalex.org/W2958023057,https://doi.org/10.1155/2019/2568069
6900,https://openalex.org/W1036108248,https://doi.org/10.1590/1516-1439.352014
6901,https://openalex.org/W2014998908,https://doi.org/10.1671/039.029.0213
6902,https://openalex.org/W1511167031,
6903,https://openalex.org/W4234777934,https://doi.org/10.1504/ijewm.2021.115379
6904,https://openalex.org/W2530957553,https://doi.org/10.11613/bm.2016.047
6905,https://openalex.org/W2099560590,https://doi.org/10.1088/0004-6256/147/2/32
6906,https://openalex.org/W1496253336,https://doi.org/10.1111/j.1740-8261.2010.01756.x
6907,https://openalex.org/W2473121442,https://doi.org/10.18260/1-2--27241
6908,https://openalex.org/W2218553974,https://doi.org/10.2495/sdp-v10-n5-650-665
6909,https://openalex.org/W2062212615,https://doi.org/10.1055/s-0032-1326255
6910,https://openalex.org/W2405720382,https://doi.org/10.7870/cjcmh-2016-028
6911,https://openalex.org/W2002232563,https://doi.org/10.1159/000137574
6912,https://openalex.org/W4380485305,https://doi.org/10.1039/d3ta02382f
6913,https://openalex.org/W2897050113,https://doi.org/10.1134/s1064229318090120
6914,https://openalex.org/W1763830924,
6915,https://openalex.org/W3186691930,https://doi.org/10.1149/2162-8777/ac1549
6916,https://openalex.org/W2065876293,https://doi.org/10.1148/115.2.379
6917,https://openalex.org/W4251486057,https://doi.org/10.1371/journal.pone.0224570
6918,https://openalex.org/W2953113064,https://doi.org/10.1109/icde.2019.00069
6919,https://openalex.org/W2327849212,https://doi.org/10.1080/00221589.1983.11515099
6920,https://openalex.org/W2123839758,https://doi.org/10.1128/jcm.43.3.1437-1438.2005
6921,https://openalex.org/W2115621481,https://doi.org/10.1128/aem.01331-10
6922,https://openalex.org/W2287085652,
6923,https://openalex.org/W2053056160,https://doi.org/10.1111/j.1471-0528.1973.tb02977.x
6924,https://openalex.org/W2344440921,https://doi.org/10.1039/c6ob00674d
6925,https://openalex.org/W2106525346,https://doi.org/10.1091/mbc.e12-03-0246
6926,https://openalex.org/W2808671939,https://doi.org/10.1109/wcnc.2018.8376995
6927,https://openalex.org/W4281864780,https://doi.org/10.17076/eco1342
6928,https://openalex.org/W1993393204,https://doi.org/10.1121/1.2935191
6929,https://openalex.org/W2035958647,https://doi.org/10.1088/0143-0807/18/1/006
6930,https://openalex.org/W2973815180,https://doi.org/10.1109/access.2019.2942822
6931,https://openalex.org/W2506406801,https://doi.org/10.5578/amrj.10806
6932,https://openalex.org/W2964207803,https://doi.org/10.36468/pharmaceutical-sciences.554
6933,https://openalex.org/W3001938546,https://doi.org/10.35772/ghm.2019.01026
6934,https://openalex.org/W2081105032,https://doi.org/10.1049/el:20010502
6935,https://openalex.org/W2418124006,https://doi.org/10.1542/peds.2015-4410c
6936,https://openalex.org/W4366966768,https://doi.org/10.1109/sti56238.2022.10103341
6937,https://openalex.org/W2162106282,https://doi.org/10.1261/rna.1908309
6938,https://openalex.org/W4399728762,https://doi.org/10.1109/itc-3560063.2023.10555710
6939,https://openalex.org/W2961599804,https://doi.org/10.1364/ol.44.003594
6940,https://openalex.org/W2129728678,https://doi.org/10.1002/pat.845
6941,https://openalex.org/W4388869322,https://doi.org/10.1111/aos.15811
6942,https://openalex.org/W4400700085,https://doi.org/10.1364/ol.533030
6943,https://openalex.org/W2930954102,https://doi.org/10.26456/vtpmk526
6944,https://openalex.org/W2895423699,https://doi.org/10.29024/joa.1
6945,https://openalex.org/W2474866300,
6946,https://openalex.org/W3199398188,https://doi.org/10.1371/journal.pone.0257640
6947,https://openalex.org/W3046837407,https://doi.org/10.21125/edulearn.2020.2096
6948,https://openalex.org/W2789437272,https://doi.org/10.5455/ajvs.288089
6949,https://openalex.org/W4321795464,https://doi.org/10.1177/17298806231153726
6950,https://openalex.org/W2082062651,https://doi.org/10.1097/tp.0b013e3181fa941b
6951,https://openalex.org/W2581063725,https://doi.org/10.22038/ijp.2016.7238
6952,https://openalex.org/W2125878441,https://doi.org/10.1556/aagr.58.2010.1.2
6953,https://openalex.org/W3162738723,https://doi.org/10.31234/osf.io/zxsra
6954,https://openalex.org/W4387476164,https://doi.org/10.1261/rna.079849.123
6955,https://openalex.org/W2900446334,https://doi.org/10.18260/1-2--30513
6956,https://openalex.org/W2015438715,https://doi.org/10.1121/1.403280
6957,https://openalex.org/W4307021311,https://doi.org/10.26807/rfj.v10i10.311
6958,https://openalex.org/W2256748338,https://doi.org/10.1152/ajpheart.1995.269.1.h246
6959,https://openalex.org/W4396598373,https://doi.org/10.1111/kykl.12385
6960,https://openalex.org/W2886147229,https://doi.org/10.1093/hmg/ddy289
6961,https://openalex.org/W4212786978,https://doi.org/10.3390/ijms23031576
6962,https://openalex.org/W2171764926,https://doi.org/10.1109/baltic.2008.4625494
6963,https://openalex.org/W4294732719,https://doi.org/10.1504/ijdmmm.2022.125265
6964,https://openalex.org/W2107574581,https://doi.org/10.3139/105.110153
6965,https://openalex.org/W2184061413,
6966,https://openalex.org/W3092784051,https://doi.org/10.3390/en13205437
6967,https://openalex.org/W32682627,
6968,https://openalex.org/W2163576531,https://doi.org/10.1093/infdis/jiu348
6969,https://openalex.org/W2749223283,
6970,https://openalex.org/W4322584618,https://doi.org/10.1017/s1743921322000928
6971,https://openalex.org/W2075701612,https://doi.org/10.1107/s1600536810007932
6972,https://openalex.org/W2049716807,https://doi.org/10.1063/1.3356221
6973,https://openalex.org/W2763667389,https://doi.org/10.48550/arxiv.1704.01936
6974,https://openalex.org/W1551483909,https://doi.org/10.3171/2010.11.spine10350
6975,https://openalex.org/W4281398635,https://doi.org/10.1109/ipec54454.2022.9777571
6976,https://openalex.org/W3197684618,https://doi.org/10.3390/v13091700
6977,https://openalex.org/W4225315082,https://doi.org/10.3390/agronomy12051112
6978,https://openalex.org/W4385400733,https://doi.org/10.11591/ijeecs.v31.i3.pp1616-1623
6979,https://openalex.org/W2162121817,https://doi.org/10.1146/annurev.me.43.020192.002315
6980,https://openalex.org/W1969152308,https://doi.org/10.1002/ptr.2650010206
6981,https://openalex.org/W2028304766,https://doi.org/10.1007/s10165-008-0085-5
6982,https://openalex.org/W2052502873,https://doi.org/10.1093/eurheartj/8.suppl_l.53
6983,https://openalex.org/W1989998199,https://doi.org/10.1021/es960063a
6984,https://openalex.org/W3197754558,https://doi.org/10.1061/(asce)gt.1943-5606.0002660
6985,https://openalex.org/W2053434583,https://doi.org/10.1590/s0004-282x2003000100004
6986,https://openalex.org/W3213934754,https://doi.org/10.1063/5.0063113
6987,https://openalex.org/W767136139,
6988,https://openalex.org/W2091297719,https://doi.org/10.1111/j.1365-2966.2003.07135.x
6989,https://openalex.org/W4294193217,https://doi.org/10.3920/978-90-8686-939-8_27
6990,https://openalex.org/W2166537324,https://doi.org/10.1016/s0378-1097(03)00721-3
6991,https://openalex.org/W2096276975,https://doi.org/10.5194/acp-12-1353-2012
6992,https://openalex.org/W2966717117,https://doi.org/10.1080/00947679.1979.12066927
6993,https://openalex.org/W2053300941,https://doi.org/10.1088/0951-7715/16/4/316
6994,https://openalex.org/W2004091154,https://doi.org/10.1063/1.1678677
6995,https://openalex.org/W2016737056,https://doi.org/10.1371/journal.pone.0089568
6996,https://openalex.org/W2027709337,https://doi.org/10.1021/ja050568d
6997,https://openalex.org/W2371424274,
6998,https://openalex.org/W1972871291,https://doi.org/10.1215/00182168-85-1-127
6999,https://openalex.org/W2054331984,https://doi.org/10.2468/jbes.53.400
7000,https://openalex.org/W2060602985,https://doi.org/10.1039/b418054b
7001,https://openalex.org/W2382391102,
7002,https://openalex.org/W1978405751,https://doi.org/10.4103/0973-7847.65329
7003,https://openalex.org/W2538815689,https://doi.org/10.1109/icit.2003.1290261
7004,https://openalex.org/W3022844980,
7005,https://openalex.org/W2998019807,https://doi.org/10.12928/telkomnika.v18i1.13130
7006,https://openalex.org/W31747619,https://doi.org/10.1016/j.fct.2019.110975
7007,https://openalex.org/W4254089946,https://doi.org/10.1071/aseg2007ab174
7008,https://openalex.org/W580256426,https://doi.org/10.1016/j.ebcr.2015.02.002
7009,https://openalex.org/W92513728,
7010,https://openalex.org/W3194499564,https://doi.org/10.1109/tpami.2021.3106790
7011,https://openalex.org/W4388675617,https://doi.org/10.1134/s1070428023080109
7012,https://openalex.org/W2136681817,https://doi.org/10.1080/19331681.2014.958794
7013,https://openalex.org/W4385984455,https://doi.org/10.1080/08916152.2023.2246974
7014,https://openalex.org/W3154302012,
7015,https://openalex.org/W2733294617,https://doi.org/10.1364/ofc.1981.wl4
7016,https://openalex.org/W2170860152,https://doi.org/10.1111/j.1477-7053.2008.00255.x
7017,https://openalex.org/W2052826654,https://doi.org/10.1021/jo991942t
7018,https://openalex.org/W275811952,
7019,https://openalex.org/W1973312009,https://doi.org/10.1115/1.3207013
7020,https://openalex.org/W1998903310,https://doi.org/10.1021/jf00054a030
7021,https://openalex.org/W2466067028,https://doi.org/10.1021/acscentsci.5b00311
7022,https://openalex.org/W4393051252,https://doi.org/10.1186/s12951-024-02411-w
7023,https://openalex.org/W2128442990,
7024,https://openalex.org/W2739310834,https://doi.org/10.22373/jiif.v16i1.741
7025,https://openalex.org/W4388783284,https://doi.org/10.1029/2023jf007216
7026,https://openalex.org/W1565944568,https://doi.org/10.4018/jitbag.2010040101
7027,https://openalex.org/W2996782434,https://doi.org/10.3929/ethz-b-000387460
7028,https://openalex.org/W2796799785,https://doi.org/10.3389/fmicb.2018.00560
7029,https://openalex.org/W2921365680,https://doi.org/10.1111/tme.12586
7030,https://openalex.org/W2940458545,https://doi.org/10.1177/2041731419842431
7031,https://openalex.org/W2137635604,https://doi.org/10.1105/tpc.114.123455
7032,https://openalex.org/W2116449689,https://doi.org/10.1128/aem.01751-07
7033,https://openalex.org/W4396955314,https://doi.org/10.3390/toxics12050367
7034,https://openalex.org/W2086807703,https://doi.org/10.1002/(sici)1099-0755(199706)7:2<91::aid-aqc221>3.0.co;2-o
7035,https://openalex.org/W4246510849,https://doi.org/10.1094/cfw-65-4-0038
7036,https://openalex.org/W3125317253,https://doi.org/10.21100/msor.v19i1.1137
7037,https://openalex.org/W2325471167,https://doi.org/10.1097/00005176-198201010-00024
7038,https://openalex.org/W2075897766,https://doi.org/10.1002/(sici)1097-4547(19960515)44:4<308::aid-jnr2>3.0.co;2-g
7039,https://openalex.org/W2529619305,https://doi.org/10.1093/icvts/ivw336
7040,https://openalex.org/W2982670780,https://doi.org/10.1080/21645515.2019.1675456
7041,https://openalex.org/W1586428676,https://doi.org/10.15835/nbha3723241
7042,https://openalex.org/W2042307848,https://doi.org/10.1061/(asce)su.1943-5428.0000110
7043,https://openalex.org/W2115474922,https://doi.org/10.1210/jc.2014-3450
7044,https://openalex.org/W3145856456,
7045,https://openalex.org/W3082317877,https://doi.org/10.22146/gamaijb.51111
7046,https://openalex.org/W3133857457,https://doi.org/10.1002/pchj.437
7047,https://openalex.org/W2169632870,https://doi.org/10.1117/12.851443
7048,https://openalex.org/W2111727485,https://doi.org/10.1080/01443619750112565
7049,https://openalex.org/W2104831106,https://doi.org/10.1306/a25fef31-171b-11d7-8645000102c1865d
7050,https://openalex.org/W2158134346,https://doi.org/10.3905/jpm.2005.470582
7051,https://openalex.org/W2043495445,https://doi.org/10.3109/14767050902801785
7052,https://openalex.org/W2602901539,
7053,https://openalex.org/W2511728985,https://doi.org/10.5588/ijtld.15.1007
7054,https://openalex.org/W2103384537,https://doi.org/10.2217/pgs.13.81
7055,https://openalex.org/W4283077521,https://doi.org/10.1002/wjo2.53
7056,https://openalex.org/W2615837790,
7057,https://openalex.org/W4235060904,https://doi.org/10.1145/2555670.2466482
7058,https://openalex.org/W2039657651,https://doi.org/10.1116/1.1527646
7059,https://openalex.org/W2357498701,
7060,https://openalex.org/W2887634811,https://doi.org/10.1002/lno.10952
7061,https://openalex.org/W2779764380,https://doi.org/10.1104/pp.17.01412
7062,https://openalex.org/W4200548521,https://doi.org/10.1088/1742-6596/2143/1/012030
7063,https://openalex.org/W4403063387,https://doi.org/10.3390/biomedicines12102246
7064,https://openalex.org/W2063893672,https://doi.org/10.1109/fuzz-ieee.2012.6250834
7065,https://openalex.org/W2064590392,https://doi.org/10.1111/j.1939-1676.2011.00882.x
7066,https://openalex.org/W3122757383,
7067,https://openalex.org/W2057563073,https://doi.org/10.1080/01496398708068983
7068,https://openalex.org/W2082233590,https://doi.org/10.1002/jez.1400500202
7069,https://openalex.org/W4408122181,https://doi.org/10.3390/su17052149
7070,https://openalex.org/W4402840603,https://doi.org/10.33087/ekonomis.v8i2.1818
7071,https://openalex.org/W4404713027,https://doi.org/10.3390/curroncol31120554
7072,https://openalex.org/W2898331299,https://doi.org/10.1101/453423
7073,https://openalex.org/W2610806740,
7074,https://openalex.org/W2294673027,https://doi.org/10.1051/matecconf/20164401033
7075,https://openalex.org/W1701141768,https://doi.org/10.1128/iai.56.5.1144-1149.1988
7076,https://openalex.org/W2142329059,https://doi.org/10.1093/carcin/bgt006
7077,https://openalex.org/W2142921429,https://doi.org/10.1177/0018720808329843
7078,https://openalex.org/W2324923207,https://doi.org/10.2307/3800419
7079,https://openalex.org/W2039288420,https://doi.org/10.3109/1354750x.2010.511268
7080,https://openalex.org/W1543787997,https://doi.org/10.1111/j.1440-1746.2010.06408.x
7081,https://openalex.org/W2170203886,https://doi.org/10.2215/cjn.03470412
7082,https://openalex.org/W4412149816,https://doi.org/10.3390/pr13072199
7083,https://openalex.org/W1997052066,https://doi.org/10.1177/154193120404801410
7084,https://openalex.org/W2107065534,https://doi.org/10.1105/tpc.104.029629
7085,https://openalex.org/W50609362,
7086,https://openalex.org/W2323866009,https://doi.org/10.2340/00015555-1198
7087,https://openalex.org/W2046811681,https://doi.org/10.1109/81.922468
7088,https://openalex.org/W4311807280,https://doi.org/10.1109/ojvt.2022.3221841
7089,https://openalex.org/W2744936779,https://doi.org/10.18260/1-2--28473
7090,https://openalex.org/W3090874226,https://doi.org/10.1109/icimtech50083.2020.9211286
7091,https://openalex.org/W1995139501,https://doi.org/10.1109/tnano.2013.2294544
7092,https://openalex.org/W1981197310,https://doi.org/10.1080/10978526.2011.592800
7093,https://openalex.org/W2103804053,https://doi.org/10.1049/ip-gtd:19951489
7094,https://openalex.org/W2007707703,https://doi.org/10.1159/000342786
7095,https://openalex.org/W4212794720,https://doi.org/10.1210/en.138.2.819
7096,https://openalex.org/W2157144577,https://doi.org/10.1177/0269215509353252
7097,https://openalex.org/W4323900484,https://doi.org/10.36632/mejas/2022.12.4.35
7098,https://openalex.org/W57056853,https://doi.org/10.2307/1287657
7099,https://openalex.org/W4361806078,https://doi.org/10.48550/arxiv.2304.00019
7100,https://openalex.org/W2481069368,https://doi.org/10.3390/md14070135
7101,https://openalex.org/W1632440172,https://doi.org/10.1111/j.1365-2125.2010.03685.x
7102,https://openalex.org/W2589790723,https://doi.org/10.2174/1381612823666170210143530
7103,https://openalex.org/W2007677065,https://doi.org/10.1159/000129815
7104,https://openalex.org/W31611828,https://doi.org/10.2527/1991.6931047x
7105,https://openalex.org/W1518466240,https://doi.org/10.5860/choice.46-6736
7106,https://openalex.org/W122546562,
7107,https://openalex.org/W2081241584,https://doi.org/10.1097/00006205-199701000-00008
7108,https://openalex.org/W2467813483,
7109,https://openalex.org/W2060565212,https://doi.org/10.1111/j.1469-7998.1994.tb05264.x
7110,https://openalex.org/W2314698654,https://doi.org/10.15644/asc47/4/3
7111,https://openalex.org/W2042924687,https://doi.org/10.1021/ja00476a072
7112,https://openalex.org/W2019738894,https://doi.org/10.1115/sbc2008-192458
7113,https://openalex.org/W2891512469,https://doi.org/10.1111/jpc.14220
7114,https://openalex.org/W2070147964,https://doi.org/10.1049/el:19971077
7115,https://openalex.org/W2055884325,https://doi.org/10.1209/epl/i2001-00421-1
7116,https://openalex.org/W2166903831,https://doi.org/10.11591/ijece.v4i5.6447
7117,https://openalex.org/W2057014747,https://doi.org/10.4028/www.scientific.net/amr.462.693
7118,https://openalex.org/W1577123152,https://doi.org/10.1097/00007632-200005010-00011
7119,https://openalex.org/W2157595846,https://doi.org/10.1587/transfun.e98.a.2077
7120,https://openalex.org/W4296340124,https://doi.org/10.1109/icsip55141.2022.9886924
7121,https://openalex.org/W2026704085,https://doi.org/10.1021/bi00126a012
7122,https://openalex.org/W3136095909,https://doi.org/10.35940/ijeat.a1407.109119
7123,https://openalex.org/W2102272264,https://doi.org/10.1109/casset.2004.1321971
7124,https://openalex.org/W2613083771,https://doi.org/10.1080/20421338.2017.1309809
7125,https://openalex.org/W3039997853,https://doi.org/10.26499/jentera.v9i1.494
7126,https://openalex.org/W2065127798,https://doi.org/10.1109/ichi.2013.52
7127,https://openalex.org/W2468306295,https://doi.org/10.4269/ajtmh.1989.40.470
7128,https://openalex.org/W4390229836,https://doi.org/10.26682/csjuod.2023.26.2.38
7129,https://openalex.org/W2037350835,https://doi.org/10.4028/www.scientific.net/amr.287-290.15
7130,https://openalex.org/W4401726165,https://doi.org/10.1002/pc.28936
7131,https://openalex.org/W1984400729,https://doi.org/10.1080/09574042.2012.677235
7132,https://openalex.org/W3095591362,https://doi.org/10.1109/elticom50775.2020.9230497
7133,https://openalex.org/W4239014944,https://doi.org/10.1145/957199.804742
7134,https://openalex.org/W2062322602,https://doi.org/10.1080/00087114.1995.10797328
7135,https://openalex.org/W4246690805,https://doi.org/10.1287/14-ssy141
7136,https://openalex.org/W1987522622,https://doi.org/10.1364/josa.54.0265_1
7137,https://openalex.org/W2059627601,https://doi.org/10.1093/chromsci/27.11.680
7138,https://openalex.org/W2427550506,
7139,https://openalex.org/W2023772492,https://doi.org/10.1080/19320240903573983
7140,https://openalex.org/W2321698436,https://doi.org/10.5644/sjm.10.1.01
7141,https://openalex.org/W2112098956,https://doi.org/10.1109/tasc.2002.1018694
7142,https://openalex.org/W2462740438,
7143,https://openalex.org/W2805310582,https://doi.org/10.1038/s41426-018-0108-z
7144,https://openalex.org/W1980830054,https://doi.org/10.1243/095440905x8934
7145,https://openalex.org/W302934554,
7146,https://openalex.org/W2074261112,https://doi.org/10.1002/anie.200503663
7147,https://openalex.org/W2126889706,https://doi.org/10.1109/ptc.2001.964770
7148,https://openalex.org/W1957317733,https://doi.org/10.1080/1369183x.2015.1074857
7149,https://openalex.org/W2284672269,https://doi.org/10.5958/2349-4433.2015.00038.0
7150,https://openalex.org/W2048167411,https://doi.org/10.1108/02656719510101240
7151,https://openalex.org/W4210393335,https://doi.org/10.3390/jcm11030576
7152,https://openalex.org/W3048946090,https://doi.org/10.3934/eect.2020084
7153,https://openalex.org/W4308206589,https://doi.org/10.38159/ehass.2022sp31121
7154,https://openalex.org/W2040744542,https://doi.org/10.1590/s0004-282x2010000600014
7155,https://openalex.org/W3129856734,https://doi.org/10.1155/2021/6695679
7156,https://openalex.org/W4285046769,https://doi.org/10.3837/tiis.2022.06.012
7157,https://openalex.org/W1585621252,
7158,https://openalex.org/W2000140517,https://doi.org/10.1177/0363546512443807
7159,https://openalex.org/W1968678041,https://doi.org/10.1111/j.1751-1097.2012.01117.x
7160,https://openalex.org/W2124498790,https://doi.org/10.1016/j.canlet.2014.05.001
7161,https://openalex.org/W2011011037,https://doi.org/10.1093/applin/amn045
7162,https://openalex.org/W3118789753,https://doi.org/10.1155/2021/8826986
7163,https://openalex.org/W2147670997,https://doi.org/10.1093/alcalc/agg021
7164,https://openalex.org/W2874358480,https://doi.org/10.31555/jpbs/2017/5/2/14-19
7165,https://openalex.org/W2535391844,https://doi.org/10.1109/icaci.2012.6463322
7166,https://openalex.org/W2042318988,https://doi.org/10.1139/cjr50b-037
7167,https://openalex.org/W3098161552,https://doi.org/10.47223/irjay.2020.3815
7168,https://openalex.org/W2150525275,https://doi.org/10.1093/annhyg/26.2.227
7169,https://openalex.org/W4285596712,https://doi.org/10.20944/preprints202207.0214.v1
7170,https://openalex.org/W2084383701,https://doi.org/10.1021/ml400312j
7171,https://openalex.org/W2035854798,https://doi.org/10.1111/j.1365-2788.1991.tb00427.x
7172,https://openalex.org/W1480733049,https://doi.org/10.2166/wst.1994.0134
7173,https://openalex.org/W2756258288,https://doi.org/10.22363/2312-9182-2017-21-3-635-652
7174,https://openalex.org/W4205672295,https://doi.org/10.1186/s13046-022-02240-5
7175,https://openalex.org/W4377294159,https://doi.org/10.1038/s42003-023-04871-6
7176,https://openalex.org/W1966463308,https://doi.org/10.1088/0031-8949/1989/t25/060
7177,https://openalex.org/W2993077155,
7178,https://openalex.org/W2166121254,https://doi.org/10.3109/00365548909039975
7179,https://openalex.org/W3202678637,https://doi.org/10.3390/pathogens10101276
7180,https://openalex.org/W2127090403,https://doi.org/10.1071/zo00017
7181,https://openalex.org/W2047342647,https://doi.org/10.1246/bcsj.65.3192
7182,https://openalex.org/W1991035443,https://doi.org/10.1007/bf02268623
7183,https://openalex.org/W2346743715,https://doi.org/10.1017/s0003598x00075104
7184,https://openalex.org/W2048535292,https://doi.org/10.1103/physrevb.60.15201
7185,https://openalex.org/W4233154719,https://doi.org/10.21518/2079-701x-2017-7-48-55
7186,https://openalex.org/W4396629599,https://doi.org/10.1109/tai.2024.3396421
7187,https://openalex.org/W4387568526,https://doi.org/10.3390/jcm12206499
7188,https://openalex.org/W2142446768,https://doi.org/10.1088/0004-637x/761/2/164
7189,https://openalex.org/W2320382562,https://doi.org/10.1386/hosp.4.3.249_1
7190,https://openalex.org/W2729447387,https://doi.org/10.1111/ecoj.12527
7191,https://openalex.org/W2003910114,https://doi.org/10.1002/pola.1994.080321516
7192,https://openalex.org/W3014177682,https://doi.org/10.29335/tals.2019.57.1
7193,https://openalex.org/W1900801434,
7194,https://openalex.org/W589800037,https://doi.org/10.1246/nikkashi1948.88.6_678
7195,https://openalex.org/W2763782726,https://doi.org/10.2174/1874325001711011066
7196,https://openalex.org/W2085685955,https://doi.org/10.1252/jcej.11.475
7197,https://openalex.org/W2015285932,https://doi.org/10.1080/01421590701874082
7198,https://openalex.org/W4213010368,https://doi.org/10.3390/electronics11040670
7199,https://openalex.org/W68188595,https://doi.org/10.1177/0308275x9601600402
7200,https://openalex.org/W2795015666,https://doi.org/10.1109/biocas.2017.8325080
7201,https://openalex.org/W1537909695,https://doi.org/10.1109/eurbot.1996.551881
7202,https://openalex.org/W2061585875,https://doi.org/10.1107/s1744309106009742
7203,https://openalex.org/W1975823261,https://doi.org/10.7872/crya.v34.iss2.2013.103
7204,https://openalex.org/W2409075603,
7205,https://openalex.org/W2133102544,https://doi.org/10.1158/1078-0432.ccr-04-0463
7206,https://openalex.org/W2960422646,https://doi.org/10.1177/2374373519861023
7207,https://openalex.org/W1496199567,
7208,https://openalex.org/W1992050919,https://doi.org/10.1088/1674-1056/19/1/017203
7209,https://openalex.org/W4385602705,https://doi.org/10.1177/23294965231193382
7210,https://openalex.org/W4402842974,https://doi.org/10.15804/em.2024.02.11
7211,https://openalex.org/W2024104654,https://doi.org/10.1158/0008-5472.can-10-3126
7212,https://openalex.org/W2987385785,https://doi.org/10.1109/mssc.2019.2939339
7213,https://openalex.org/W1572054656,https://doi.org/10.1016/s0021-9258(18)93474-5
7214,https://openalex.org/W2056890953,https://doi.org/10.2514/2.3001
7215,https://openalex.org/W2134397285,https://doi.org/10.1123/jab.26.4.454
7216,https://openalex.org/W4233485163,https://doi.org/10.5130/pcr.v2i1.2519
7217,https://openalex.org/W3103387038,https://doi.org/10.3390/cells9112477
7218,https://openalex.org/W2015098794,https://doi.org/10.1016/j.jmwh.2007.07.009
7219,https://openalex.org/W2622440170,https://doi.org/10.3389/fpls.2017.00990
7220,https://openalex.org/W1497227806,https://doi.org/10.1108/00242531211207406
7221,https://openalex.org/W2899172816,https://doi.org/10.3390/app8112117
7222,https://openalex.org/W2807928027,https://doi.org/10.15244/pjoes/58764
7223,https://openalex.org/W4320918405,https://doi.org/10.3991/ijet.v18i03.38051
7224,https://openalex.org/W2345485297,https://doi.org/10.1590/1678-4324-2016150674
7225,https://openalex.org/W2016451891,https://doi.org/10.1177/1066896908318937
7226,https://openalex.org/W3113694592,
7227,https://openalex.org/W2184279864,
7228,https://openalex.org/W3170635312,https://doi.org/10.4018/ijkm.2021070101
7229,https://openalex.org/W1988468168,https://doi.org/10.1002/qj.49712454607
7230,https://openalex.org/W333567951,
7231,https://openalex.org/W2417082018,
7232,https://openalex.org/W4311456965,https://doi.org/10.1126/sciadv.add0695
7233,https://openalex.org/W2019956479,https://doi.org/10.1142/s0218495895000167
7234,https://openalex.org/W2061892392,https://doi.org/10.3892/ijmm.2.1.81
7235,https://openalex.org/W3216139481,https://doi.org/10.18231/j.jpbs.2021.011
7236,https://openalex.org/W1550123215,https://doi.org/10.1287/mnsc.45.6.804
7237,https://openalex.org/W2120557194,https://doi.org/10.1109/12.67328
7238,https://openalex.org/W4200192274,https://doi.org/10.17287/kbr.2021.25.4.99
7239,https://openalex.org/W2216850224,https://doi.org/10.37828/em.2016.5.1
7240,https://openalex.org/W3135645002,https://doi.org/10.1117/12.2583215
7241,https://openalex.org/W157127588,https://doi.org/10.13182/nt74-a31393
7242,https://openalex.org/W4400038213,https://doi.org/10.3390/rs16132339
7243,https://openalex.org/W2091025797,https://doi.org/10.1063/1.3531607
7244,https://openalex.org/W6931478778,https://doi.org/10.5281/zenodo.579729
7245,https://openalex.org/W3164214639,https://doi.org/10.1088/1748-9326/abfd5a
7246,https://openalex.org/W2082623239,https://doi.org/10.1002/pssb.200301759
7247,https://openalex.org/W2026515421,https://doi.org/10.1371/journal.pone.0092159
7248,https://openalex.org/W2946294953,https://doi.org/10.1002/anie.201903798
7249,https://openalex.org/W2149890896,https://doi.org/10.5944/endoxa.15.2002.5033
7250,https://openalex.org/W1553088074,
7251,https://openalex.org/W1985388285,https://doi.org/10.1097/00003072-199605000-00028
7252,https://openalex.org/W2136828394,https://doi.org/10.1111/j.1398-9995.1987.tb02209.x
7253,https://openalex.org/W2463891529,https://doi.org/10.1017/s000192590000706x
7254,https://openalex.org/W2072206203,https://doi.org/10.5731/pdajpst.2012.00860
7255,https://openalex.org/W2473640131,https://doi.org/10.1086/jar.34.3.3629782
7256,https://openalex.org/W1728234983,https://doi.org/10.3109/00365521.2015.1054425
7257,https://openalex.org/W3000307372,
7258,https://openalex.org/W4251958640,https://doi.org/10.31219/osf.io/2bv9x
7259,https://openalex.org/W3205408721,https://doi.org/10.1109/igarss47720.2021.9554615
7260,https://openalex.org/W188330122,
7261,https://openalex.org/W2566924226,https://doi.org/10.2320/matertrans.m2016302
7262,https://openalex.org/W2059220070,https://doi.org/10.1590/s0102-86502007000300005
7263,https://openalex.org/W291682859,
7264,https://openalex.org/W2131334694,
7265,https://openalex.org/W2060987744,https://doi.org/10.1134/s2075113312010029
7266,https://openalex.org/W2110582869,https://doi.org/10.2214/ajr.150.2.249
7267,https://openalex.org/W4402533484,https://doi.org/10.22201/igeof.2954436xe.2024.63.4.1725
7268,https://openalex.org/W2134999715,https://doi.org/10.1145/2485760.2485779
7269,https://openalex.org/W1844968816,https://doi.org/10.1002/pssa.200622592
7270,https://openalex.org/W4392450306,https://doi.org/10.1109/tvcg.2024.3372039
7271,https://openalex.org/W4298396175,https://doi.org/10.3126/ajms.v13i10.45812
7272,https://openalex.org/W2131298639,https://doi.org/10.1002/adma.200701043
7273,https://openalex.org/W2326305382,https://doi.org/10.1055/s-0032-1320537
7274,https://openalex.org/W2965775606,https://doi.org/10.25000/acem.527359
7275,https://openalex.org/W2022074294,https://doi.org/10.1144/sjg05020154
7276,https://openalex.org/W2343893962,https://doi.org/10.1002/nav.21684
7277,https://openalex.org/W2994249748,
7278,https://openalex.org/W4403487383,https://doi.org/10.1177/10998004241289629
7279,https://openalex.org/W1967514474,https://doi.org/10.2174/157340805774580475
7280,https://openalex.org/W4391715301,https://doi.org/10.1186/s13023-024-03068-2
7281,https://openalex.org/W2069921265,https://doi.org/10.1073/pnas.0400726101
7282,https://openalex.org/W2009007843,https://doi.org/10.1080/13880200490886157
7283,https://openalex.org/W4288751291,https://doi.org/10.4103/ijpm.ijpm_529_21
7284,https://openalex.org/W2113535967,https://doi.org/10.1109/iscid.2009.205
7285,https://openalex.org/W2074159992,https://doi.org/10.1163/157007407x178229
7286,https://openalex.org/W2100748291,
7287,https://openalex.org/W1914448576,https://doi.org/10.4049/jimmunol.139.3.831
7288,https://openalex.org/W2020044390,https://doi.org/10.1243/pime_proc_1986_200_103_02
7289,https://openalex.org/W2790439347,https://doi.org/10.1088/1612-202x/aaa94b
7290,https://openalex.org/W3037959537,https://doi.org/10.4103/ijo.ijo_1784_20
7291,https://openalex.org/W2790842421,https://doi.org/10.1080/13813455.2018.1427765
7292,https://openalex.org/W2912002037,https://doi.org/10.4149/cai_2018_6_1313
7293,https://openalex.org/W2036494302,https://doi.org/10.3109/02813439109026594
7294,https://openalex.org/W3119104055,https://doi.org/10.3390/math9020111
7295,https://openalex.org/W4387714543,https://doi.org/10.1109/icmmt58241.2023.10277270
7296,https://openalex.org/W3006813961,https://doi.org/10.1111/abac.12183
7297,https://openalex.org/W2769932971,https://doi.org/10.1634/theoncologist.2017-0344
7298,https://openalex.org/W3195886516,https://doi.org/10.1038/s41598-021-96324-5
7299,https://openalex.org/W2136377810,https://doi.org/10.1080/03736245.2002.9713753
7300,https://openalex.org/W3203317182,https://doi.org/10.1039/d1ta06317k
7301,https://openalex.org/W2408995194,
7302,https://openalex.org/W2038819180,https://doi.org/10.1117/12.519602
7303,https://openalex.org/W2326650117,https://doi.org/10.2514/6.2010-6979
7304,https://openalex.org/W2046581996,https://doi.org/10.1016/j.proeng.2014.06.389
7305,https://openalex.org/W3174901348,
7306,https://openalex.org/W2030605681,https://doi.org/10.1515/jsarp-2014-0019
7307,https://openalex.org/W2376267002,
7308,https://openalex.org/W1583328345,https://doi.org/10.1016/s0021-9258(19)47180-9
7309,https://openalex.org/W2059459207,https://doi.org/10.2118/112739-ms
7310,https://openalex.org/W1617291598,https://doi.org/10.19030/cier.v3i4.191
7311,https://openalex.org/W3007902479,
7312,https://openalex.org/W2014001227,https://doi.org/10.1207/s15328007sem0704_5
7313,https://openalex.org/W1996217820,https://doi.org/10.1006/geno.1994.1161
7314,https://openalex.org/W1992143124,https://doi.org/10.1097/sla.0b013e31816ffab6xxx
7315,https://openalex.org/W2310599083,
7316,https://openalex.org/W2553881545,https://doi.org/10.17485/ijst/2016/v9i42/85844
7317,https://openalex.org/W2794415758,https://doi.org/10.1002/anie.201800455
7318,https://openalex.org/W4395666811,https://doi.org/10.3390/jcm13092549
7319,https://openalex.org/W3083563826,https://doi.org/10.1049/iet-gtd.2020.0726
7320,https://openalex.org/W3026177271,https://doi.org/10.1108/ecam-03-2019-0155
7321,https://openalex.org/W2396987378,
7322,https://openalex.org/W2161692933,https://doi.org/10.1017/s037689290001777x
7323,https://openalex.org/W2088985226,https://doi.org/10.1159/000091979
7324,https://openalex.org/W2266094435,
7325,https://openalex.org/W2083469755,https://doi.org/10.1093/aesa/81.4.599
7326,https://openalex.org/W1718690176,https://doi.org/10.1109/aspaa.1999.810893
7327,https://openalex.org/W2992931149,https://doi.org/10.1103/physrevd.102.063523
7328,https://openalex.org/W2111672753,https://doi.org/10.1354/vp.37-1-40
7329,https://openalex.org/W2990436651,https://doi.org/10.14485/hbpr.6.6.5
7330,https://openalex.org/W2005701884,https://doi.org/10.1139/h09-137
7331,https://openalex.org/W3133500041,https://doi.org/10.1109/siu49456.2020.9302448
7332,https://openalex.org/W4205563747,https://doi.org/10.3917/arch.161.0003
7333,https://openalex.org/W2003003860,https://doi.org/10.1108/eb002214
7334,https://openalex.org/W2949267055,https://doi.org/10.1021/ja00841a025
7335,https://openalex.org/W1607229117,
7336,https://openalex.org/W4306761169,https://doi.org/10.5620/eaht.2022031
7337,https://openalex.org/W4210607279,https://doi.org/10.1007/s40948-022-00340-2
7338,https://openalex.org/W2985999400,https://doi.org/10.1182/blood-2019-126950
7339,https://openalex.org/W4220852938,https://doi.org/10.3390/transplantology3010011
7340,https://openalex.org/W2040471016,https://doi.org/10.3109/00498259309059440
7341,https://openalex.org/W2168385765,https://doi.org/10.1101/gad.246561.114
7342,https://openalex.org/W2102429900,https://doi.org/10.1517/14740338.2013.755957
7343,https://openalex.org/W3096932704,https://doi.org/10.1007/s40471-020-00247-0
7344,https://openalex.org/W4255072837,https://doi.org/10.1002/asi.21221
7345,https://openalex.org/W4200366402,https://doi.org/10.1109/itqmis53292.2021.9642762
7346,https://openalex.org/W4361212955,https://doi.org/10.3892/etm.2023.11918
7347,https://openalex.org/W2391650079,
7348,https://openalex.org/W2003504486,https://doi.org/10.1103/physrevb.43.10635
7349,https://openalex.org/W2013833490,https://doi.org/10.1159/000192752
7350,https://openalex.org/W3192038365,
7351,https://openalex.org/W2352131239,
7352,https://openalex.org/W7057976144,
7353,https://openalex.org/W2004479139,https://doi.org/10.1080/10587259208025804
7354,https://openalex.org/W2080282753,https://doi.org/10.1109/sbac-pad.2013.11
7355,https://openalex.org/W2499689590,https://doi.org/10.1093/comnet/cnw016
7356,https://openalex.org/W4365788277,https://doi.org/10.1109/incoft55651.2022.10094499
7357,https://openalex.org/W821549432,
7358,https://openalex.org/W1986092228,https://doi.org/10.1001/jama.2010.1386
7359,https://openalex.org/W1656187835,
7360,https://openalex.org/W1984935932,https://doi.org/10.3923/ijb.2008.236.240
7361,https://openalex.org/W2184514707,
7362,https://openalex.org/W2071750322,https://doi.org/10.1111/j.1751-1097.1967.tb08886.x
7363,https://openalex.org/W1970840736,https://doi.org/10.1086/108744
7364,https://openalex.org/W284876315,
7365,https://openalex.org/W2940345177,https://doi.org/10.1021/acs.jchemed.8b01008
7366,https://openalex.org/W4366084016,https://doi.org/10.1177/10820132231168914
7367,https://openalex.org/W2121103318,
7368,https://openalex.org/W4400657884,https://doi.org/10.1002/adma.202407029
7369,https://openalex.org/W4407204261,https://doi.org/10.1111/add.70010
7370,https://openalex.org/W2462757515,
7371,https://openalex.org/W2981924350,https://doi.org/10.1161/circresaha.119.314908
7372,https://openalex.org/W1975643327,https://doi.org/10.1021/la026969d
7373,https://openalex.org/W7074098311,
7374,https://openalex.org/W4232135290,https://doi.org/10.2208/jscejoe.72.i_503
7375,https://openalex.org/W4200199061,https://doi.org/10.1108/ict-03-2021-0018
7376,https://openalex.org/W4391760767,https://doi.org/10.1145/3632754.3633075
7377,https://openalex.org/W4239377971,https://doi.org/10.1017/s0305004100046946
7378,https://openalex.org/W2081858517,https://doi.org/10.1109/tr.1974.5215700
7379,https://openalex.org/W4386201099,https://doi.org/10.1056/nejmp2301347
7380,https://openalex.org/W3175539527,https://doi.org/10.1111/hepr.13689
7381,https://openalex.org/W2002512764,https://doi.org/10.1080/00206819309465516
7382,https://openalex.org/W4320518069,https://doi.org/10.5888/pcd20.220194
7383,https://openalex.org/W2152184363,
7384,https://openalex.org/W2984839092,https://doi.org/10.2478/bjdm-2019-0023
7385,https://openalex.org/W2048230046,https://doi.org/10.1002/ppul.1106
7386,https://openalex.org/W2808630671,https://doi.org/10.1002/ppul.24082
7387,https://openalex.org/W4283313070,https://doi.org/10.3390/separations9070157
7388,https://openalex.org/W2043819495,https://doi.org/10.1002/(sici)1097-0339(199709)17:3<197::aid-dc5>3.0.co;2-c
7389,https://openalex.org/W1964411446,https://doi.org/10.1080/02652030010009174
7390,https://openalex.org/W1651429079,https://doi.org/10.1016/j.proeng.2015.08.019
7391,https://openalex.org/W2133133430,https://doi.org/10.1093/fampra/cmr110
7392,https://openalex.org/W2037890245,https://doi.org/10.4314/wajm.v28i5.55012
7393,https://openalex.org/W3123218950,
7394,https://openalex.org/W1989496735,https://doi.org/10.1111/j.1545-5300.2009.01265.x
7395,https://openalex.org/W2035908088,https://doi.org/10.1071/ch9651605
7396,https://openalex.org/W2030374487,https://doi.org/10.1109/dcc.1999.785698
7397,https://openalex.org/W1525330226,
7398,https://openalex.org/W2072839815,https://doi.org/10.4137/bbi.s7977
7399,https://openalex.org/W4377138564,https://doi.org/10.29121/shodhkosh.v4.i1.2023.331
7400,https://openalex.org/W2889557058,https://doi.org/10.1039/c8cc05121f
7401,https://openalex.org/W2062423017,https://doi.org/10.4161/hv.5.8.8600
7402,https://openalex.org/W2623866847,
7403,https://openalex.org/W4309679264,https://doi.org/10.3390/pr10112424
7404,https://openalex.org/W2131715574,https://doi.org/10.1177/008124630603600406
7405,https://openalex.org/W1968526034,https://doi.org/10.1080/14772010903537732
7406,https://openalex.org/W4386944504,https://doi.org/10.1097/js9.0000000000000777
7407,https://openalex.org/W2139003722,https://doi.org/10.3390/s140814567
7408,https://openalex.org/W1975047955,https://doi.org/10.4236/jeas.2014.44014
7409,https://openalex.org/W1968051835,https://doi.org/10.1117/12.263165
7410,https://openalex.org/W2950059295,https://doi.org/10.1002/chin.199741226
7411,https://openalex.org/W70676186,
7412,https://openalex.org/W2112025147,https://doi.org/10.12968/ajmw.2012.6.3.125
7413,https://openalex.org/W2187196101,
7414,https://openalex.org/W2508190319,https://doi.org/10.1080/02701367.2016.1214665
7415,https://openalex.org/W2078000085,https://doi.org/10.1097/00001648-200509000-00093
7416,https://openalex.org/W2999442309,https://doi.org/10.13031/trans.13347
7417,https://openalex.org/W4247507077,https://doi.org/10.30955/gnj.002804
7418,https://openalex.org/W2124642651,https://doi.org/10.3233/isb-00087
7419,https://openalex.org/W4376866125,https://doi.org/10.1016/j.cscm.2023.e02150
7420,https://openalex.org/W3189273126,https://doi.org/10.57912/23857479.v1
7421,https://openalex.org/W2896513823,https://doi.org/10.1371/journal.pone.0205698
7422,https://openalex.org/W1978728514,https://doi.org/10.1002/hyp.6077
7423,https://openalex.org/W2127265949,https://doi.org/10.1309/1qwtqfmf0q9jeagr
7424,https://openalex.org/W2410027359,
7425,https://openalex.org/W2117188805,
7426,https://openalex.org/W1979560304,https://doi.org/10.1063/1.882267
7427,https://openalex.org/W1999853407,https://doi.org/10.1088/0960-1317/24/7/075003
7428,https://openalex.org/W2955598422,
7429,https://openalex.org/W4401339323,https://doi.org/10.1007/s44253-024-00047-0
7430,https://openalex.org/W2583158657,https://doi.org/10.1002/2016gb005561
7431,https://openalex.org/W2026350550,https://doi.org/10.4028/www.scientific.net/amr.368-373.357
7432,https://openalex.org/W2145370866,https://doi.org/10.1109/mc.2005.148
7433,https://openalex.org/W3112668924,https://doi.org/10.1016/j.envadv.2020.100024
7434,https://openalex.org/W2575061014,https://doi.org/10.20965/jrm.2013.p0038
7435,https://openalex.org/W2000125048,https://doi.org/10.1116/1.4773054
7436,https://openalex.org/W2113971969,https://doi.org/10.1109/essder.2005.1546605
7437,https://openalex.org/W2743091908,
7438,https://openalex.org/W2060569461,https://doi.org/10.1086/265240
7439,https://openalex.org/W2100445196,https://doi.org/10.1017/s0007114508019867
7440,https://openalex.org/W3011027314,https://doi.org/10.4028/www.scientific.net/msf.981.228
7441,https://openalex.org/W2156254732,https://doi.org/10.1039/c0nr00259c
7442,https://openalex.org/W2001945194,https://doi.org/10.1097/00000433-198809000-00012
7443,https://openalex.org/W2923797603,https://doi.org/10.1051/0004-6361/201834824
7444,https://openalex.org/W2978694757,https://doi.org/10.20961/teknodika.v16i2.34773
7445,https://openalex.org/W2210118122,https://doi.org/10.1152/ajpregu.1993.264.4.r761
7446,https://openalex.org/W2915355774,https://doi.org/10.1088/1742-6596/1161/1/012027
7447,https://openalex.org/W2606728437,https://doi.org/10.1080/08912963.2017.1313840
7448,https://openalex.org/W4200092554,https://doi.org/10.1111/os.13111
7449,https://openalex.org/W2582164355,https://doi.org/10.1109/ceec.2016.7835917
7450,https://openalex.org/W2776249564,https://doi.org/10.1080/09540121.2017.1417534
7451,https://openalex.org/W2947388447,https://doi.org/10.1021/acs.orglett.9b01341
7452,https://openalex.org/W2997380075,https://doi.org/10.3390/ijms21010192
7453,https://openalex.org/W2949472071,https://doi.org/10.3390/app9122422
7454,https://openalex.org/W2805484414,https://doi.org/10.1038/s41598-018-20812-4
7455,https://openalex.org/W2332460299,https://doi.org/10.1021/acssuschemeng.5b00001
7456,https://openalex.org/W2118776927,https://doi.org/10.1117/12.933399
7457,https://openalex.org/W6926539102,https://doi.org/10.22490/ecbti.3976
7458,https://openalex.org/W3130482066,https://doi.org/10.1109/eurad48048.2021.00051
7459,https://openalex.org/W4251075214,https://doi.org/10.2166/wst.1997.0210
7460,https://openalex.org/W4321443808,https://doi.org/10.1080/02331934.2023.2173968
7461,https://openalex.org/W3124285136,https://doi.org/10.1159/000512876
7462,https://openalex.org/W4225467064,https://doi.org/10.17523/bia.2022.v79.e1505
7463,https://openalex.org/W4310521350,https://doi.org/10.1109/ecce50734.2022.9947778
7464,https://openalex.org/W4322007923,https://doi.org/10.1177/13607804231156296
7465,https://openalex.org/W4381249015,https://doi.org/10.7759/cureus.40637
7466,https://openalex.org/W2152645040,https://doi.org/10.1146/annurev.es.16.110185.000505
7467,https://openalex.org/W2517911743,https://doi.org/10.1002/cmr.b.21325
7468,https://openalex.org/W2753281238,https://doi.org/10.4103/tjo.tjo_35_17
7469,https://openalex.org/W2164778590,https://doi.org/10.1177/009127009203201211
7470,https://openalex.org/W2004834869,https://doi.org/10.2190/5lx9-d3bh-fua3-pqf0
7471,https://openalex.org/W1951460726,https://doi.org/10.1111/j.1474-919x.2011.01206.x
7472,https://openalex.org/W1969192247,https://doi.org/10.1016/j.molonc.2012.09.006
7473,https://openalex.org/W2096896636,https://doi.org/10.1128/iai.25.3.1087-1089.1979
7474,https://openalex.org/W2610528531,https://doi.org/10.1109/eiconrus.2017.7910846
7475,https://openalex.org/W1568441711,https://doi.org/10.1111/j.1743-6109.2011.02290.x
7476,https://openalex.org/W2018263227,https://doi.org/10.1002/pro.5560030904
7477,https://openalex.org/W2042637448,https://doi.org/10.1111/j.1751-0813.1991.tb03088.x
7478,https://openalex.org/W2945387139,https://doi.org/10.1109/iccia.2018.00017
7479,https://openalex.org/W2008474792,https://doi.org/10.1002/masy.19940810122
7480,https://openalex.org/W1525340732,https://doi.org/10.1109/pimrc.2005.1651904
7481,https://openalex.org/W2166153181,https://doi.org/10.1111/j.1467-9817.2010.01478.x
7482,https://openalex.org/W2276564673,https://doi.org/10.1515/mcma-2014-0007
7483,https://openalex.org/W2546615415,https://doi.org/10.1080/1354750x.2016.1256429
7484,https://openalex.org/W3173763969,https://doi.org/10.37489/2587-7836-2020-3-52-60
7485,https://openalex.org/W2109462266,https://doi.org/10.1109/icmmt.2008.4540805
7486,https://openalex.org/W2509740556,https://doi.org/10.1182/blood.v120.21.52.52
7487,https://openalex.org/W2063793209,https://doi.org/10.1103/physrevb.67.235409
7488,https://openalex.org/W2172266312,https://doi.org/10.3389/fnhum.2014.00474
7489,https://openalex.org/W2083550657,https://doi.org/10.2514/6.2014-3472
7490,https://openalex.org/W2042343251,https://doi.org/10.4064/sm150-2-2
7491,https://openalex.org/W107883307,
7492,https://openalex.org/W2970648892,https://doi.org/10.1164/rccm.201811-2083oc
7493,https://openalex.org/W4360973014,https://doi.org/10.47178/jesit.v2i1.1230
7494,https://openalex.org/W4292583088,https://doi.org/10.3389/fonc.2022.855519
7495,https://openalex.org/W4213049357,https://doi.org/10.1177/10567879221076080
7496,https://openalex.org/W3202347426,https://doi.org/10.1016/j.ajog.2021.10.001
7497,https://openalex.org/W2995757765,
7498,https://openalex.org/W3118447157,https://doi.org/10.1364/osac.415702
7499,https://openalex.org/W4226351000,https://doi.org/10.20961/carakatani.v37i1.46498
7500,https://openalex.org/W2076463538,https://doi.org/10.1021/ic0156137
7501,https://openalex.org/W4221130052,https://doi.org/10.1080/10402004.2022.2050967
7502,https://openalex.org/W4300002986,https://doi.org/10.31219/osf.io/nhfqg
7503,https://openalex.org/W2019189742,https://doi.org/10.1143/ptps.101.271
7504,https://openalex.org/W4405771494,https://doi.org/10.24925/turjaf.v12i12.2557-2570.7057
7505,https://openalex.org/W2966749108,https://doi.org/10.1097/phh.0000000000001036
7506,https://openalex.org/W4401050536,https://doi.org/10.30865/json.v5i1.6823
7507,https://openalex.org/W2004785276,https://doi.org/10.1051/epn:2002204
7508,https://openalex.org/W105562399,https://doi.org/10.1097/01.wnp.0000184010.00653.ea
7509,https://openalex.org/W2466677160,https://doi.org/10.1080/01431161.2016.1199084
7510,https://openalex.org/W2333569924,https://doi.org/10.2307/1588053
7511,https://openalex.org/W20268316,https://doi.org/10.1021/ja01202a516
7512,https://openalex.org/W4300505101,
7513,https://openalex.org/W4387641507,https://doi.org/10.51957/healthline_548_2023
7514,https://openalex.org/W4319313183,https://doi.org/10.1101/2023.02.05.525539
7515,https://openalex.org/W2016632001,https://doi.org/10.1103/physrevd.47.3245
7516,https://openalex.org/W1807268550,https://doi.org/10.1002/macp.1973.021640124
7517,https://openalex.org/W4396830138,https://doi.org/10.1080/02664763.2024.2352751
7518,https://openalex.org/W2064956455,https://doi.org/10.1074/jbc.m705063200
7519,https://openalex.org/W2001642652,https://doi.org/10.1021/ac030151v
7520,https://openalex.org/W1782420359,
7521,https://openalex.org/W2325839789,https://doi.org/10.1093/jee/84.6.1905
7522,https://openalex.org/W2793769441,https://doi.org/10.1002/2017rg000588
7523,https://openalex.org/W2900472364,https://doi.org/10.1088/2053-1591/aaf362
7524,https://openalex.org/W4300893171,https://doi.org/10.2307/1889366
7525,https://openalex.org/W4403881179,https://doi.org/10.1002/jhm.13543
7526,https://openalex.org/W2321651847,https://doi.org/10.4077/cjp.2016.bad332
7527,https://openalex.org/W2047138321,https://doi.org/10.2118/29272-ms
7528,https://openalex.org/W2005463244,https://doi.org/10.1108/13527601011038714
7529,https://openalex.org/W2010427670,https://doi.org/10.1093/cww/vpn001
7530,https://openalex.org/W4407188616,https://doi.org/10.31178/inter.13.27.3
7531,https://openalex.org/W2087132372,https://doi.org/10.1109/nsyss.2015.7043532
7532,https://openalex.org/W1535989828,https://doi.org/10.47892/rgp.2013.331.232
7533,https://openalex.org/W2103082261,https://doi.org/10.7916/d8zp4cxs
7534,https://openalex.org/W4353097453,https://doi.org/10.3847/1538-4357/acb6f5
7535,https://openalex.org/W2054962838,https://doi.org/10.1080/10242690214334
7536,https://openalex.org/W4387270106,https://doi.org/10.1161/atvb.43.suppl_1.321
7537,https://openalex.org/W2098369417,https://doi.org/10.1109/hpdc.1996.546209
7538,https://openalex.org/W2761359406,https://doi.org/10.1136/bmjopen-2017-017178
7539,https://openalex.org/W2143805322,https://doi.org/10.14411/eje.2006.112
7540,https://openalex.org/W4231124569,https://doi.org/10.1002/(sici)1097-4644(199704)65:1<11::aid-jcb2>3.3.co;2-5
7541,https://openalex.org/W2080588323,https://doi.org/10.1017/s0269888909000113
7542,https://openalex.org/W3138454017,https://doi.org/10.3390/electronics10060757
7543,https://openalex.org/W2061600675,https://doi.org/10.1108/09696470610661126
7544,https://openalex.org/W3098376997,https://doi.org/10.1038/s41467-020-19482-6
7545,https://openalex.org/W2051066849,https://doi.org/10.1371/journal.pone.0009450
7546,https://openalex.org/W1484621267,https://doi.org/10.1109/iscas.1994.409632
7547,https://openalex.org/W139985578,https://doi.org/10.1042/bj2190959
7548,https://openalex.org/W2064902127,https://doi.org/10.1063/1.4772301
7549,https://openalex.org/W270870393,
7550,https://openalex.org/W2379534391,
7551,https://openalex.org/W2585525923,
7552,https://openalex.org/W2479485559,https://doi.org/10.1504/ijor.2016.10000141
7553,https://openalex.org/W2160141649,https://doi.org/10.1080/15325024.2013.791516
7554,https://openalex.org/W2802684555,https://doi.org/10.31631/2073-3046-2016-15-1-56-60
7555,https://openalex.org/W2890848636,https://doi.org/10.1088/2053-1591/aadd80
7556,https://openalex.org/W2019755378,https://doi.org/10.1504/ijbet.2009.022914
7557,https://openalex.org/W2999823941,
7558,https://openalex.org/W4310203914,https://doi.org/10.3390/hydrology9120211
7559,https://openalex.org/W2396668224,
7560,https://openalex.org/W2103986359,https://doi.org/10.1109/9.362894
7561,https://openalex.org/W2024314537,https://doi.org/10.1145/75308.75325
7562,https://openalex.org/W2082652686,https://doi.org/10.1001/archotol.1996.01890130031004
7563,https://openalex.org/W2052498043,https://doi.org/10.2298/avb0304201b
7564,https://openalex.org/W2611912615,https://doi.org/10.1097/01.aog.0000515616.17721.c9
7565,https://openalex.org/W2261891885,
7566,https://openalex.org/W4366603485,https://doi.org/10.1093/ehjci/jead060
7567,https://openalex.org/W2608610935,
7568,https://openalex.org/W4302441492,
7569,https://openalex.org/W2026284900,https://doi.org/10.1080/14678800100590609
7570,https://openalex.org/W2117681062,https://doi.org/10.1002/pssb.201552224
7571,https://openalex.org/W1993394257,https://doi.org/10.1002/pssb.2220660219
7572,https://openalex.org/W2263656403,https://doi.org/10.1666/0022-3360(2004)078<1016:anpqof>2.0.co;2
7573,https://openalex.org/W2337308421,https://doi.org/10.1042/bj3130827
7574,https://openalex.org/W1994188455,https://doi.org/10.1080/00063657809476573
7575,https://openalex.org/W11675005,
7576,https://openalex.org/W2082605673,https://doi.org/10.1080/02678292.2013.774065
7577,https://openalex.org/W1805128546,https://doi.org/10.4271/660469
7578,https://openalex.org/W44809888,
7579,https://openalex.org/W2412518832,https://doi.org/10.18267/j.polek.911
7580,https://openalex.org/W4381470575,https://doi.org/10.16288/j.yczz.23-022
7581,https://openalex.org/W2734577455,https://doi.org/10.1177/2378023117713099
7582,https://openalex.org/W2509707397,https://doi.org/10.1186/s12889-016-3567-y
7583,https://openalex.org/W4233329543,https://doi.org/10.2475/05.2011.04
7584,https://openalex.org/W2963426153,https://doi.org/10.1103/physreva.82.011610
7585,https://openalex.org/W1968931914,https://doi.org/10.1080/08827508908952638
7586,https://openalex.org/W2045872002,https://doi.org/10.1093/eurheartj/ehv150
7587,https://openalex.org/W1985947313,https://doi.org/10.1021/j100552a026
7588,https://openalex.org/W3006796473,https://doi.org/10.1080/10494820.2020.1728342
7589,https://openalex.org/W2031466805,https://doi.org/10.1074/jbc.m611117200
7590,https://openalex.org/W2350226561,
7591,https://openalex.org/W1544137434,https://doi.org/10.26083/tuprints-00000752
7592,https://openalex.org/W32440674,https://doi.org/10.1055/s-2004-825632
7593,https://openalex.org/W2379901920,
7594,https://openalex.org/W2008253519,https://doi.org/10.3109/01443618409075703
7595,https://openalex.org/W2989603999,https://doi.org/10.4103/ijmr.ijmr_1132_19
7596,https://openalex.org/W3199542263,https://doi.org/10.1148/radiol.2021203281
7597,https://openalex.org/W765936793,
7598,https://openalex.org/W2155813797,https://doi.org/10.1094/pdis-04-12-0357-re
7599,https://openalex.org/W2069793953,https://doi.org/10.1353/hjr.2010.0425
7600,https://openalex.org/W4391034327,https://doi.org/10.1002/rem.21773
7601,https://openalex.org/W125957059,https://doi.org/10.4134/bkms.2004.41.1.189
7602,https://openalex.org/W2036139844,https://doi.org/10.1097/00000542-199710000-00046
7603,https://openalex.org/W2287955092,https://doi.org/10.2298/sarh1508397p
7604,https://openalex.org/W2196064938,https://doi.org/10.7275/7127953
7605,https://openalex.org/W3111671674,https://doi.org/10.4239/wjd.v11.i12.567
7606,https://openalex.org/W2158777896,https://doi.org/10.1670/12-235
7607,https://openalex.org/W1941604329,https://doi.org/10.1109/ofc.2000.869455
7608,https://openalex.org/W2187096341,
7609,https://openalex.org/W4386946835,https://doi.org/10.1093/toxres/tfad083
7610,https://openalex.org/W4407727808,https://doi.org/10.1016/j.ejps.2025.107047
7611,https://openalex.org/W2058310950,https://doi.org/10.1097/00000658-198506000-00015
7612,https://openalex.org/W1995795189,https://doi.org/10.1093/mnras/283.1.119
7613,https://openalex.org/W4220861471,https://doi.org/10.1080/2374068x.2022.2054583
7614,https://openalex.org/W3045790655,https://doi.org/10.3390/nano10081493
7615,https://openalex.org/W2334550692,https://doi.org/10.1021/jm500865u
7616,https://openalex.org/W2349223594,
7617,https://openalex.org/W2044207398,https://doi.org/10.4161/hv.35119
7618,https://openalex.org/W4404878953,https://doi.org/10.1016/j.atech.2024.100672
7619,https://openalex.org/W3094557776,https://doi.org/10.3389/fnhum.2020.580581
7620,https://openalex.org/W93746130,https://doi.org/10.1042/bj1040833
7621,https://openalex.org/W2018865679,https://doi.org/10.1093/police/pat015
7622,https://openalex.org/W1987421423,https://doi.org/10.1021/jo00295a046
7623,https://openalex.org/W2148525750,https://doi.org/10.1111/j.1095-8649.1996.tb00079.x
7624,https://openalex.org/W4362657808,https://doi.org/10.1093/jbcr/irad052
7625,https://openalex.org/W2234790079,https://doi.org/10.1021/acs.jpcc.5b12597
7626,https://openalex.org/W2290642280,https://doi.org/10.13189/sa.2016.040307
7627,https://openalex.org/W2026027721,https://doi.org/10.1177/002070200606100215
7628,https://openalex.org/W2473570097,https://doi.org/10.5295/cdg.140497ml
7629,https://openalex.org/W2060592995,https://doi.org/10.1002/bit.260180711
7630,https://openalex.org/W2883241469,https://doi.org/10.1039/c8cp03302a
7631,https://openalex.org/W2531779339,https://doi.org/10.14740/wjnu280w
7632,https://openalex.org/W2051990691,https://doi.org/10.4103/0331-3131.133097
7633,https://openalex.org/W1972121858,https://doi.org/10.1080/00986440108912853
7634,https://openalex.org/W4293223711,https://doi.org/10.7146/ntfk.v109i1.130298
7635,https://openalex.org/W2399883031,https://doi.org/10.1016/j.epidem.2016.05.001
7636,https://openalex.org/W2321055502,https://doi.org/10.1097/brs.0b013e31825ab6c1
7637,https://openalex.org/W2374840247,
7638,https://openalex.org/W568317710,
7639,https://openalex.org/W4392868612,https://doi.org/10.1016/j.hroo.2024.03.002
7640,https://openalex.org/W1944590002,https://doi.org/10.1093/oxfordjournals.jbchem.a124522
7641,https://openalex.org/W2089987947,https://doi.org/10.4028/www.scientific.net/kem.306-308.7
7642,https://openalex.org/W2111633502,https://doi.org/10.3389/fnhum.2012.00011
7643,https://openalex.org/W2002158571,https://doi.org/10.1103/physreve.58.6503
7644,https://openalex.org/W2346937045,https://doi.org/10.1142/s0219887816500997
7645,https://openalex.org/W1669131924,
7646,https://openalex.org/W2410197017,
7647,https://openalex.org/W4214949187,https://doi.org/10.11646/zootaxa.5105.3.4
7648,https://openalex.org/W2589585833,https://doi.org/10.1109/icmlc.2016.7860874
7649,https://openalex.org/W2317478435,https://doi.org/10.1017/s0829320100007274
7650,https://openalex.org/W4385217852,https://doi.org/10.1039/d3cc03467d
7651,https://openalex.org/W4384345627,https://doi.org/10.1109/icse48619.2023.00217
7652,https://openalex.org/W2004421825,https://doi.org/10.1108/eum0000000003098
7653,https://openalex.org/W2486375228,https://doi.org/10.1002/bdra.23550
7654,https://openalex.org/W2060678034,https://doi.org/10.4103/2152-7806.93410
7655,https://openalex.org/W2510991952,https://doi.org/10.1109/eorsa.2016.7552774
7656,https://openalex.org/W2083449626,https://doi.org/10.1167/4.8.10
7657,https://openalex.org/W1603862079,https://doi.org/10.4049/jimmunol.192.supp.119.32
7658,https://openalex.org/W2078219141,https://doi.org/10.1504/ijmei.2014.065438
7659,https://openalex.org/W4240587968,https://doi.org/10.26686/wgtn.13237157
7660,https://openalex.org/W2593761458,https://doi.org/10.1002/ecs2.1704
7661,https://openalex.org/W2118208041,https://doi.org/10.1017/s0031182003003275
7662,https://openalex.org/W2168224696,https://doi.org/10.1530/eje.0.1420524
7663,https://openalex.org/W2883319595,https://doi.org/10.1002/cti2.1036
7664,https://openalex.org/W2919409602,https://doi.org/10.1145/3290420.3290432
7665,https://openalex.org/W3183858377,https://doi.org/10.1177/23247096211035232
7666,https://openalex.org/W2513119115,https://doi.org/10.21273/hortsci.21.3.498
7667,https://openalex.org/W2098807144,https://doi.org/10.1002/cphc.201402355
7668,https://openalex.org/W1987062061,https://doi.org/10.1002/csr.218
7669,https://openalex.org/W2133604043,https://doi.org/10.1186/gb-2010-11-6-r62
7670,https://openalex.org/W2510145312,https://doi.org/10.5453/jhps.32.53
7671,https://openalex.org/W2065433187,https://doi.org/10.1165/rcmb.2006-0238oc
7672,https://openalex.org/W2089028955,https://doi.org/10.1063/1.873827
7673,https://openalex.org/W1520053956,
7674,https://openalex.org/W3122000306,https://doi.org/10.1080/00207721.2021.1872117
7675,https://openalex.org/W1999050919,https://doi.org/10.1111/j.1600-0404.1983.tb04824.x
7676,https://openalex.org/W2462394092,
7677,https://openalex.org/W3159538654,https://doi.org/10.2514/1.i010897
7678,https://openalex.org/W4200511693,https://doi.org/10.1101/2021.12.10.472151
7679,https://openalex.org/W2491125572,https://doi.org/10.1080/00908317508945941
7680,https://openalex.org/W1974512259,https://doi.org/10.1177/009539902237276
7681,https://openalex.org/W1997453449,https://doi.org/10.1111/jvh.12219
7682,https://openalex.org/W4386381479,https://doi.org/10.46647/ijetms.2023.v07i04.006
7683,https://openalex.org/W2898650739,https://doi.org/10.21608/jhiph.2018.19915
7684,https://openalex.org/W2806398784,https://doi.org/10.31436/iiumej.v19i1.791
7685,https://openalex.org/W200932817,
7686,https://openalex.org/W2389369047,
7687,https://openalex.org/W1994870313,https://doi.org/10.5098/fhp.v3.3.3004
7688,https://openalex.org/W2727459456,https://doi.org/10.1109/tcsvt.2017.2720175
7689,https://openalex.org/W2221501275,https://doi.org/10.1163/15685268-00171p02
7690,https://openalex.org/W2899519158,https://doi.org/10.1093/geroni/igy023.640
7691,https://openalex.org/W2596229457,
7692,https://openalex.org/W3015214993,https://doi.org/10.1093/fampra/cmaa033
7693,https://openalex.org/W2418667205,
7694,https://openalex.org/W2055939036,https://doi.org/10.1016/j.entcs.2007.01.032
7695,https://openalex.org/W2947077712,https://doi.org/10.3390/polym11060960
7696,https://openalex.org/W2069344177,https://doi.org/10.1021/tx000144r
7697,https://openalex.org/W2060764895,https://doi.org/10.1037/0022-3514.81.6.1205
7698,https://openalex.org/W1522131672,
7699,https://openalex.org/W2767697869,https://doi.org/10.1097/md.0000000000008474
7700,https://openalex.org/W2614091510,
7701,https://openalex.org/W3122812506,
7702,https://openalex.org/W2809880428,https://doi.org/10.1093/jxb/ery238
7703,https://openalex.org/W2016880913,https://doi.org/10.1359/jbmr.0301229
7704,https://openalex.org/W3122877974,https://doi.org/10.21608/edj.2020.47230.1303
7705,https://openalex.org/W2091356231,https://doi.org/10.2495/icbeee20130041
7706,https://openalex.org/W2101537238,https://doi.org/10.1109/lpt.2010.2062498
7707,https://openalex.org/W2063451151,https://doi.org/10.1139/t86-075
7708,https://openalex.org/W4322768464,https://doi.org/10.1108/jgr-07-2022-0063
7709,https://openalex.org/W2064261651,https://doi.org/10.1055/s-0031-1297068
7710,https://openalex.org/W2520828211,https://doi.org/10.1161/strokeaha.116.013761
7711,https://openalex.org/W1593028938,
7712,https://openalex.org/W2787843973,https://doi.org/10.1016/j.jaip.2018.01.022
7713,https://openalex.org/W2008730600,https://doi.org/10.1046/j.1464-410x.2003.04082.x
7714,https://openalex.org/W4246198158,https://doi.org/10.1002/(sici)1096-8628(19990528)84:3<306::aid-ajmg29>3.3.co;2-9
7715,https://openalex.org/W1985726440,https://doi.org/10.1086/162736
7716,https://openalex.org/W2521419969,https://doi.org/10.1149/07514.0801ecst
7717,https://openalex.org/W2902311225,https://doi.org/10.1109/pvsc.2018.8547744
7718,https://openalex.org/W1751492183,https://doi.org/10.1039/c5tc01650a
7719,https://openalex.org/W4393333508,https://doi.org/10.58680/ej19947540
7720,https://openalex.org/W2110910287,https://doi.org/10.17161/str.1808.4968
7721,https://openalex.org/W4392209815,https://doi.org/10.1109/iccit60459.2023.10441392
7722,https://openalex.org/W1593728307,https://doi.org/10.4314/ujah.v10i2.67002
7723,https://openalex.org/W2108048072,https://doi.org/10.1080/03071022.2014.896545
7724,https://openalex.org/W4307267995,https://doi.org/10.3389/fnut.2022.979208
7725,https://openalex.org/W4207084281,https://doi.org/10.3389/fimmu.2022.811952
7726,https://openalex.org/W2886807453,https://doi.org/10.1109/mwsym.2018.8439244
7727,https://openalex.org/W1977462067,https://doi.org/10.1002/anie.198508781
7728,https://openalex.org/W2317991228,https://doi.org/10.3856/vol44-issue1-fulltext-3
7729,https://openalex.org/W4200563275,https://doi.org/10.1109/mass52906.2021.00090
7730,https://openalex.org/W19014220,https://doi.org/10.1037/0003-066x.63.8.684
7731,https://openalex.org/W4402283794,https://doi.org/10.3390/d16090547
7732,https://openalex.org/W2101745429,https://doi.org/10.1080/095530097144210
7733,https://openalex.org/W4323519767,https://doi.org/10.21883/pss.2023.01.54972.463
7734,https://openalex.org/W2397619077,
7735,https://openalex.org/W2131126877,https://doi.org/10.1029/jz067i004p01511
7736,https://openalex.org/W1544501563,
7737,https://openalex.org/W2078778800,https://doi.org/10.1243/jmes_jour_1964_006_021_02
7738,https://openalex.org/W6929742219,https://doi.org/10.48550/arxiv.cond-mat/9601135
7739,https://openalex.org/W3016626701,https://doi.org/10.4103/nah.nah_15_19
7740,https://openalex.org/W4372403081,https://doi.org/10.31234/osf.io/6jd3c
7741,https://openalex.org/W3193619592,https://doi.org/10.1109/ldia49489.2021.9505973
7742,https://openalex.org/W3117798692,https://doi.org/10.1016/j.ceja.2020.100084
7743,https://openalex.org/W1977137184,https://doi.org/10.1136/bjo.42.8.473
7744,https://openalex.org/W4401787277,https://doi.org/10.1177/00194662241265466
7745,https://openalex.org/W4317418752,https://doi.org/10.1109/gcce56475.2022.10014302
7746,https://openalex.org/W1601854323,https://doi.org/10.1111/j.1365-2702.2006.01674.x
7747,https://openalex.org/W3029510851,https://doi.org/10.1093/migration/mnaa005
7748,https://openalex.org/W4244163538,https://doi.org/10.1001/jama.277.22.1746
7749,https://openalex.org/W2914406333,https://doi.org/10.1364/oe.27.004907
7750,https://openalex.org/W2007824903,https://doi.org/10.1371/journal.pone.0112173
7751,https://openalex.org/W2056358496,https://doi.org/10.1093/mnras/259.4.725
7752,https://openalex.org/W2132237651,https://doi.org/10.15662/ijareeie.2014.0307039
7753,https://openalex.org/W2081749143,https://doi.org/10.1109/fg.2013.6553757
7754,https://openalex.org/W1976620045,https://doi.org/10.1097/00043764-199607000-00009
7755,https://openalex.org/W3135463986,https://doi.org/10.14748/vmf.v10i1.7418
7756,https://openalex.org/W2072759300,https://doi.org/10.1109/epe.2013.6634452
7757,https://openalex.org/W4299788062,
7758,https://openalex.org/W1864141223,https://doi.org/10.1002/maco.201206544
7759,https://openalex.org/W2314864103,https://doi.org/10.1097/ta.0b013e318238bee5
7760,https://openalex.org/W4390237024,https://doi.org/10.1103/physrevb.108.224432
7761,https://openalex.org/W1648956906,https://doi.org/10.1111/sjoe.12088
7762,https://openalex.org/W3206041008,https://doi.org/10.3897/arphapreprints.e73693
7763,https://openalex.org/W2049741837,https://doi.org/10.1155/2014/549619
7764,https://openalex.org/W2237669227,https://doi.org/10.1088/0253-6102/57/6/10
7765,https://openalex.org/W2783115827,https://doi.org/10.1177/1040638717753964
7766,https://openalex.org/W4281850682,https://doi.org/10.3390/e24060756
7767,https://openalex.org/W2005702812,https://doi.org/10.1897/05-017r.1
7768,https://openalex.org/W2055430566,https://doi.org/10.1097/00043764-198610000-00016
7769,https://openalex.org/W2883154335,https://doi.org/10.1177/2050313x18787646
7770,https://openalex.org/W1867599997,https://doi.org/10.15407/ubj87.03.107
7771,https://openalex.org/W2070830834,https://doi.org/10.1002/ecj.11747
7772,https://openalex.org/W2036476769,https://doi.org/10.1103/physrevb.23.4828
7773,https://openalex.org/W2068532691,https://doi.org/10.1097/01.tp.0000332301.80616.fa
7774,https://openalex.org/W2912543213,https://doi.org/10.1088/1748-0221/14/02/p02027
7775,https://openalex.org/W2112835442,https://doi.org/10.1139/b53-004
7776,https://openalex.org/W2064039624,https://doi.org/10.1111/vde.12071
7777,https://openalex.org/W2905534172,https://doi.org/10.21037/atm.2018.12.16
7778,https://openalex.org/W2004677620,https://doi.org/10.1080/00207720903308371
7779,https://openalex.org/W2019337892,https://doi.org/10.7224/1537-2073-3.4.10
7780,https://openalex.org/W3125824251,
7781,https://openalex.org/W4224256863,https://doi.org/10.1093/jme/tjac013
7782,https://openalex.org/W1719995771,https://doi.org/10.1137/15m1007872
7783,https://openalex.org/W2072780794,https://doi.org/10.1109/imac4s.2013.6526480
7784,https://openalex.org/W2086637265,https://doi.org/10.1109/icme.2012.113
7785,https://openalex.org/W2054807753,https://doi.org/10.1097/mph.0b013e31821f0eaf
7786,https://openalex.org/W2045804439,https://doi.org/10.1109/tcapt.2007.898709
7787,https://openalex.org/W2056055065,https://doi.org/10.1089/jwh.2006.0057
7788,https://openalex.org/W2045141094,https://doi.org/10.14356/kona.2002029
7789,https://openalex.org/W1607904195,https://doi.org/10.1159/000382036
7790,https://openalex.org/W2277019308,https://doi.org/10.12968/denu.2015.42.3.221
7791,https://openalex.org/W2005956659,https://doi.org/10.1080/15376494.2012.707753
7792,https://openalex.org/W2114510380,https://doi.org/10.1049/el:20060721
7793,https://openalex.org/W2965598240,https://doi.org/10.1136/openhrt-2019-001044
7794,https://openalex.org/W4235010868,https://doi.org/10.2307/2335668
7795,https://openalex.org/W2062390447,https://doi.org/10.4043/23173-ms
7796,https://openalex.org/W2747003594,https://doi.org/10.1063/1.5016179
7797,https://openalex.org/W2116031655,https://doi.org/10.13171/mjc.3.5.2014.10.10.16.08
7798,https://openalex.org/W2032428338,https://doi.org/10.1073/pnas.78.1.138
7799,https://openalex.org/W4246452841,https://doi.org/10.2307/3592378
7800,https://openalex.org/W2914682543,https://doi.org/10.3389/fpsyg.2019.00012
7801,https://openalex.org/W2275418896,https://doi.org/10.1088/1742-6596/609/1/012005
7802,https://openalex.org/W2059535837,https://doi.org/10.1111/j.1440-1827.1981.tb02803.x
7803,https://openalex.org/W2320871807,https://doi.org/10.1371/journal.pone.0150036
7804,https://openalex.org/W2051907415,https://doi.org/10.1177/1087054710365993
7805,https://openalex.org/W6888073696,https://doi.org/10.18420/oid2024_15
7806,https://openalex.org/W4392418584,https://doi.org/10.3901/jme.2023.09.298
7807,https://openalex.org/W1964372330,https://doi.org/10.4028/www.scientific.net/amm.58-60.613
7808,https://openalex.org/W2087244897,https://doi.org/10.1021/np50035a001
7809,https://openalex.org/W2963097367,
7810,https://openalex.org/W1995660912,https://doi.org/10.1029/jc082i021p03119
7811,https://openalex.org/W754045342,
7812,https://openalex.org/W2199970567,https://doi.org/10.30835/2413-7510.2014.42140
7813,https://openalex.org/W3009049867,https://doi.org/10.1016/j.physletb.2020.135631
7814,https://openalex.org/W2531129268,https://doi.org/10.1016/j.jamcollsurg.2016.08.038
7815,https://openalex.org/W4283795606,https://doi.org/10.1515/zpch-2021-3160
7816,https://openalex.org/W2358948502,
7817,https://openalex.org/W631858312,
7818,https://openalex.org/W202064885,
7819,https://openalex.org/W2080302094,https://doi.org/10.1117/12.962829
7820,https://openalex.org/W2801460366,https://doi.org/10.1111/iju.13590
7821,https://openalex.org/W2059542017,https://doi.org/10.1182/blood-2003-02-0633
7822,https://openalex.org/W2781135902,https://doi.org/10.18203/2349-2902.isj20175915
7823,https://openalex.org/W4386294347,https://doi.org/10.1111/taja.12480
7824,https://openalex.org/W2080831547,https://doi.org/10.1143/jpsj.44.482
7825,https://openalex.org/W2047699049,https://doi.org/10.1088/0305-4616/4/10/008
7826,https://openalex.org/W4407114144,https://doi.org/10.1021/acsnano.4c09399
7827,https://openalex.org/W2560553182,https://doi.org/10.1002/jcph.843
7828,https://openalex.org/W2103050904,https://doi.org/10.1007/bf02289696
7829,https://openalex.org/W2471994960,https://doi.org/10.1055/s-0036-1579661
7830,https://openalex.org/W2997924584,https://doi.org/10.1080/25726641.2019.1708656
7831,https://openalex.org/W2370826281,
7832,https://openalex.org/W3004121384,https://doi.org/10.3390/cryst10020072
7833,https://openalex.org/W2152164390,https://doi.org/10.1128/jcm.33.5.1292-1295.1995
7834,https://openalex.org/W4249362793,https://doi.org/10.32920/ryerson.14665491
7835,https://openalex.org/W246274357,https://doi.org/10.29049/rjcc.2010.18.6.1127
7836,https://openalex.org/W1194826699,https://doi.org/10.1089/jamp.2014.1125
7837,https://openalex.org/W2068912914,https://doi.org/10.1109/icra.2012.6224720
7838,https://openalex.org/W2061857445,https://doi.org/10.1016/j.sbspro.2013.07.086
7839,https://openalex.org/W314826190,
7840,https://openalex.org/W2053409223,https://doi.org/10.4055/jkoa.2010.45.6.456
7841,https://openalex.org/W2158647334,https://doi.org/10.1111/jphp.12484
7842,https://openalex.org/W4306316918,https://doi.org/10.1145/3511808.3557622
7843,https://openalex.org/W1482978890,https://doi.org/10.57262/die/1371569623
7844,https://openalex.org/W3019565908,https://doi.org/10.35484/pssr.2020(4-i)27
7845,https://openalex.org/W4394890099,https://doi.org/10.1108/bfj-06-2023-0517
7846,https://openalex.org/W657285625,
7847,https://openalex.org/W2768924842,https://doi.org/10.1088/1742-6596/898/3/032022
7848,https://openalex.org/W2536196305,https://doi.org/10.1134/s0013873816060129
7849,https://openalex.org/W2084786372,https://doi.org/10.1103/physrevlett.80.3308
7850,https://openalex.org/W2588055458,https://doi.org/10.1109/isgteurope.2016.7856305
7851,https://openalex.org/W4391684344,https://doi.org/10.1002/fes3.521
7852,https://openalex.org/W2887537457,https://doi.org/10.2478/ssa-2018-0001
7853,https://openalex.org/W2961780167,
7854,https://openalex.org/W2067844651,https://doi.org/10.1111/j.1542-4758.2005.01167.x
7855,https://openalex.org/W4243967191,https://doi.org/10.4108/icst.simutools.2013.251705
7856,https://openalex.org/W4255349279,https://doi.org/10.3280/dipa2009-024008
7857,https://openalex.org/W2979141755,https://doi.org/10.20945/2359-3997000000179
7858,https://openalex.org/W4304693415,https://doi.org/10.36227/techrxiv.13154075.v2
7859,https://openalex.org/W4205346953,https://doi.org/10.3390/ma15020537
7860,https://openalex.org/W2758295408,https://doi.org/10.7567/jjap.56.10pb07
7861,https://openalex.org/W4393255353,https://doi.org/10.1016/j.xcrp.2024.101896
7862,https://openalex.org/W2690948692,https://doi.org/10.1039/c7ce00856b
7863,https://openalex.org/W2132243912,https://doi.org/10.1046/j.1365-2133.1998.02219.x
7864,https://openalex.org/W2022174004,https://doi.org/10.1021/i260026a007
7865,https://openalex.org/W2060392359,https://doi.org/10.1002/eji.1830200806
7866,https://openalex.org/W2346350854,https://doi.org/10.6180/jase.2001.4.2.03
7867,https://openalex.org/W2011385512,https://doi.org/10.1016/j.pmrj.2014.01.011
7868,https://openalex.org/W2910782513,https://doi.org/10.1039/c8sc04591g
7869,https://openalex.org/W13477622,https://doi.org/10.4271/1999-01-1921
7870,https://openalex.org/W3112842018,https://doi.org/10.5555/3144605.3144641
7871,https://openalex.org/W1931582499,https://doi.org/10.1111/wrr.12309
7872,https://openalex.org/W1964171169,https://doi.org/10.1111/j.1471-0528.1992.tb14502.x
7873,https://openalex.org/W2906128186,https://doi.org/10.1109/access.2018.2888694
7874,https://openalex.org/W828911496,https://doi.org/10.57709/1919035
7875,https://openalex.org/W2783572930,https://doi.org/10.14258/abs.v3i4.3633
7876,https://openalex.org/W2067005833,https://doi.org/10.2169/internalmedicine.50.5012
7877,https://openalex.org/W2034394940,https://doi.org/10.1039/c2mb25502b
7878,https://openalex.org/W4200121838,https://doi.org/10.3390/s21248430
7879,https://openalex.org/W1971760980,https://doi.org/10.1094/pd-72-0113
7880,https://openalex.org/W2048583340,https://doi.org/10.1081/scc-120026326
7881,https://openalex.org/W1983690108,https://doi.org/10.1098/rspb.1969.0079
7882,https://openalex.org/W2600317476,https://doi.org/10.1042/bst0160733
7883,https://openalex.org/W2167231523,https://doi.org/10.1364/josaa.16.002935
7884,https://openalex.org/W2767072093,https://doi.org/10.1364/pibm.2017.w3a.122
7885,https://openalex.org/W4403053531,https://doi.org/10.1101/2024.10.01.24314730
7886,https://openalex.org/W2068334093,https://doi.org/10.1227/01.neu.0000053367.94965.6b
7887,https://openalex.org/W2111114462,https://doi.org/10.1109/62.587052
7888,https://openalex.org/W2238114637,https://doi.org/10.22132/tel.2008.122667
7889,https://openalex.org/W2128267870,https://doi.org/10.1258/095646203765371231
7890,https://openalex.org/W2369240000,
7891,https://openalex.org/W1998485548,https://doi.org/10.1889/1.2433538
7892,https://openalex.org/W2905534331,https://doi.org/10.31421/ijhs/8/2/343
7893,https://openalex.org/W4392511631,https://doi.org/10.1002/rob.22312
7894,https://openalex.org/W2018709236,https://doi.org/10.1147/rd.431.0127
7895,https://openalex.org/W2238966380,https://doi.org/10.1111/psyp.12604
7896,https://openalex.org/W2017283621,https://doi.org/10.1037/h0077330
7897,https://openalex.org/W3038748052,https://doi.org/10.1017/s1431927600029883
7898,https://openalex.org/W2140578725,https://doi.org/10.1109/jmems.2007.892911
7899,https://openalex.org/W2397648891,
7900,https://openalex.org/W4383068336,https://doi.org/10.1101/2023.07.03.547592
7901,https://openalex.org/W2412185377,
7902,https://openalex.org/W1606948862,https://doi.org/10.2307/429525
7903,https://openalex.org/W3010680176,https://doi.org/10.1093/cercor/bhaa044
7904,https://openalex.org/W3008446009,https://doi.org/10.1097/acm.0000000000003112
7905,https://openalex.org/W2143637647,https://doi.org/10.1017/s1752971911000054
7906,https://openalex.org/W2021508329,https://doi.org/10.1161/01.cir.63.1.220
7907,https://openalex.org/W4360784883,https://doi.org/10.47679/jopp.423332022
7908,https://openalex.org/W1968374708,https://doi.org/10.1080/03075077912331377101
7909,https://openalex.org/W7000745729,
7910,https://openalex.org/W3157539199,https://doi.org/10.1101/2021.05.06.441257
7911,https://openalex.org/W2022460700,https://doi.org/10.1002/uog.13606
7912,https://openalex.org/W4319065412,https://doi.org/10.1111/1756-185x.14576
7913,https://openalex.org/W2036163594,https://doi.org/10.1080/0013188990410103
7914,https://openalex.org/W45155043,
7915,https://openalex.org/W3186510754,https://doi.org/10.3390/w13152027
7916,https://openalex.org/W1984064387,https://doi.org/10.1159/000073369
7917,https://openalex.org/W2160353277,https://doi.org/10.1152/jappl.1999.86.2.461
7918,https://openalex.org/W6930440632,https://doi.org/10.5281/zenodo.12169047
7919,https://openalex.org/W2605013037,https://doi.org/10.24138/jcomss.v2i1.301
7920,https://openalex.org/W4242541852,https://doi.org/10.18044/medinform.201523.245
7921,https://openalex.org/W3016133825,https://doi.org/10.2991/assehr.k.200406.049
7922,https://openalex.org/W1482897918,https://doi.org/10.1002/mrd.22433
7923,https://openalex.org/W2295158174,https://doi.org/10.1117/12.411832
7924,https://openalex.org/W3031369187,https://doi.org/10.3760/cma.j.issn.1671-8925.2006.08.004
7925,https://openalex.org/W2606602370,https://doi.org/10.12659/msmbr.902558
7926,https://openalex.org/W2334536252,https://doi.org/10.1299/kikaic.70.158
7927,https://openalex.org/W2725793594,https://doi.org/10.1088/1757-899x/210/1/012032
7928,https://openalex.org/W4402883982,https://doi.org/10.1002/adfm.202412864
7929,https://openalex.org/W1990555043,https://doi.org/10.1108/13673270710762783
7930,https://openalex.org/W2791957212,https://doi.org/10.1017/s1742170517000679
7931,https://openalex.org/W2002751708,https://doi.org/10.1080/02508281.2007.11081542
7932,https://openalex.org/W1178207156,
7933,https://openalex.org/W2052610206,https://doi.org/10.1107/s0108270190006436
7934,https://openalex.org/W4407172151,https://doi.org/10.1016/j.jtha.2025.01.011
7935,https://openalex.org/W4384828008,https://doi.org/10.26904/rf-148-4824086154
7936,https://openalex.org/W2007896716,https://doi.org/10.1029/1999gl010844
7937,https://openalex.org/W3164487781,https://doi.org/10.24425/opelre.2021.135825
7938,https://openalex.org/W4410186393,https://doi.org/10.1002/ange.202506960
7939,https://openalex.org/W1924169242,https://doi.org/10.1108/13563280910931072
7940,https://openalex.org/W2078163711,https://doi.org/10.1143/jjap.30.2466
7941,https://openalex.org/W1982367949,https://doi.org/10.1089/108497801750096005
7942,https://openalex.org/W2969595342,https://doi.org/10.1177/0047287519868307
7943,https://openalex.org/W2243492658,
7944,https://openalex.org/W3172987170,https://doi.org/10.3390/risks9060107
7945,https://openalex.org/W3197275851,https://doi.org/10.3847/1538-4357/ac22ad
7946,https://openalex.org/W1988276190,https://doi.org/10.2474/trol.8.171
7947,https://openalex.org/W919384019,
7948,https://openalex.org/W3005137508,https://doi.org/10.1109/pvsc40753.2019.8980933
7949,https://openalex.org/W2076617082,https://doi.org/10.1046/j.1365-2427.1997.00226.x
7950,https://openalex.org/W2559085846,https://doi.org/10.1111/ssqu.12342
7951,https://openalex.org/W2112932599,https://doi.org/10.1080/01621459.1981.10477624
7952,https://openalex.org/W2021866526,https://doi.org/10.1002/1529-0131(200004)13:2<112::aid-anr5>3.0.co;2-l
7953,https://openalex.org/W3005100926,https://doi.org/10.1097/mnm.0000000000001145
7954,https://openalex.org/W2968665632,
7955,https://openalex.org/W2325167042,https://doi.org/10.2330/joralbiosci1965.23.601
7956,https://openalex.org/W653295343,
7957,https://openalex.org/W2023379000,https://doi.org/10.1080/07359683.2010.519990
7958,https://openalex.org/W3176211153,https://doi.org/10.15241/sdal.11.2.248
7959,https://openalex.org/W2334696740,https://doi.org/10.1021/ja01153a044
7960,https://openalex.org/W2315840682,https://doi.org/10.17478/jeysg.201419009
7961,https://openalex.org/W2092278553,https://doi.org/10.1002/recl.19790980520
7962,https://openalex.org/W3000153713,https://doi.org/10.2523/iptc-20249-ms
7963,https://openalex.org/W2441041479,
7964,https://openalex.org/W1998492256,https://doi.org/10.2514/3.27005
7965,https://openalex.org/W3046234204,https://doi.org/10.1039/d0tc03210g
7966,https://openalex.org/W2085627747,https://doi.org/10.1177/000456328802500421
7967,https://openalex.org/W2626235006,https://doi.org/10.1002/wics.1403
7968,https://openalex.org/W2325315656,https://doi.org/10.1246/nikkashi1948.84.75
7969,https://openalex.org/W2574238001,https://doi.org/10.1016/j.gmit.2016.11.007
7970,https://openalex.org/W2310119032,https://doi.org/10.5935/1806-0013.20160017
7971,https://openalex.org/W2141178095,https://doi.org/10.5897/ajb2003.000-1083
7972,https://openalex.org/W4383736340,https://doi.org/10.3390/math11133027
7973,https://openalex.org/W2104333234,https://doi.org/10.1109/infcom.2003.1209232
7974,https://openalex.org/W2063627935,https://doi.org/10.1080/00150199208015588
7975,https://openalex.org/W2320468380,https://doi.org/10.1097/yco.0b013e3283477afb
7976,https://openalex.org/W4223531962,https://doi.org/10.3390/d14040283
7977,https://openalex.org/W4391021186,https://doi.org/10.1109/icpeev58650.2023.10391840
7978,https://openalex.org/W1991575344,https://doi.org/10.1097/00042560-199611010-00015
7979,https://openalex.org/W2028213959,https://doi.org/10.1179/146311809x12520565987250
7980,https://openalex.org/W2325470401,https://doi.org/10.1109/epe.2014.6910778
7981,https://openalex.org/W2557444005,https://doi.org/10.1186/s40677-016-0061-x
7982,https://openalex.org/W2903664754,https://doi.org/10.1111/1475-6765.12314
7983,https://openalex.org/W2168289071,https://doi.org/10.1109/coase.2007.4341772
7984,https://openalex.org/W2910453590,https://doi.org/10.1109/iros.2018.8594232
7985,https://openalex.org/W2001195468,https://doi.org/10.1017/s0008197300012356
7986,https://openalex.org/W2006128416,https://doi.org/10.1080/01443410.2011.559309
7987,https://openalex.org/W2011853452,https://doi.org/10.1071/mf03202
7988,https://openalex.org/W3134936029,https://doi.org/10.1088/1757-899x/1093/1/012002
7989,https://openalex.org/W4396706633,https://doi.org/10.1002/ange.202405287
7990,https://openalex.org/W3091429374,https://doi.org/10.1109/icip40778.2020.9191261
7991,https://openalex.org/W3140806780,https://doi.org/10.1111/pan.14188
7992,https://openalex.org/W2999850471,https://doi.org/10.1134/s2070205119070190
7993,https://openalex.org/W2118678174,https://doi.org/10.1109/allerton.2009.5394497
7994,https://openalex.org/W2594388011,https://doi.org/10.1088/0031-9112/37/10/026
7995,https://openalex.org/W2582002673,https://doi.org/10.5935/medicalexpress.2017.01.03
7996,https://openalex.org/W2963082927,https://doi.org/10.1017/s0140525x19002000
7997,https://openalex.org/W4324306035,https://doi.org/10.1371/journal.pone.0280396
7998,https://openalex.org/W2050255396,https://doi.org/10.1093/ietcom/e89-b.12.3433
7999,https://openalex.org/W2163095314,
8000,https://openalex.org/W2769769624,https://doi.org/10.1097/cmr.0000000000000412
8001,https://openalex.org/W2785341188,https://doi.org/10.1101/246603
8002,https://openalex.org/W4319078552,https://doi.org/10.1136/bmjopen-2022-064376
8003,https://openalex.org/W2090950259,https://doi.org/10.1177/147323000903700427
8004,https://openalex.org/W2176286286,https://doi.org/10.2466/06.21.pr0.117c17z0
8005,https://openalex.org/W4200626666,https://doi.org/10.12775/pbe.2021.045
8006,https://openalex.org/W2159583888,https://doi.org/10.1109/itsc.2004.1398969
8007,https://openalex.org/W7071786562,
8008,https://openalex.org/W2124784442,https://doi.org/10.1186/1471-2458-12-794
8009,https://openalex.org/W4411812008,https://doi.org/10.1063/5.0274028
8010,https://openalex.org/W2022840919,https://doi.org/10.1111/j.1750-3841.2010.01922.x
8011,https://openalex.org/W2029032352,https://doi.org/10.4088/jcp.v66n0804
8012,https://openalex.org/W2018076342,https://doi.org/10.1615/jwomenminorscieneng.2015010814
8013,https://openalex.org/W4386110263,https://doi.org/10.56808/2985-1130.2921
8014,https://openalex.org/W2012042071,https://doi.org/10.1111/j.1600-0587.1998.tb00393.x
8015,https://openalex.org/W1972431835,https://doi.org/10.1139/l78-054
8016,https://openalex.org/W2208864699,https://doi.org/10.15150/lt.2008.842
8017,https://openalex.org/W3037284913,https://doi.org/10.1080/00207721.2020.1783022
8018,https://openalex.org/W26624959,https://doi.org/10.1021/acs.chemrestox.5b00323
8019,https://openalex.org/W817501309,
8020,https://openalex.org/W2378706538,
8021,https://openalex.org/W1704530104,https://doi.org/10.1111/nhs.12130
8022,https://openalex.org/W2116245826,https://doi.org/10.1046/j.1365-2028.2000.00229.x
8023,https://openalex.org/W2031401496,https://doi.org/10.2460/javma.230.7.1032
8024,https://openalex.org/W2810114378,https://doi.org/10.1063/1.5030863
8025,https://openalex.org/W2132988886,https://doi.org/10.1128/mcb.00157-08
8026,https://openalex.org/W2776997075,https://doi.org/10.23876/j.krcp.2017.36.4.358
8027,https://openalex.org/W2886925600,
8028,https://openalex.org/W562755910,
8029,https://openalex.org/W4406398139,https://doi.org/10.1080/23311886.2025.2450866
8030,https://openalex.org/W2766515263,https://doi.org/10.7860/jcdr/2017/28388.10649
8031,https://openalex.org/W1967893747,https://doi.org/10.1117/12.727214
8032,https://openalex.org/W2186673641,https://doi.org/10.1189/jlb.72.1.56
8033,https://openalex.org/W2535269721,https://doi.org/10.1158/1538-7445.am2015-1332
8034,https://openalex.org/W2941331841,https://doi.org/10.3923/ijds.2019.29.35
8035,https://openalex.org/W2162905771,https://doi.org/10.1002/pbc.21586
8036,https://openalex.org/W2907832930,https://doi.org/10.1016/j.abrep.2019.100159
8037,https://openalex.org/W2052300571,https://doi.org/10.1252/jcej.11we007
8038,https://openalex.org/W4385619378,https://doi.org/10.1016/j.cson.2023.100019
8039,https://openalex.org/W2077192649,https://doi.org/10.3168/jds.s0022-0302(59)90713-1
8040,https://openalex.org/W2986373308,https://doi.org/10.36468/pharmaceutical-sciences.592
8041,https://openalex.org/W1965081743,https://doi.org/10.1134/s1063778807080182
8042,https://openalex.org/W2031116002,https://doi.org/10.1109/memsys.2015.7050924
8043,https://openalex.org/W2592891093,https://doi.org/10.1088/1361-6528/aa65c3
8044,https://openalex.org/W2988352195,https://doi.org/10.2478/ntpe-2019-0011
8045,https://openalex.org/W2794737276,
8046,https://openalex.org/W2031583958,https://doi.org/10.1155/2014/940821
8047,https://openalex.org/W2064595277,https://doi.org/10.1088/0022-3719/12/4/016
8048,https://openalex.org/W4298326508,https://doi.org/10.1111/bph.15963
8049,https://openalex.org/W4396901284,https://doi.org/10.20944/preprints202405.0720.v1
8050,https://openalex.org/W2041106658,https://doi.org/10.1017/s0025727300058737
8051,https://openalex.org/W2348367707,https://doi.org/10.1055/s-0042-105869
8052,https://openalex.org/W2103526016,https://doi.org/10.1099/0022-1317-72-11-2843
8053,https://openalex.org/W1569702378,https://doi.org/10.6092/unibo/amsacta/1185
8054,https://openalex.org/W4225285087,https://doi.org/10.1016/j.coelec.2022.101038
8055,https://openalex.org/W2002037781,https://doi.org/10.1021/bi00263a021
8056,https://openalex.org/W4205697144,https://doi.org/10.3390/nano12020214
8057,https://openalex.org/W2461030013,https://doi.org/10.5958/0974-360x.2016.00017.2
8058,https://openalex.org/W2153466628,https://doi.org/10.2460/javma.243.8.1190
8059,https://openalex.org/W2029732055,https://doi.org/10.2307/1936888
8060,https://openalex.org/W2101579060,https://doi.org/10.1177/193229680900300418
8061,https://openalex.org/W2125669142,https://doi.org/10.1192/pb.bp.114.047514
8062,https://openalex.org/W2792830831,
8063,https://openalex.org/W129014732,
8064,https://openalex.org/W2074021318,https://doi.org/10.1051/parasite/1997043263
8065,https://openalex.org/W2150049904,https://doi.org/10.1142/s1793557115500278
8066,https://openalex.org/W2320429550,https://doi.org/10.1021/es5036865
8067,https://openalex.org/W2007686005,https://doi.org/10.1109/jrproc.1956.274879
8068,https://openalex.org/W2124137957,
8069,https://openalex.org/W4213118374,https://doi.org/10.1007/s11368-022-03155-6
8070,https://openalex.org/W2368559063,
8071,https://openalex.org/W2798150192,https://doi.org/10.1111/resp.13308
8072,https://openalex.org/W2013108394,https://doi.org/10.1002/bies.20484
8073,https://openalex.org/W2000351916,https://doi.org/10.1002/oms.1210251110
8074,https://openalex.org/W4395068500,https://doi.org/10.1021/acsami.4c03154
8075,https://openalex.org/W2914486223,https://doi.org/10.1080/02673843.2019.1570856
8076,https://openalex.org/W4396228364,https://doi.org/10.15581/003.37.2.109-124
8077,https://openalex.org/W2233461435,https://doi.org/10.1007/s11575-016-0304-9
8078,https://openalex.org/W4401424208,https://doi.org/10.22331/q-2024-08-08-1433
8079,https://openalex.org/W2765502976,https://doi.org/10.3233/jifs-169346
8080,https://openalex.org/W4292307685,https://doi.org/10.3389/fonc.2022.955535
8081,https://openalex.org/W4401455234,https://doi.org/10.1101/2024.08.08.24311699
8082,https://openalex.org/W2147875356,https://doi.org/10.1680/iicep.1974.4100
8083,https://openalex.org/W3010181819,https://doi.org/10.5847/wjem.j.1920-8642.2020.02.004
8084,https://openalex.org/W2091631792,https://doi.org/10.3905/jai.2003.319070
8085,https://openalex.org/W1965414722,https://doi.org/10.1371/journal.pone.0087104
8086,https://openalex.org/W3119038097,https://doi.org/10.1016/j.envadv.2021.100030
8087,https://openalex.org/W2130341990,https://doi.org/10.1142/s0217984994001163
8088,https://openalex.org/W2792713230,https://doi.org/10.5755/j01.itc.47.1.18813
8089,https://openalex.org/W2112642841,
8090,https://openalex.org/W2414595981,https://doi.org/10.2340/0001555576136140
8091,https://openalex.org/W2076077784,https://doi.org/10.1080/10573560590523621
8092,https://openalex.org/W2181510882,https://doi.org/10.11646/zootaxa.2274.1.1
8093,https://openalex.org/W3145611798,https://doi.org/10.1080/21681805.2021.1908419
8094,https://openalex.org/W2144412961,https://doi.org/10.1158/0008-5472.can-13-1268
8095,https://openalex.org/W3164838969,https://doi.org/10.21838/uhpc.9734
8096,https://openalex.org/W4293094861,https://doi.org/10.1109/vtc2022-spring54318.2022.9860704
8097,https://openalex.org/W1982835462,https://doi.org/10.1111/j.1365-2362.1985.tb00185.x
8098,https://openalex.org/W2108316271,https://doi.org/10.1210/en.2014-1017
8099,https://openalex.org/W4246464026,https://doi.org/10.1128/mcb.7.12.4159-4168.1987
8100,https://openalex.org/W2008365525,https://doi.org/10.1145/2750511.2750513
8101,https://openalex.org/W2383800874,
8102,https://openalex.org/W2770976170,https://doi.org/10.1038/s41598-017-15942-0
8103,https://openalex.org/W2069320874,https://doi.org/10.5761/atcs.oa.13-00243
8104,https://openalex.org/W3216189005,https://doi.org/10.51529/ijiece.v6i1.227
8105,https://openalex.org/W2071442151,https://doi.org/10.1080/01439680801889732
8106,https://openalex.org/W2085300734,https://doi.org/10.4236/ojrad.2013.33023
8107,https://openalex.org/W1560083429,https://doi.org/10.7326/0003-4819-45-2-232
8108,https://openalex.org/W3033925215,https://doi.org/10.1109/icimcis56303.2022.10017797
8109,https://openalex.org/W2157567798,https://doi.org/10.4049/jimmunol.143.5.1565
8110,https://openalex.org/W2197458772,https://doi.org/10.1148/72.4.550
8111,https://openalex.org/W4405575393,https://doi.org/10.1177/00420980241295935
8112,https://openalex.org/W1767637184,https://doi.org/10.1214/16-aop1112
8113,https://openalex.org/W4290629451,https://doi.org/10.5194/tc-16-3021-2022
8114,https://openalex.org/W4386246866,https://doi.org/10.1145/3600211.3604741
8115,https://openalex.org/W2090276632,https://doi.org/10.1364/ao.51.00b149
8116,https://openalex.org/W4404410652,https://doi.org/10.1021/cbmi.4c00056
8117,https://openalex.org/W2789498946,https://doi.org/10.1158/1940-6207.capr-17-0249
8118,https://openalex.org/W2899234097,https://doi.org/10.1002/hep.30336
8119,https://openalex.org/W4391617413,https://doi.org/10.1016/j.ultsonch.2024.106803
8120,https://openalex.org/W2003302441,https://doi.org/10.3181/00379727-139-36298
8121,https://openalex.org/W4382136088,https://doi.org/10.3390/foods12132474
8122,https://openalex.org/W6907388585,https://doi.org/10.21256/zhaw-31220
8123,https://openalex.org/W3174396437,https://doi.org/10.3929/ethz-b-000516390
8124,https://openalex.org/W2092633977,https://doi.org/10.5901/mjss.2013.v4n3p763
8125,https://openalex.org/W2952383860,https://doi.org/10.1145/3304112.3325609
8126,https://openalex.org/W2340526892,https://doi.org/10.1159/000445722
8127,https://openalex.org/W2142523914,https://doi.org/10.1109/tasc.2009.2039472
8128,https://openalex.org/W4388819552,https://doi.org/10.1093/ce/zkad056
8129,https://openalex.org/W3203218980,
8130,https://openalex.org/W1993863432,https://doi.org/10.1002/zaac.200900012
8131,https://openalex.org/W2037440070,https://doi.org/10.1002/app.1969.070130709
8132,https://openalex.org/W3015248122,https://doi.org/10.1109/sp40000.2020.00069
8133,https://openalex.org/W4378804629,https://doi.org/10.1109/ted.2023.3274510
8134,https://openalex.org/W1999763189,https://doi.org/10.1063/1.1749984
8135,https://openalex.org/W140720423,
8136,https://openalex.org/W2280312535,https://doi.org/10.1136/flgastro-2015-100563
8137,https://openalex.org/W2381323605,
8138,https://openalex.org/W2124070399,https://doi.org/10.1530/rep.0.1220899
8139,https://openalex.org/W2969725499,https://doi.org/10.25253/99.2019213.01
8140,https://openalex.org/W2094365741,https://doi.org/10.4102/curationis.v36i1.70
8141,https://openalex.org/W2160023742,https://doi.org/10.1038/clpt.1987.131
8142,https://openalex.org/W3016102792,https://doi.org/10.1088/1755-1315/467/1/012098
8143,https://openalex.org/W2405906413,
8144,https://openalex.org/W2325723366,https://doi.org/10.2174/092986711796957211
8145,https://openalex.org/W2972781730,https://doi.org/10.5830/cvja-2019-010
8146,https://openalex.org/W2146544668,https://doi.org/10.1530/jrf.0.0220049
8147,https://openalex.org/W2324885871,https://doi.org/10.2307/439635
8148,https://openalex.org/W1812720457,https://doi.org/10.2307/2275784
8149,https://openalex.org/W2586885816,https://doi.org/10.1021/acsmacrolett.7b00009
8150,https://openalex.org/W2071279014,https://doi.org/10.1139/b84-282
8151,https://openalex.org/W2547229768,https://doi.org/10.18632/oncotarget.13133
8152,https://openalex.org/W3134149771,https://doi.org/10.29303/jbl.v4i1.600
8153,https://openalex.org/W1997763786,https://doi.org/10.3109/02713688508999974
8154,https://openalex.org/W202207303,https://doi.org/10.7172/1644-9584.44.2
8155,https://openalex.org/W3176939197,https://doi.org/10.1109/mpuls.2021.3078602
8156,https://openalex.org/W2008995508,https://doi.org/10.12659/msm.892898
8157,https://openalex.org/W2088824227,https://doi.org/10.1161/circulationaha.108.824151
8158,https://openalex.org/W4385981403,https://doi.org/10.1051/e3sconf/202341503019
8159,https://openalex.org/W2034226927,https://doi.org/10.5551/jat.10.275
8160,https://openalex.org/W2020073131,https://doi.org/10.4028/www.scientific.net/amm.441.103
8161,https://openalex.org/W4387246667,https://doi.org/10.1088/1361-6463/acff02
8162,https://openalex.org/W2041579882,https://doi.org/10.1002/ijc.27592
8163,https://openalex.org/W3173595886,https://doi.org/10.1016/j.bpj.2021.06.002
8164,https://openalex.org/W2006720084,https://doi.org/10.2355/isijinternational.43.44
8165,https://openalex.org/W2528127661,https://doi.org/10.1093/oxfordjournals.aob.a090420
8166,https://openalex.org/W1605898101,
8167,https://openalex.org/W2334664673,https://doi.org/10.1139/x11-018
8168,https://openalex.org/W2022329402,https://doi.org/10.1080/00103629509369526
8169,https://openalex.org/W2989672576,https://doi.org/10.4103/ijpvm.ijpvm_184_16
8170,https://openalex.org/W1970951955,https://doi.org/10.1074/jbc.m201427200
8171,https://openalex.org/W2171355958,https://doi.org/10.1002/1520-6394(2000)12:1+<85::aid-da12>3.0.co;2-0
8172,https://openalex.org/W2022237062,https://doi.org/10.2136/sssaj1954.03615995001800040012x
8173,https://openalex.org/W2897816998,https://doi.org/10.4081/pb.2018.7099
8174,https://openalex.org/W1565483434,https://doi.org/10.1248/cpb.10.31
8175,https://openalex.org/W1912982695,https://doi.org/10.1142/s0217984905009341
8176,https://openalex.org/W1997549291,https://doi.org/10.1029/2003gl019362
8177,https://openalex.org/W4408134861,https://doi.org/10.3389/fmicb.2025.1559521
8178,https://openalex.org/W2884518902,https://doi.org/10.3892/ijmm.2018.3778
8179,https://openalex.org/W3155073475,https://doi.org/10.4103/psychiatry.indianjpsychiatry_542_20
8180,https://openalex.org/W2124344454,
8181,https://openalex.org/W4396229636,https://doi.org/10.31557/apjcp.2024.25.4.1121
8182,https://openalex.org/W2600805018,https://doi.org/10.18187/pjsor.v13i1.1532
8183,https://openalex.org/W2073059059,https://doi.org/10.1029/2008jd011263
8184,https://openalex.org/W1973373062,https://doi.org/10.2140/pjm.2011.251.173
8185,https://openalex.org/W2009024894,https://doi.org/10.2307/3270657
8186,https://openalex.org/W2127881103,https://doi.org/10.1093/nar/gkg164
8187,https://openalex.org/W2312314499,https://doi.org/10.1093/jee/35.5.725
8188,https://openalex.org/W827260252,https://doi.org/10.1371/journal.pone.0131117
8189,https://openalex.org/W2414984319,
8190,https://openalex.org/W4244926674,https://doi.org/10.1227/neu.0b013e31826100c9
8191,https://openalex.org/W1988745113,https://doi.org/10.1080/14786440808564880
8192,https://openalex.org/W2014851158,https://doi.org/10.1889/1.1985302
8193,https://openalex.org/W2043435501,https://doi.org/10.1520/jai101296
8194,https://openalex.org/W2794279419,https://doi.org/10.1515/secm-2016-0329
8195,https://openalex.org/W2792907255,https://doi.org/10.1109/lsp.2018.2819622
8196,https://openalex.org/W3039814491,https://doi.org/10.30970/jps.09.227
8197,https://openalex.org/W2742796214,https://doi.org/10.1109/drc.2017.7999430
8198,https://openalex.org/W159901763,
8199,https://openalex.org/W4385156480,https://doi.org/10.1016/j.ejon.2023.102398
8200,https://openalex.org/W2979560421,https://doi.org/10.3906/kim-1904-13
8201,https://openalex.org/W4413842714,https://doi.org/10.62225/2583049x.2024.4.4.4817
8202,https://openalex.org/W2029789193,https://doi.org/10.1111/j.1945-1474.2008.tb01121.x
8203,https://openalex.org/W2052748284,https://doi.org/10.1001/archneurpsyc.1939.02270140138011
8204,https://openalex.org/W4388515795,https://doi.org/10.1093/jnci/djad226
8205,https://openalex.org/W35191734,https://doi.org/10.1177/01461672221074790
8206,https://openalex.org/W2109419350,https://doi.org/10.3906/tar-0807-11
8207,https://openalex.org/W4319298426,https://doi.org/10.3390/polym15030786
8208,https://openalex.org/W4407424509,https://doi.org/10.1007/s00500-025-10408-2
8209,https://openalex.org/W7073782730,
8210,https://openalex.org/W4311651333,https://doi.org/10.20532/cit.2021.1005397
8211,https://openalex.org/W2153660500,
8212,https://openalex.org/W2081628635,https://doi.org/10.1139/v02-196
8213,https://openalex.org/W2537602717,https://doi.org/10.1093/rheumatology/kew341
8214,https://openalex.org/W2890519077,https://doi.org/10.1080/10447318.2018.1519145
8215,https://openalex.org/W7074599360,
8216,https://openalex.org/W2053084729,https://doi.org/10.1207/s15327663jcp1202_07
8217,https://openalex.org/W2025380280,https://doi.org/10.1021/ja028850x
8218,https://openalex.org/W4248096277,https://doi.org/10.1242/dev.104.supplement.29
8219,https://openalex.org/W2019644514,https://doi.org/10.1111/j.1745-6592.1985.tb00916.x
8220,https://openalex.org/W2943559933,https://doi.org/10.1104/pp.18.01334
8221,https://openalex.org/W4408244321,https://doi.org/10.1111/jnp.12423
8222,https://openalex.org/W2567449271,
8223,https://openalex.org/W2521961363,https://doi.org/10.1590/2358-2936e2016014
8224,https://openalex.org/W2747191631,
8225,https://openalex.org/W4321374963,https://doi.org/10.1002/ijgo.14713
8226,https://openalex.org/W1990861665,https://doi.org/10.1002/pd.1970090204
8227,https://openalex.org/W4404019223,https://doi.org/10.1093/clinchem/hvae166
8228,https://openalex.org/W2085314179,https://doi.org/10.1159/000075744
8229,https://openalex.org/W4402531251,https://doi.org/10.37934/sijmaf.1.1.5867
8230,https://openalex.org/W1992605241,https://doi.org/10.1088/0031-9155/45/12/318
8231,https://openalex.org/W2045123261,https://doi.org/10.4236/ojms.2014.43016
8232,https://openalex.org/W2349288129,
8233,https://openalex.org/W2383118393,
8234,https://openalex.org/W3207494156,https://doi.org/10.3390/genes12111648
8235,https://openalex.org/W2032857478,https://doi.org/10.1097/ta.0b013e3180340e0a
8236,https://openalex.org/W1507874766,
8237,https://openalex.org/W2099771035,https://doi.org/10.1177/0146167212450516
8238,https://openalex.org/W4300933013,https://doi.org/10.5860/choice.47-4442
8239,https://openalex.org/W2102426384,https://doi.org/10.1088/0957-4484/25/5/055601
8240,https://openalex.org/W1998492207,https://doi.org/10.1089/jwh.2008.1111
8241,https://openalex.org/W2153676248,https://doi.org/10.1109/cicsyn.2009.57
8242,https://openalex.org/W2030857248,https://doi.org/10.2105/ajph.80.11.1395-a
8243,https://openalex.org/W2611080021,
8244,https://openalex.org/W2072495577,https://doi.org/10.1021/j100848a041
8245,https://openalex.org/W2010454543,https://doi.org/10.1002/nt.2620010104
8246,https://openalex.org/W2968463578,
8247,https://openalex.org/W2944743706,https://doi.org/10.1037/amp0000397
8248,https://openalex.org/W2188575788,
8249,https://openalex.org/W4280598358,https://doi.org/10.1111/bju.15729
8250,https://openalex.org/W1608956805,
8251,https://openalex.org/W2276751314,https://doi.org/10.1021/j150657a020
8252,https://openalex.org/W1550452581,
8253,https://openalex.org/W2953931293,https://doi.org/10.30773/pi.2019.03.26
8254,https://openalex.org/W2952776120,https://doi.org/10.1145/3307334.3326105
8255,https://openalex.org/W2154619342,https://doi.org/10.12927/hcq..16642
8256,https://openalex.org/W2501501326,https://doi.org/10.1055/s-1999-3095
8257,https://openalex.org/W2335554482,https://doi.org/10.2514/6.1991-2665
8258,https://openalex.org/W2102165426,https://doi.org/10.1039/b807234e
8259,https://openalex.org/W2588934102,
8260,https://openalex.org/W2178822140,https://doi.org/10.1108/jfrc-11-2014-0047
8261,https://openalex.org/W4221114513,https://doi.org/10.1090/proc/16058
8262,https://openalex.org/W2053887177,https://doi.org/10.1111/j.1432-1033.1975.tb04050.x
8263,https://openalex.org/W2059495756,https://doi.org/10.1117/12.58066
8264,https://openalex.org/W3044259254,https://doi.org/10.26524/sajet.2020.2.2
8265,https://openalex.org/W2020044815,https://doi.org/10.1080/14786437708237054
8266,https://openalex.org/W2003585734,https://doi.org/10.1145/168466.168512
8267,https://openalex.org/W1568114731,https://doi.org/10.4310/jdg/1175266234
8268,https://openalex.org/W4409185002,https://doi.org/10.1136/rmdopen-2025-005464
8269,https://openalex.org/W2254851445,https://doi.org/10.2109/jcersj2.15153
8270,https://openalex.org/W2798544907,https://doi.org/10.48550/arxiv.1805.00914
8271,https://openalex.org/W3195158466,https://doi.org/10.1177/03611981211032214
8272,https://openalex.org/W4392011045,https://doi.org/10.1016/j.intimp.2024.111701
8273,https://openalex.org/W3112545790,https://doi.org/10.1109/tdei.2020.008801
8274,https://openalex.org/W1967288898,https://doi.org/10.1098/rsnr.2003.0194
8275,https://openalex.org/W4400177501,https://doi.org/10.46676/ij-fanres.v5i2.328
8276,https://openalex.org/W2135560672,https://doi.org/10.1158/1940-6207.capr-10-0122
8277,https://openalex.org/W1980680333,https://doi.org/10.1002/ajim.10365
8278,https://openalex.org/W2776921045,https://doi.org/10.1080/10485236.2018.11958660
8279,https://openalex.org/W3090148553,https://doi.org/10.48550/arxiv.2010.01072
8280,https://openalex.org/W2992987553,https://doi.org/10.1049/joe.2018.9104
8281,https://openalex.org/W2349344746,
8282,https://openalex.org/W2069837203,https://doi.org/10.1002/aja.1001600207
8283,https://openalex.org/W1979026614,https://doi.org/10.1063/1.1727039
8284,https://openalex.org/W330663896,
8285,https://openalex.org/W2975880043,https://doi.org/10.3390/e23111496
8286,https://openalex.org/W2947671840,https://doi.org/10.5281/zenodo.161402
8287,https://openalex.org/W7073966215,
8288,https://openalex.org/W3209105698,
8289,https://openalex.org/W2176608638,https://doi.org/10.1109/rfic.2015.7337726
8290,https://openalex.org/W3205786808,https://doi.org/10.1080/21655979.2021.1990578
8291,https://openalex.org/W268209222,
8292,https://openalex.org/W2767960647,https://doi.org/10.1134/s1070427217070217
8293,https://openalex.org/W1985105249,https://doi.org/10.1016/s0924-9338(10)70179-6
8294,https://openalex.org/W2005572313,https://doi.org/10.1175/1520-0450(1987)026<0053:conhsc>2.0.co;2
8295,https://openalex.org/W2804129120,
8296,https://openalex.org/W331830094,
8297,https://openalex.org/W58502699,https://doi.org/10.4225/03/590ac1bb65f42
8298,https://openalex.org/W4377238125,https://doi.org/10.1007/s00340-023-08043-6
8299,https://openalex.org/W2738275139,https://doi.org/10.1115/1.4037347
8300,https://openalex.org/W2982117188,https://doi.org/10.25083/rbl/24.5/798.806
8301,https://openalex.org/W2097148368,https://doi.org/10.2753/rpo1061-0405050328
8302,https://openalex.org/W3115501560,
8303,https://openalex.org/W2132177077,https://doi.org/10.1093/brain/121.9.1721
8304,https://openalex.org/W3160937358,https://doi.org/10.7600/jpfsm.10.165
8305,https://openalex.org/W27141980,https://doi.org/10.1186/s12891-016-1048-1
8306,https://openalex.org/W2013937264,https://doi.org/10.1109/irs.2006.4338143
8307,https://openalex.org/W2523842141,https://doi.org/10.1017/s1755773916000205
8308,https://openalex.org/W3110275451,https://doi.org/10.1088/1757-899x/990/1/012001
8309,https://openalex.org/W2123154415,https://doi.org/10.1186/1757-1146-7-19
8310,https://openalex.org/W4292200881,https://doi.org/10.21273/jashs.100.6.613
8311,https://openalex.org/W4362711335,https://doi.org/10.1111/erev.12768
8312,https://openalex.org/W2786979065,
8313,https://openalex.org/W2915795563,https://doi.org/10.20546/ijcmas.2019.802.128
8314,https://openalex.org/W2414993493,
8315,https://openalex.org/W4290995938,https://doi.org/10.1080/17476348.2022.2112670
8316,https://openalex.org/W1967517761,https://doi.org/10.1515/botm.1980.23.2.73
8317,https://openalex.org/W4409974270,https://doi.org/10.31083/fbl36233
8318,https://openalex.org/W3211309528,https://doi.org/10.1002/uog.24804
8319,https://openalex.org/W2026126276,https://doi.org/10.2497/jjspm.61.s303
8320,https://openalex.org/W2152057749,https://doi.org/10.1109/itng.2007.12
8321,https://openalex.org/W2085254967,https://doi.org/10.1145/564376.564492
8322,https://openalex.org/W2000809016,https://doi.org/10.1523/jneurosci.0646-14.2014
8323,https://openalex.org/W2605867747,https://doi.org/10.3390/ijms18040836
8324,https://openalex.org/W2017597735,https://doi.org/10.3892/etm.2014.2059
8325,https://openalex.org/W2332610157,https://doi.org/10.2307/2905816
8326,https://openalex.org/W2040838699,https://doi.org/10.1001/archderm.1935.01460220070007
8327,https://openalex.org/W2902531485,https://doi.org/10.1371/journal.pone.0208358
8328,https://openalex.org/W4320727940,https://doi.org/10.3390/biology12020303
8329,https://openalex.org/W2268768614,https://doi.org/10.1200/jco.2008.26.15_suppl.17501
8330,https://openalex.org/W1488430146,https://doi.org/10.1088/0953-8984/23/2/025701
8331,https://openalex.org/W95214567,
8332,https://openalex.org/W2967591782,https://doi.org/10.3389/fvets.2019.00290
8333,https://openalex.org/W2158260563,https://doi.org/10.3348/kjr.2013.14.2.299
8334,https://openalex.org/W2048867152,https://doi.org/10.1179/his.1986.9.1.27
8335,https://openalex.org/W1965091869,https://doi.org/10.1080/00291950152746522
8336,https://openalex.org/W2299634563,https://doi.org/10.4071/2013dpc-wp21
8337,https://openalex.org/W2049993669,https://doi.org/10.1021/ma062180o
8338,https://openalex.org/W3048148124,https://doi.org/10.4274/tjcd.galenos.2020.2020-4-9
8339,https://openalex.org/W134097145,
8340,https://openalex.org/W2322960589,https://doi.org/10.1021/ol5000617
8341,https://openalex.org/W2060002762,https://doi.org/10.1111/j.1476-5829.2011.00302.x
8342,https://openalex.org/W1968507888,https://doi.org/10.1111/j.1423-0410.1979.tb02268.x
8343,https://openalex.org/W2909434916,
8344,https://openalex.org/W4382725196,https://doi.org/10.9734/ijpss/2023/v35i173174
8345,https://openalex.org/W3172561265,https://doi.org/10.3390/antibiotics10060676
8346,https://openalex.org/W2023136005,https://doi.org/10.1093/bjsw/bct098
8347,https://openalex.org/W4404185418,https://doi.org/10.1016/j.jtemin.2024.100202
8348,https://openalex.org/W4387385620,https://doi.org/10.1109/led.2023.3322202
8349,https://openalex.org/W1998998079,https://doi.org/10.1515/zna-1982-0912
8350,https://openalex.org/W4406274316,https://doi.org/10.33263/lianbs141.008
8351,https://openalex.org/W2094421764,https://doi.org/10.1002/lt.23479
8352,https://openalex.org/W3019707224,https://doi.org/10.26599/jnr.2020.9040006
8353,https://openalex.org/W2273915995,https://doi.org/10.1103/physrevb.93.155133
8354,https://openalex.org/W2415839398,https://doi.org/10.1242/jeb.98.1.277
8355,https://openalex.org/W2743434006,https://doi.org/10.1109/mtits.2017.8005608
8356,https://openalex.org/W2363006165,
8357,https://openalex.org/W3033233258,https://doi.org/10.1038/s41598-020-65999-7
8358,https://openalex.org/W14704398,https://doi.org/10.1126/science.303.5654.22
8359,https://openalex.org/W2044050954,https://doi.org/10.1017/s0266467499000826
8360,https://openalex.org/W2474709660,
8361,https://openalex.org/W3196467482,https://doi.org/10.1109/ccaaw50069.2021.9527292
8362,https://openalex.org/W6990886507,
8363,https://openalex.org/W1996758806,https://doi.org/10.1167/iovs.13-11991
8364,https://openalex.org/W2571468456,https://doi.org/10.1134/s1019331616060137
8365,https://openalex.org/W3046097659,https://doi.org/10.1002/ase.2005
8366,https://openalex.org/W2167353014,
8367,https://openalex.org/W2001637325,https://doi.org/10.1097/00005768-200405001-00228
8368,https://openalex.org/W2738635177,https://doi.org/10.1145/3084822.3084825
8369,https://openalex.org/W2915199434,https://doi.org/10.1007/jhep11(2019)118
8370,https://openalex.org/W2309130090,https://doi.org/10.1002/star.201500349
8371,https://openalex.org/W2046398569,https://doi.org/10.1109/apcap.2012.6333264
8372,https://openalex.org/W3002600191,https://doi.org/10.1166/jnn.2020.17526
8373,https://openalex.org/W2998607487,https://doi.org/10.1016/j.aninu.2019.11.007
8374,https://openalex.org/W4401006708,https://doi.org/10.1177/14705958241268154
8375,https://openalex.org/W4298145299,https://doi.org/10.3390/w14193067
8376,https://openalex.org/W2329761441,https://doi.org/10.1093/ajcp/14.10.540
8377,https://openalex.org/W1999174379,https://doi.org/10.1109/icsens.2007.355534
8378,https://openalex.org/W2106003131,https://doi.org/10.1306/03b59a7b-16d1-11d7-8645000102c1865d
8379,https://openalex.org/W4406427860,https://doi.org/10.1002/bio.70088
8380,https://openalex.org/W2579452362,https://doi.org/10.15406/mojcr.2016.05.00130
8381,https://openalex.org/W2324212089,https://doi.org/10.1679/aohc1950.17.475
8382,https://openalex.org/W4289843732,https://doi.org/10.21273/jashs.111.3.391
8383,https://openalex.org/W2093701843,https://doi.org/10.1134/s1063772914060031
8384,https://openalex.org/W3042268236,https://doi.org/10.2116/bunsekikagaku.69.179
8385,https://openalex.org/W2901168181,https://doi.org/10.5194/angeo-37-273-2019
8386,https://openalex.org/W2549783610,https://doi.org/10.1080/22311866.2016.1250676
8387,https://openalex.org/W2136605511,https://doi.org/10.1109/lpt.2009.2039748
8388,https://openalex.org/W1673104092,
8389,https://openalex.org/W2811040267,https://doi.org/10.1093/gerona/gly143
8390,https://openalex.org/W1977541566,https://doi.org/10.1002/asna.200610684
8391,https://openalex.org/W4283374727,https://doi.org/10.3103/s1068366622010123
8392,https://openalex.org/W2939898134,https://doi.org/10.32479/ijefi.7596
8393,https://openalex.org/W2608830924,https://doi.org/10.1103/physreva.97.033606
8394,https://openalex.org/W2052017637,https://doi.org/10.1146/annurev.ns.03.120153.001511
8395,https://openalex.org/W2756399105,https://doi.org/10.1016/j.proeng.2017.09.171
8396,https://openalex.org/W2473935397,
8397,https://openalex.org/W2361008666,
8398,https://openalex.org/W2084015484,https://doi.org/10.2514/1.j052077
8399,https://openalex.org/W2416176138,
8400,https://openalex.org/W4388980411,https://doi.org/10.4014/jmb.2306.06049
8401,https://openalex.org/W3094174133,https://doi.org/10.1628/joer-2018-0025
8402,https://openalex.org/W3143263769,https://doi.org/10.1111/apt.12416
8403,https://openalex.org/W2010220073,https://doi.org/10.1090/s0002-9939-1975-0374217-4
8404,https://openalex.org/W1484626330,https://doi.org/10.1128/jcm.31.9.2309-2314.1993
8405,https://openalex.org/W2192271019,https://doi.org/10.2106/00004623-197961010-00026
8406,https://openalex.org/W2051467088,https://doi.org/10.1021/jo00963a015
8407,https://openalex.org/W2376182946,
8408,https://openalex.org/W2125523067,https://doi.org/10.2105/ajph.89.5.747
8409,https://openalex.org/W3138158575,https://doi.org/10.4103/enj.enj_1_18
8410,https://openalex.org/W2047598565,https://doi.org/10.3109/00365598709180789
8411,https://openalex.org/W7025125017,
8412,https://openalex.org/W2934681578,https://doi.org/10.1177/1934578x0600101107
8413,https://openalex.org/W4308005069,https://doi.org/10.3928/00220124-20221006-05
8414,https://openalex.org/W1986339527,https://doi.org/10.1080/08111149608551607
8415,https://openalex.org/W4401651151,https://doi.org/10.3389/fphar.2024.1421662
8416,https://openalex.org/W86278413,https://doi.org/10.22260/isarc1988/0024
8417,https://openalex.org/W2055571356,https://doi.org/10.1111/j.1464-410x.1989.tb05133.x
8418,https://openalex.org/W2110527406,https://doi.org/10.1504/jgba.2010.034504
8419,https://openalex.org/W2149348561,https://doi.org/10.1109/imoc.2005.1580122
8420,https://openalex.org/W2789951477,https://doi.org/10.1080/01639625.2018.1426264
8421,https://openalex.org/W4245395399,https://doi.org/10.2958/suizo.22.568
8422,https://openalex.org/W1964215357,https://doi.org/10.1049/cp.2011.0737
8423,https://openalex.org/W4382810757,https://doi.org/10.22214/ijraset.2023.54509
8424,https://openalex.org/W2088154314,https://doi.org/10.1088/0256-307x/21/7/008
8425,https://openalex.org/W2134041863,https://doi.org/10.1099/13500872-142-11-2985-b
8426,https://openalex.org/W4387039646,https://doi.org/10.1021/acs.nanolett.3c01936
8427,https://openalex.org/W97346456,
8428,https://openalex.org/W2091933308,https://doi.org/10.5958/2348-7542.2014.01387.4
8429,https://openalex.org/W2059171201,https://doi.org/10.1097/00003086-198210000-00020
8430,https://openalex.org/W2323317204,https://doi.org/10.2141/jpsa.32.151
8431,https://openalex.org/W4306385486,https://doi.org/10.3390/ijms232012349
8432,https://openalex.org/W2009808876,https://doi.org/10.1186/1471-2458-10-246
8433,https://openalex.org/W2068649908,https://doi.org/10.1109/whc.2007.54
8434,https://openalex.org/W2076421797,https://doi.org/10.1021/ja01011a007
8435,https://openalex.org/W4406826145,https://doi.org/10.1146/annurev-pathol-051220-092001
8436,https://openalex.org/W569142285,
8437,https://openalex.org/W2056835190,https://doi.org/10.1080/00032718608064556
8438,https://openalex.org/W2384690621,
8439,https://openalex.org/W4408249983,https://doi.org/10.1038/s41534-025-00986-2
8440,https://openalex.org/W2069281407,https://doi.org/10.1353/ohh.0.0000
8441,https://openalex.org/W2154470603,https://doi.org/10.2528/pier12112202
8442,https://openalex.org/W1975797348,https://doi.org/10.1002/(sici)1097-0231(199602)10:3<352::aid-rcm478>3.0.co;2-u
8443,https://openalex.org/W2047872773,https://doi.org/10.1074/jbc.m111.264903
8444,https://openalex.org/W4318701897,https://doi.org/10.7494/geom.2023.17.2.69
8445,https://openalex.org/W4210736069,https://doi.org/10.26434/chemrxiv-2021-l5pck
8446,https://openalex.org/W3019006262,https://doi.org/10.1002/dneu.22753
8447,https://openalex.org/W2066286608,https://doi.org/10.1039/an9345900325
8448,https://openalex.org/W2043592444,https://doi.org/10.1021/ja00193a046
8449,https://openalex.org/W4308973192,https://doi.org/10.3390/ijerph192214949
8450,https://openalex.org/W4205736327,https://doi.org/10.2525/ecb1963.19.85
8451,https://openalex.org/W2000855089,https://doi.org/10.3389/fnins.2014.00388
8452,https://openalex.org/W2734915232,https://doi.org/10.18637/jss.v079.i03
8453,https://openalex.org/W2162006222,https://doi.org/10.4039/entm9009fv
8454,https://openalex.org/W214936553,
8455,https://openalex.org/W1968900025,https://doi.org/10.1111/j.1475-4762.2007.00717.x
8456,https://openalex.org/W4385267169,https://doi.org/10.30707/tlcsd7.2.1690393489.718643
8457,https://openalex.org/W2086313127,https://doi.org/10.1109/tmag.2012.2205908
8458,https://openalex.org/W593466245,
8459,https://openalex.org/W4292261516,https://doi.org/10.3390/polym14163365
8460,https://openalex.org/W4248867942,https://doi.org/10.1504/ijcsm.2019.102703
8461,https://openalex.org/W2081323791,https://doi.org/10.1039/c3ob27375j
8462,https://openalex.org/W2067961839,https://doi.org/10.3341/jkos.2014.55.12.1779
8463,https://openalex.org/W2365524852,
8464,https://openalex.org/W2015128174,https://doi.org/10.4028/www.scientific.net/amr.881-883.776
8465,https://openalex.org/W1993076319,https://doi.org/10.1006/viro.1994.1219
8466,https://openalex.org/W2956268650,https://doi.org/10.21833/ijaas.2019.08.010
8467,https://openalex.org/W1725310113,
8468,https://openalex.org/W4236689613,https://doi.org/10.1115/pvp2008-61408
8469,https://openalex.org/W4400902404,https://doi.org/10.1146/annurev-earth-031621-070542
8470,https://openalex.org/W4403051534,https://doi.org/10.5937/gp28-51694
8471,https://openalex.org/W4323032330,https://doi.org/10.47467/elmujtama.v3i2.2474
8472,https://openalex.org/W3087805358,https://doi.org/10.5603/imh.2020.0035
8473,https://openalex.org/W2464874895,https://doi.org/10.4038/jepsl.v5i1.7868
8474,https://openalex.org/W4308221231,https://doi.org/10.54870/1551-3440.1598
8475,https://openalex.org/W2329847423,https://doi.org/10.1097/sle.0b013e3182937bd6
8476,https://openalex.org/W2070021553,https://doi.org/10.1177/106591298704000110
8477,https://openalex.org/W2262058438,https://doi.org/10.4103/1357-6283.103460
8478,https://openalex.org/W4376642797,https://doi.org/10.18332/tid/162329
8479,https://openalex.org/W2912913048,https://doi.org/10.1101/536409
8480,https://openalex.org/W2143339046,https://doi.org/10.1002/aic.10265
8481,https://openalex.org/W2488290646,https://doi.org/10.2110/palo.2016.035
8482,https://openalex.org/W2238666561,https://doi.org/10.1039/c5cc09645f
8483,https://openalex.org/W2036959185,https://doi.org/10.7901/2169-3358-1975-1-469
8484,https://openalex.org/W3215148291,https://doi.org/10.4254/wjh.v13.i11.1552
8485,https://openalex.org/W1967693228,https://doi.org/10.1001/jama.1988.03410120063027
8486,https://openalex.org/W2046160677,https://doi.org/10.1137/s1064827596305258
8487,https://openalex.org/W3082118114,
8488,https://openalex.org/W1971885135,https://doi.org/10.1159/000197952
8489,https://openalex.org/W2032607348,https://doi.org/10.4028/www.scientific.net/amr.1025-1026.162
8490,https://openalex.org/W4296088671,https://doi.org/10.25236/ajee.2021.030405
8491,https://openalex.org/W2076465763,https://doi.org/10.5194/npg-20-1-2013
8492,https://openalex.org/W2015767038,https://doi.org/10.1088/0957-4484/17/24/018
8493,https://openalex.org/W2495277469,https://doi.org/10.1134/s0202289316030105
8494,https://openalex.org/W2623277850,https://doi.org/10.12783/dtetr/icca2016/6005
8495,https://openalex.org/W2027033549,https://doi.org/10.1063/1.2209716
8496,https://openalex.org/W2264332186,
8497,https://openalex.org/W2074093774,https://doi.org/10.1109/tdc.2010.5484201
8498,https://openalex.org/W1959572432,https://doi.org/10.1061/jupdaj.0000294
8499,https://openalex.org/W2238157704,https://doi.org/10.1128/jvi.02020-15
8500,https://openalex.org/W2009186799,https://doi.org/10.1159/000321935
8501,https://openalex.org/W2147272079,https://doi.org/10.1081/ja-120017246
8502,https://openalex.org/W2146988663,https://doi.org/10.1002/cite.330500403
8503,https://openalex.org/W2048419244,https://doi.org/10.2118/20194-pa
8504,https://openalex.org/W2388297146,
8505,https://openalex.org/W2107460256,https://doi.org/10.1117/1.3652711
8506,https://openalex.org/W327703171,https://doi.org/10.1057/jors.2016.45
8507,https://openalex.org/W2312838679,https://doi.org/10.1021/ja01328a002
8508,https://openalex.org/W2026145194,https://doi.org/10.1021/ef030138d
8509,https://openalex.org/W2620881109,https://doi.org/10.1088/1674-1056/26/5/057103
8510,https://openalex.org/W2076706127,https://doi.org/10.1016/0014-5793(85)80833-4
8511,https://openalex.org/W2044363928,https://doi.org/10.1080/00927879608825731
8512,https://openalex.org/W2027441398,https://doi.org/10.1007/s11214-014-0050-x
8513,https://openalex.org/W2101165087,https://doi.org/10.1071/ar04187
8514,https://openalex.org/W4233508790,https://doi.org/10.1109/wsc.2015.7408174
8515,https://openalex.org/W3191033734,https://doi.org/10.1016/j.isci.2020.101042
8516,https://openalex.org/W2034685319,https://doi.org/10.1371/journal.pone.0015337
8517,https://openalex.org/W2139683717,https://doi.org/10.1111/j.1365-2621.1985.tb10555.x
8518,https://openalex.org/W4313322442,https://doi.org/10.18820/24150479/aa54i3/7
8519,https://openalex.org/W2050722536,https://doi.org/10.1080/00397919508015424
8520,https://openalex.org/W4410453195,https://doi.org/10.1049/cps2.70021
8521,https://openalex.org/W1596516352,
8522,https://openalex.org/W3208376648,https://doi.org/10.1016/j.chphi.2021.100048
8523,https://openalex.org/W4205651308,https://doi.org/10.1542/peds.65.6.1197a
8524,https://openalex.org/W2063140588,https://doi.org/10.1017/s0008197300090231
8525,https://openalex.org/W1953043268,https://doi.org/10.1039/c5ob01735a
8526,https://openalex.org/W1970960897,https://doi.org/10.1109/igic.2012.6329845
8527,https://openalex.org/W2331368423,https://doi.org/10.5594/j16545
8528,https://openalex.org/W2782194601,https://doi.org/10.26597/mod.0037
8529,https://openalex.org/W2509918487,https://doi.org/10.1109/tsg.2016.2606442
8530,https://openalex.org/W2415922730,https://doi.org/10.1152/ajpheart.1997.272.3.h1122
8531,https://openalex.org/W1993737124,https://doi.org/10.1016/0014-5793(88)80094-2
8532,https://openalex.org/W2406872486,https://doi.org/10.2460/ajvr.1977.38.11.1877
8533,https://openalex.org/W2183423204,
8534,https://openalex.org/W2884698220,https://doi.org/10.3390/electronics7070113
8535,https://openalex.org/W2122790331,https://doi.org/10.1037/a0027347
8536,https://openalex.org/W2794419269,
8537,https://openalex.org/W2077894449,https://doi.org/10.2307/329402
8538,https://openalex.org/W2962900317,https://doi.org/10.1002/smll.201902090
8539,https://openalex.org/W2147428125,https://doi.org/10.1111/j.1365-2796.1990.tb00153.x
8540,https://openalex.org/W2390015473,
8541,https://openalex.org/W2007527970,https://doi.org/10.1080/13504630.2011.531901
8542,https://openalex.org/W2007580897,https://doi.org/10.3389/fphar.2012.00047
8543,https://openalex.org/W4200263995,https://doi.org/10.21608/ejchem.2021.104208.4813
8544,https://openalex.org/W2617972757,https://doi.org/10.1021/acs.iecr.7b01619
8545,https://openalex.org/W2167101395,https://doi.org/10.1002/14651858.cd009805.pub3
8546,https://openalex.org/W4288768878,https://doi.org/10.1016/j.ifacol.2022.07.144
8547,https://openalex.org/W3135560975,https://doi.org/10.1002/zamm.202000329
8548,https://openalex.org/W2072732666,https://doi.org/10.1103/physrevlett.40.869
8549,https://openalex.org/W20469761,https://doi.org/10.29244/jstsv.1.1.8-13
8550,https://openalex.org/W2081087610,https://doi.org/10.1111/j.1365-2966.2006.10269.x
8551,https://openalex.org/W2620536100,https://doi.org/10.1134/s003602441706005x
8552,https://openalex.org/W4289306519,https://doi.org/10.5281/zenodo.1477124
8553,https://openalex.org/W1996952780,https://doi.org/10.1248/cpb.56.1613
8554,https://openalex.org/W4241172683,https://doi.org/10.1017/s0266462300011855
8555,https://openalex.org/W4394877586,https://doi.org/10.3390/foods13081212
8556,https://openalex.org/W4396898127,https://doi.org/10.2478/amns-2024-0757
8557,https://openalex.org/W2888140059,https://doi.org/10.1002/jctb.5803
8558,https://openalex.org/W4206771526,https://doi.org/10.1785/0320210045
8559,https://openalex.org/W4405192820,https://doi.org/10.1111/gcb.17621
8560,https://openalex.org/W2333999615,https://doi.org/10.5751/es-05894-180421
8561,https://openalex.org/W1968516545,https://doi.org/10.1109/icip.2013.6738837
8562,https://openalex.org/W1563929756,https://doi.org/10.1111/j.1365-2249.2006.03283.x
8563,https://openalex.org/W1996206123,https://doi.org/10.1063/1.4904420
8564,https://openalex.org/W2129977818,https://doi.org/10.1084/jem.149.6.1438
8565,https://openalex.org/W1976297312,https://doi.org/10.1086/320139
8566,https://openalex.org/W2586512779,https://doi.org/10.1080/17512433.2017.1293521
8567,https://openalex.org/W2525213075,https://doi.org/10.7326/0003-4819-116-4-348
8568,https://openalex.org/W2085667211,https://doi.org/10.4028/www.scientific.net/msf.606.79
8569,https://openalex.org/W3032603329,
8570,https://openalex.org/W4235484022,https://doi.org/10.1172/jci43230
8571,https://openalex.org/W3166780830,https://doi.org/10.48550/arxiv.hep-ph/9501379
8572,https://openalex.org/W2029134853,https://doi.org/10.2135/cropsci2006.06.0365
8573,https://openalex.org/W2461159611,https://doi.org/10.5958/2394-6377.2016.00010.1
8574,https://openalex.org/W4232234369,https://doi.org/10.37506/ijfmt.v14i4.13148
8575,https://openalex.org/W2325217477,https://doi.org/10.1021/mz400484j
8576,https://openalex.org/W2808998483,https://doi.org/10.1177/1548051818781813
8577,https://openalex.org/W4414085843,https://doi.org/10.1093/cercor/bhaf243
8578,https://openalex.org/W1964579939,https://doi.org/10.1159/000246943
8579,https://openalex.org/W4236174542,https://doi.org/10.5194/sd-specialissue-98-2007
8580,https://openalex.org/W2380558973,
8581,https://openalex.org/W2052275168,https://doi.org/10.1115/1.2900870
8582,https://openalex.org/W55190792,https://doi.org/10.3844/ajessp.2012.130.142
8583,https://openalex.org/W6927185851,https://doi.org/10.26180/14972601.v1
8584,https://openalex.org/W2051736899,https://doi.org/10.1093/beheco/3.3.243
8585,https://openalex.org/W4294730931,https://doi.org/10.1353/earl.2022.0024
8586,https://openalex.org/W2789845170,https://doi.org/10.1088/1742-6596/962/1/012032
8587,https://openalex.org/W3143173986,
8588,https://openalex.org/W2106362185,https://doi.org/10.1145/1283780.1283856
8589,https://openalex.org/W2345644935,https://doi.org/10.1186/s12969-016-0091-7
8590,https://openalex.org/W4396976782,https://doi.org/10.3389/fcvm.2024.1289663
8591,https://openalex.org/W2144460239,https://doi.org/10.1093/petrology/egs044
8592,https://openalex.org/W2124807832,https://doi.org/10.1111/j.1365-2354.2006.00708.x
8593,https://openalex.org/W2536613688,https://doi.org/10.18203/2320-1770.ijrcog20163848
8594,https://openalex.org/W593677427,https://doi.org/10.5860/choice.47-6528
8595,https://openalex.org/W3006105909,https://doi.org/10.1051/e3sconf/201912405086
8596,https://openalex.org/W3014264847,
8597,https://openalex.org/W2017086341,https://doi.org/10.1155/2014/152389
8598,https://openalex.org/W4200431789,https://doi.org/10.4038/sljfa.v7i1.91
8599,https://openalex.org/W2249495071,https://doi.org/10.1200/jco.2004.22.14_suppl.5100
8600,https://openalex.org/W3041312303,https://doi.org/10.1016/j.amc.2020.125499
8601,https://openalex.org/W1992937986,https://doi.org/10.4141/a06-029
8602,https://openalex.org/W2469264526,
8603,https://openalex.org/W4247538934,https://doi.org/10.4155/bio-2016-4986
8604,https://openalex.org/W1556338478,https://doi.org/10.4236/acs.2015.53020
8605,https://openalex.org/W2372016320,
8606,https://openalex.org/W2171955857,https://doi.org/10.1080/0141192810070106
8607,https://openalex.org/W4387665105,https://doi.org/10.1073/pnas.2304103120
8608,https://openalex.org/W2029986103,https://doi.org/10.1109/wcica.2012.6359439
8609,https://openalex.org/W2185017875,https://doi.org/10.1101/005173
8610,https://openalex.org/W4283797597,https://doi.org/10.30519/ahtr.1054259
8611,https://openalex.org/W2087425204,https://doi.org/10.1029/tr037i003p00320
8612,https://openalex.org/W2144982678,https://doi.org/10.1177/0143034315584696
8613,https://openalex.org/W2560187753,https://doi.org/10.1172/jci88648
8614,https://openalex.org/W4385242366,https://doi.org/10.33423/jhetp.v23i12.6245
8615,https://openalex.org/W2949546048,https://doi.org/10.3987/com-07-s(w)20
8616,https://openalex.org/W4283736963,https://doi.org/10.5547/01956574.44.4.sbar
8617,https://openalex.org/W4385625989,https://doi.org/10.1109/rast57548.2023.10197657
8618,https://openalex.org/W3014661283,https://doi.org/10.1101/2020.04.03.024778
8619,https://openalex.org/W2125251340,https://doi.org/10.1080/13676261.2012.663892
8620,https://openalex.org/W1761247443,
8621,https://openalex.org/W3125309575,https://doi.org/10.69554/byal9340
8622,https://openalex.org/W3214577679,https://doi.org/10.9734/jpri/2021/v33i48a33242
8623,https://openalex.org/W4386136021,https://doi.org/10.1108/ijpsm-01-2023-0027
8624,https://openalex.org/W4220790028,https://doi.org/10.1002/chem.202200335
8625,https://openalex.org/W2335144313,https://doi.org/10.1086/106782
8626,https://openalex.org/W4385653588,https://doi.org/10.21883/pss.2023.06.56103.10h
8627,https://openalex.org/W2993766772,https://doi.org/10.1109/icems.2019.8921549
8628,https://openalex.org/W1659791653,https://doi.org/10.1016/j.proeng.2015.08.185
8629,https://openalex.org/W3207625719,https://doi.org/10.3390/nano11102678
8630,https://openalex.org/W4293079358,https://doi.org/10.1080/15569543.2022.2080223
8631,https://openalex.org/W2008087249,https://doi.org/10.1177/002199838902300202
8632,https://openalex.org/W4252347737,https://doi.org/10.15242/dirpub.dir0417240
8633,https://openalex.org/W1994737772,https://doi.org/10.1021/nl101225f
8634,https://openalex.org/W2094977125,https://doi.org/10.1111/j.1464-410x.1982.tb13581.x
8635,https://openalex.org/W4250609699,https://doi.org/10.1111/j.1574-0862.1994.tb00291.x
8636,https://openalex.org/W2328040074,https://doi.org/10.1021/om200617q
8637,https://openalex.org/W2070104948,https://doi.org/10.4209/aaqr.2011.08.0133
8638,https://openalex.org/W2129171166,https://doi.org/10.1109/ijcnn.2012.6252632
8639,https://openalex.org/W4409505108,https://doi.org/10.1002/cpe.70082
8640,https://openalex.org/W2900009838,https://doi.org/10.1177/0011392118807529
8641,https://openalex.org/W4224922027,https://doi.org/10.20473/jfiki.v9i12022.32-38
8642,https://openalex.org/W4394936728,https://doi.org/10.21329/khrd.2024.19.1.1
8643,https://openalex.org/W8287846,
8644,https://openalex.org/W2310624910,https://doi.org/10.1017/neu.2015.38
8645,https://openalex.org/W2066063454,https://doi.org/10.1111/j.1467-8489.1982.tb00413.x
8646,https://openalex.org/W4213004114,https://doi.org/10.5194/cp-2022-15
8647,https://openalex.org/W1991728726,https://doi.org/10.1539/sangyoeisei.48.176
8648,https://openalex.org/W2436991673,https://doi.org/10.1080/22423982.2001.12112992
8649,https://openalex.org/W2906739009,https://doi.org/10.1002/gdj3.58
8650,https://openalex.org/W4223964910,https://doi.org/10.1186/s12933-022-01490-z
8651,https://openalex.org/W1514126791,https://doi.org/10.1109/cmpsac.2003.1245315
8652,https://openalex.org/W2938704617,https://doi.org/10.1016/s2214-109x(19)30070-1
8653,https://openalex.org/W4390610850,https://doi.org/10.3389/fncom.2023.1334436
8654,https://openalex.org/W2891300087,https://doi.org/10.1145/3242921.3242925
8655,https://openalex.org/W1979468200,https://doi.org/10.1108/02683949810214995
8656,https://openalex.org/W2041900305,https://doi.org/10.1590/s0004-282x2010000500009
8657,https://openalex.org/W2388495170,
8658,https://openalex.org/W3119040639,https://doi.org/10.1093/gigascience/giaa159
8659,https://openalex.org/W2903966656,https://doi.org/10.7555/jbr.31.20160107
8660,https://openalex.org/W4394727212,https://doi.org/10.1038/s41467-024-47208-5
8661,https://openalex.org/W1916075973,https://doi.org/10.15866/iree.v8i1.1675
8662,https://openalex.org/W4313701652,https://doi.org/10.5937/selsem2202022d
8663,https://openalex.org/W2093659172,https://doi.org/10.1080/09654310701529268
8664,https://openalex.org/W2081225664,https://doi.org/10.1016/s0014-5793(99)00927-8
8665,https://openalex.org/W1976210175,https://doi.org/10.1177/030802260406701102
8666,https://openalex.org/W2989532432,https://doi.org/10.1088/1742-6596/1363/1/012044
8667,https://openalex.org/W4301774830,
8668,https://openalex.org/W2109626891,https://doi.org/10.1109/6.241545
8669,https://openalex.org/W2509019627,https://doi.org/10.1109/iota.2016.7562691
8670,https://openalex.org/W183112952,https://doi.org/10.1080/00345377.1979.10615634
8671,https://openalex.org/W4406780879,
8672,https://openalex.org/W2735996293,https://doi.org/10.5465/ambpp.2016.13743abstract
8673,https://openalex.org/W2134541183,https://doi.org/10.17221/5578-vetmed
8674,https://openalex.org/W2765487194,https://doi.org/10.1364/jsap.2017.7a_a409_6
8675,https://openalex.org/W2887184336,https://doi.org/10.1093/jac/dky268
8676,https://openalex.org/W2014144456,https://doi.org/10.1080/09592310802462240
8677,https://openalex.org/W3042292699,https://doi.org/10.2991/assehr.k.200703.035
8678,https://openalex.org/W2986555836,https://doi.org/10.26226/morressier.57108e31d462b80290b4ab15
8679,https://openalex.org/W1945221235,https://doi.org/10.1109/iemc.2002.1038431
8680,https://openalex.org/W2322969056,https://doi.org/10.2307/409824
8681,https://openalex.org/W2613285584,https://doi.org/10.5281/zenodo.1130006
8682,https://openalex.org/W4224274112,https://doi.org/10.1021/acs.macromol.2c00137
8683,https://openalex.org/W2038848859,https://doi.org/10.1017/s0140525x00058659
8684,https://openalex.org/W2387516566,
8685,https://openalex.org/W2136501278,https://doi.org/10.1088/0951-7715/28/4/1135
8686,https://openalex.org/W2158145535,https://doi.org/10.1109/tns.2004.839130
8687,https://openalex.org/W1495124880,https://doi.org/10.1109/icpwc.2002.1177249
8688,https://openalex.org/W4401342195,https://doi.org/10.1051/e3sconf/202456002016
8689,https://openalex.org/W2027391457,https://doi.org/10.12968/hmed.2006.67.5.21063
8690,https://openalex.org/W1998461518,https://doi.org/10.1046/j.1365-2370.2003.00375.x
8691,https://openalex.org/W4400046578,https://doi.org/10.23977/autml.2024.050118
8692,https://openalex.org/W2063812553,https://doi.org/10.1021/ic702471d
8693,https://openalex.org/W2964935548,https://doi.org/10.1109/tmm.2019.2963592
8694,https://openalex.org/W1567107593,https://doi.org/10.1371/journal.pone.0132906
8695,https://openalex.org/W2810527551,https://doi.org/10.3390/genes9070336
8696,https://openalex.org/W4247957219,https://doi.org/10.1049/ip-f-1.1984.0076
8697,https://openalex.org/W2270797708,https://doi.org/10.1136/bmj.i646
8698,https://openalex.org/W4307412648,https://doi.org/10.1016/j.egyr.2022.10.300
8699,https://openalex.org/W181965620,
8700,https://openalex.org/W3024081841,https://doi.org/10.4103/ijcm.ijcm_237_18
8701,https://openalex.org/W2075113123,https://doi.org/10.1088/0004-637x/722/2/1864
8702,https://openalex.org/W2914163348,https://doi.org/10.1051/epjconf/201920001013
8703,https://openalex.org/W1602781582,https://doi.org/10.1111/j.1365-2567.2011.03489.x
8704,https://openalex.org/W2014687151,https://doi.org/10.1149/1.2100248
8705,https://openalex.org/W2052642928,https://doi.org/10.5858/arpa.2013-0254-cr
8706,https://openalex.org/W832332250,
8707,https://openalex.org/W2061295676,https://doi.org/10.4039/ent58287-12
8708,https://openalex.org/W3017030605,https://doi.org/10.1002/pro.3871
8709,https://openalex.org/W1806989782,
8710,https://openalex.org/W2413445280,
8711,https://openalex.org/W2744829586,https://doi.org/10.56105/cjsae.v20i2.1111
8712,https://openalex.org/W1555625329,
8713,https://openalex.org/W4387802106,https://doi.org/10.1109/igarss52108.2023.10283213
8714,https://openalex.org/W2338983877,
8715,https://openalex.org/W2797103067,https://doi.org/10.14366/usg.18004
8716,https://openalex.org/W2067129198,https://doi.org/10.1186/gb-2014-15-3-r52
8717,https://openalex.org/W4409634443,https://doi.org/10.3390/electronics14081687
8718,https://openalex.org/W2771274899,https://doi.org/10.1587/comex.2017xbl0167
8719,https://openalex.org/W3037076728,https://doi.org/10.1080/10298436.2020.1778695
8720,https://openalex.org/W2054397228,https://doi.org/10.1158/1538-7445.am2014-3199
8721,https://openalex.org/W2892362080,https://doi.org/10.1109/ssrr.2018.8468619
8722,https://openalex.org/W2339128839,
8723,https://openalex.org/W303090946,
8724,https://openalex.org/W2894453338,https://doi.org/10.1039/c8cp02412j
8725,https://openalex.org/W2983583158,https://doi.org/10.1093/geroni/igz038.1042
8726,https://openalex.org/W2011685567,https://doi.org/10.1063/1.94540
8727,https://openalex.org/W2007349133,https://doi.org/10.1074/jbc.m109.071027
8728,https://openalex.org/W2183713238,https://doi.org/10.13140/rg.2.2.22820.17284
8729,https://openalex.org/W2567730661,https://doi.org/10.1021/acs.cgd.6b01616
8730,https://openalex.org/W4389978629,https://doi.org/10.1111/sum.13005
8731,https://openalex.org/W962055637,
8732,https://openalex.org/W2079917317,https://doi.org/10.1126/science.175.4021.562
8733,https://openalex.org/W4389410542,https://doi.org/10.1111/pan.14814
8734,https://openalex.org/W2809541285,https://doi.org/10.26719/2018.24.4.345
8735,https://openalex.org/W2123003351,https://doi.org/10.1021/cen-v068n013.p009
8736,https://openalex.org/W2147603631,https://doi.org/10.22323/1.234.0205
8737,https://openalex.org/W1544786474,
8738,https://openalex.org/W2021778346,https://doi.org/10.4148/2334-4415.1216
8739,https://openalex.org/W2524555350,https://doi.org/10.3379/jmsjmag.20.237
8740,https://openalex.org/W2891480527,
8741,https://openalex.org/W2921557256,https://doi.org/10.1080/01635581.2019.1577982
8742,https://openalex.org/W2031952897,https://doi.org/10.1111/1467-999x.00067
8743,https://openalex.org/W2125726568,https://doi.org/10.1109/wsc.2001.977254
8744,https://openalex.org/W4395466819,https://doi.org/10.1002/slct.202400813
8745,https://openalex.org/W3159304892,https://doi.org/10.3390/w13091173
8746,https://openalex.org/W129515418,
8747,https://openalex.org/W2950574802,https://doi.org/10.1080/09243453.2019.1618349
8748,https://openalex.org/W4403485303,https://doi.org/10.3390/oral4040038
8749,https://openalex.org/W2089325985,https://doi.org/10.1039/c1cc12378e
8750,https://openalex.org/W4285170326,https://doi.org/10.1109/access.2022.3184710
8751,https://openalex.org/W2593267250,https://doi.org/10.1080/09718923.2014.11893300
8752,https://openalex.org/W1657421083,
8753,https://openalex.org/W4390613112,https://doi.org/10.24036/jlils.v3i2.55
8754,https://openalex.org/W2069212957,https://doi.org/10.1117/12.2039666
8755,https://openalex.org/W4210432560,https://doi.org/10.1080/15700763.2021.2022708
8756,https://openalex.org/W3140152940,
8757,https://openalex.org/W1969116153,https://doi.org/10.1021/jo01050a064
8758,https://openalex.org/W3030985342,https://doi.org/10.1186/s13765-020-00502-4
8759,https://openalex.org/W4210413960,https://doi.org/10.11604/pamj.2022.41.97.29629
8760,https://openalex.org/W2148978678,https://doi.org/10.1155/2008/486876
8761,https://openalex.org/W2806887555,https://doi.org/10.1109/isocc.2017.8368848
8762,https://openalex.org/W2001552109,https://doi.org/10.1134/s1063783411030322
8763,https://openalex.org/W2333727219,https://doi.org/10.1097/mej.0b013e32834fdcf3
8764,https://openalex.org/W1974942580,https://doi.org/10.1046/j.1440-1827.2001.01272.x
8765,https://openalex.org/W2052927438,https://doi.org/10.1248/bpb1978.14.435
8766,https://openalex.org/W4380886401,https://doi.org/10.1002/nafm.10901
8767,https://openalex.org/W2258018460,https://doi.org/10.1103/physrevb.93.121410
8768,https://openalex.org/W1934889993,https://doi.org/10.1093/nar/24.14.2666
8769,https://openalex.org/W3136832541,https://doi.org/10.1121/10.0003556
8770,https://openalex.org/W1974046234,https://doi.org/10.1021/ma901857s
8771,https://openalex.org/W2163237129,
8772,https://openalex.org/W4400985891,https://doi.org/10.1002/aoc.7647
8773,https://openalex.org/W2911106774,https://doi.org/10.1080/09654313.2018.1562655
8774,https://openalex.org/W2982134496,https://doi.org/10.1166/sam.2020.3607
8775,https://openalex.org/W4388450576,https://doi.org/10.36233/0507-4088-188
8776,https://openalex.org/W2057154454,https://doi.org/10.1080/000163502762667360
8777,https://openalex.org/W3162940179,
8778,https://openalex.org/W4386482058,https://doi.org/10.1177/09593535231195957
8779,https://openalex.org/W1975030791,https://doi.org/10.1371/journal.pone.0001061
8780,https://openalex.org/W3093575036,https://doi.org/10.1111/ejn.15017
8781,https://openalex.org/W2366618022,
8782,https://openalex.org/W3089736698,https://doi.org/10.1145/3404983.3405509
8783,https://openalex.org/W2093908142,https://doi.org/10.1177/104063879200400115
8784,https://openalex.org/W163593531,
8785,https://openalex.org/W1973724041,https://doi.org/10.1097/00005373-198609000-00004
8786,https://openalex.org/W2411918811,
8787,https://openalex.org/W2126151579,https://doi.org/10.1088/0022-3727/46/44/445004
8788,https://openalex.org/W2776276016,https://doi.org/10.1080/20477724.2017.1413505
8789,https://openalex.org/W4389141880,https://doi.org/10.1029/2023jd039549
8790,https://openalex.org/W3035969063,https://doi.org/10.18805/ijar.b-3958
8791,https://openalex.org/W2553764282,
8792,https://openalex.org/W2494270132,https://doi.org/10.1006/jtbi.1996.0076
8793,https://openalex.org/W2097732819,https://doi.org/10.25011/cim.v35i5.18698
8794,https://openalex.org/W1970376459,https://doi.org/10.1292/jvms.71.229
8795,https://openalex.org/W2736642706,https://doi.org/10.18520/cs/v111/i3/571-572
8796,https://openalex.org/W3084278316,https://doi.org/10.1016/j.pbi.2020.08.002
8797,https://openalex.org/W2139262011,https://doi.org/10.1002/cmdc.200500051
8798,https://openalex.org/W3159579574,https://doi.org/10.31014/aior.1993.04.02.238
8799,https://openalex.org/W2989208404,https://doi.org/10.1182/blood-2019-123779
8800,https://openalex.org/W4296467232,https://doi.org/10.12691/jfnr-10-9-3
8801,https://openalex.org/W2042850629,https://doi.org/10.1109/ccdc.2013.6561506
8802,https://openalex.org/W2036148244,https://doi.org/10.1364/jocn.7.00a403
8803,https://openalex.org/W2099648782,https://doi.org/10.1109/imtc.2003.1207891
8804,https://openalex.org/W1986694563,https://doi.org/10.1002/pol.1968.160060810
8805,https://openalex.org/W4402191058,https://doi.org/10.15804/ppsy202421
8806,https://openalex.org/W2049868365,https://doi.org/10.1063/1.1396624
8807,https://openalex.org/W2759941235,https://doi.org/10.1109/cluster.2017.111
8808,https://openalex.org/W2048528810,https://doi.org/10.1088/0950-7671/43/5/413
8809,https://openalex.org/W2037282115,https://doi.org/10.1109/tns.1971.4326347
8810,https://openalex.org/W1966312440,https://doi.org/10.1034/j.1399-3046.2002.01074.x
8811,https://openalex.org/W4409328890,https://doi.org/10.1016/j.exger.2025.112752
8812,https://openalex.org/W2171965827,https://doi.org/10.1109/20.281329
8813,https://openalex.org/W2039198310,https://doi.org/10.1021/ac60062a053
8814,https://openalex.org/W2091756810,https://doi.org/10.1177/0013124511409403
8815,https://openalex.org/W2033277972,https://doi.org/10.1186/1471-2407-9-149
8816,https://openalex.org/W1571765187,https://doi.org/10.5860/choice.47-4397
8817,https://openalex.org/W2963891607,
8818,https://openalex.org/W4308823750,https://doi.org/10.1109/iaeac54830.2022.9929672
8819,https://openalex.org/W2495840652,https://doi.org/10.1039/c6cc05916c
8820,https://openalex.org/W2531895526,https://doi.org/10.1080/10667857.2016.1242198
8821,https://openalex.org/W1869320174,https://doi.org/10.4049/jimmunol.166.3.1583
8822,https://openalex.org/W2409661141,https://doi.org/10.1080/01616412.1996.11740466
8823,https://openalex.org/W1986706930,https://doi.org/10.1136/sti.57.5.295
8824,https://openalex.org/W2800086920,https://doi.org/10.1063/1.5030528
8825,https://openalex.org/W2028992830,https://doi.org/10.1134/s1063783408070299
8826,https://openalex.org/W2125861013,https://doi.org/10.1017/s0007485300024810
8827,https://openalex.org/W2048923862,https://doi.org/10.1021/bi00675a017
8828,https://openalex.org/W2108309172,https://doi.org/10.1109/robot.1999.772441
8829,https://openalex.org/W4378363442,https://doi.org/10.1093/jxb/erad197
8830,https://openalex.org/W1504901602,https://doi.org/10.5860/choice.38-0300
8831,https://openalex.org/W3157398468,https://doi.org/10.31598/sintechjournal.v4i1.446
8832,https://openalex.org/W2134031146,https://doi.org/10.1136/jramc-2013-000001
8833,https://openalex.org/W4387110303,https://doi.org/10.32782/easterneurope.40-14
8834,https://openalex.org/W2109220450,https://doi.org/10.1210/jc.2008-2193
8835,https://openalex.org/W2979325495,https://doi.org/10.20944/preprints201910.0147.v1
8836,https://openalex.org/W4236522952,https://doi.org/10.1109/southeastcon44009.2020.9368281
8837,https://openalex.org/W3010699775,https://doi.org/10.1519/jsc.0000000000003475
8838,https://openalex.org/W2044683833,https://doi.org/10.1002/(sici)1098-2272(1997)14:6<779::aid-gepi36>3.0.co;2-l
8839,https://openalex.org/W2006437872,https://doi.org/10.1002/jmv.1027
8840,https://openalex.org/W4409957518,https://doi.org/10.24969/hvt.2025.555
8841,https://openalex.org/W2945212438,https://doi.org/10.1101/635888
8842,https://openalex.org/W3122760266,https://doi.org/10.1007/s10888-021-09497-4
8843,https://openalex.org/W2936614765,https://doi.org/10.1109/tpami.2020.2974833
8844,https://openalex.org/W4367679090,https://doi.org/10.2147/rmhp.s408608
8845,https://openalex.org/W2520455833,https://doi.org/10.2166/wst.1992.0351
8846,https://openalex.org/W2167208824,https://doi.org/10.1107/s1600536807014031
8847,https://openalex.org/W2035221656,https://doi.org/10.1371/journal.pone.0095668
8848,https://openalex.org/W2561737986,https://doi.org/10.1515/pac-2015-0607
8849,https://openalex.org/W4292936921,https://doi.org/10.2307/968421
8850,https://openalex.org/W1563828962,https://doi.org/10.1128/jb.91.5.1911-1916.1966
8851,https://openalex.org/W2969716279,https://doi.org/10.3390/f10080705
8852,https://openalex.org/W2126617902,https://doi.org/10.1113/jphysiol.1987.sp016397
8853,https://openalex.org/W4401489150,https://doi.org/10.12680/balneo.2024.684
8854,https://openalex.org/W4364860050,https://doi.org/10.1109/icetems56252.2022.10093684
8855,https://openalex.org/W2922587162,https://doi.org/10.1097/mpg.0000000000002332
8856,https://openalex.org/W4225274923,https://doi.org/10.54648/trad2022012
8857,https://openalex.org/W2810461128,https://doi.org/10.1134/s004060151807008x
8858,https://openalex.org/W2164913511,https://doi.org/10.1109/t-ed.1981.20491
8859,https://openalex.org/W2268373578,https://doi.org/10.1088/1009-0630/17/8/16
8860,https://openalex.org/W1984526913,https://doi.org/10.1017/s0954102094000155
8861,https://openalex.org/W2088049853,https://doi.org/10.1103/physrevlett.112.218001
8862,https://openalex.org/W2953762374,https://doi.org/10.5897/ijel2016.0915
8863,https://openalex.org/W2118471971,https://doi.org/10.1111/j.1521-0391.2010.00058.x
8864,https://openalex.org/W1991060162,https://doi.org/10.1586/14737167.2.2.129
8865,https://openalex.org/W4253417976,https://doi.org/10.2214/ajr.155.5.2120950
8866,https://openalex.org/W3211834944,https://doi.org/10.1017/s0007114521004438
8867,https://openalex.org/W2072229432,https://doi.org/10.2307/41165242
8868,https://openalex.org/W3217452170,https://doi.org/10.3390/en14238072
8869,https://openalex.org/W4390674160,https://doi.org/10.1063/5.0187498
8870,https://openalex.org/W4414145536,https://doi.org/10.1093/mnras/staf1478
8871,https://openalex.org/W3013614785,https://doi.org/10.37934/cfdl.12.3.6677
8872,https://openalex.org/W1933455520,https://doi.org/10.6092/issn.1828-5961/3391
8873,https://openalex.org/W2162416481,https://doi.org/10.1186/1471-2180-12-213
8874,https://openalex.org/W2133467338,https://doi.org/10.1093/humrep/dei396
8875,https://openalex.org/W2155348325,https://doi.org/10.1136/jmedgenet-2013-102122
8876,https://openalex.org/W2947869998,https://doi.org/10.1200/jco.2019.37.15_suppl.e12057
8877,https://openalex.org/W120436094,
8878,https://openalex.org/W1998998201,https://doi.org/10.1002/tera.1420030104
8879,https://openalex.org/W3189957197,https://doi.org/10.30872/diglosia.v4i3.181
8880,https://openalex.org/W2068732105,https://doi.org/10.1002/ijc.2910110307
8881,https://openalex.org/W1526946552,https://doi.org/10.4271/932884
8882,https://openalex.org/W2022523303,https://doi.org/10.1254/jjp.39.67
8883,https://openalex.org/W2079895789,https://doi.org/10.1063/1.477653
8884,https://openalex.org/W2491065282,https://doi.org/10.2307/1959626
8885,https://openalex.org/W2952835374,https://doi.org/10.1139/cjp-79-11-12-1339
8886,https://openalex.org/W2223283991,https://doi.org/10.4271/2010-01-2331
8887,https://openalex.org/W2057854831,https://doi.org/10.1080/0020739870180209
8888,https://openalex.org/W2946463447,https://doi.org/10.4103/jphi.jphi_7_19
8889,https://openalex.org/W2625698611,
8890,https://openalex.org/W3178402677,https://doi.org/10.1172/jci.insight.146364
8891,https://openalex.org/W1539931697,https://doi.org/10.1002/ejlt.201300387
8892,https://openalex.org/W2767081560,https://doi.org/10.1002/celc.201700734
8893,https://openalex.org/W2428143495,
8894,https://openalex.org/W2792609506,https://doi.org/10.1017/iop.2017.87
8895,https://openalex.org/W3030800507,https://doi.org/10.12788/jhm.3408
8896,https://openalex.org/W4384497863,https://doi.org/10.1080/00150193.2023.2201782
8897,https://openalex.org/W2560433971,https://doi.org/10.1039/c6dt04061f
8898,https://openalex.org/W2337310920,https://doi.org/10.1186/s12961-016-0098-z
8899,https://openalex.org/W3136078696,https://doi.org/10.21203/rs.3.rs-52158/v1
8900,https://openalex.org/W6931449070,https://doi.org/10.5281/zenodo.6913744
8901,https://openalex.org/W2980715569,https://doi.org/10.3390/languages4040078
8902,https://openalex.org/W1977571736,https://doi.org/10.1210/jcem-57-6-1093
8903,https://openalex.org/W2046435388,https://doi.org/10.1115/1.3187870
8904,https://openalex.org/W2056327472,https://doi.org/10.1029/2008ja013192
8905,https://openalex.org/W1931899681,https://doi.org/10.1093/oxfordjournals.jbchem.a132493
8906,https://openalex.org/W2350220739,
8907,https://openalex.org/W2378517235,
8908,https://openalex.org/W2065181505,https://doi.org/10.1046/j.1472-765x.1998.00087.x
8909,https://openalex.org/W4200144427,https://doi.org/10.1016/j.edurev.2021.100412
8910,https://openalex.org/W2168304686,https://doi.org/10.1177/0021909607074863
8911,https://openalex.org/W2435371447,
8912,https://openalex.org/W2062425582,https://doi.org/10.2174/092986712799945076
8913,https://openalex.org/W2012277646,https://doi.org/10.1111/1467-842x.00204
8914,https://openalex.org/W2058352113,https://doi.org/10.1021/jo00224a012
8915,https://openalex.org/W2207078989,
8916,https://openalex.org/W1978774629,https://doi.org/10.7771/1481-4374.1221
8917,https://openalex.org/W2369015334,
8918,https://openalex.org/W1991572034,https://doi.org/10.1111/j.1067-1927.2004.12408.x
8919,https://openalex.org/W3111854843,https://doi.org/10.1136/bcr-2020-236692
8920,https://openalex.org/W2589105065,https://doi.org/10.1109/ecce.2016.7855318
8921,https://openalex.org/W4246642955,https://doi.org/10.21203/rs.3.rs-836090/v1
8922,https://openalex.org/W4396229354,https://doi.org/10.7748/nm.2024.e2123
8923,https://openalex.org/W2498393341,https://doi.org/10.1093/publius/pjw020
8924,https://openalex.org/W2559228085,https://doi.org/10.1177/004051756303301102
8925,https://openalex.org/W4238861225,https://doi.org/10.1051/matecconf/20168202006
8926,https://openalex.org/W2074332969,https://doi.org/10.1177/154193129604000412
8927,https://openalex.org/W2020421565,https://doi.org/10.1109/icfda.2014.6967370
8928,https://openalex.org/W2088133013,https://doi.org/10.1039/c3an00659j
8929,https://openalex.org/W2059035831,https://doi.org/10.1063/1.868115
8930,https://openalex.org/W4408019935,https://doi.org/10.1080/14737175.2025.2470980
8931,https://openalex.org/W2084926738,https://doi.org/10.1063/1.1138332
8932,https://openalex.org/W2727337477,https://doi.org/10.1021/acs.oprd.7b00192
8933,https://openalex.org/W2912733343,https://doi.org/10.1373/clinchem.2018.299289
8934,https://openalex.org/W2085682587,https://doi.org/10.1364/ao.51.001304
8935,https://openalex.org/W2140141061,
8936,https://openalex.org/W2987394275,https://doi.org/10.1126/science.aaz1098
8937,https://openalex.org/W4403471502,https://doi.org/10.1200/jco-24-01887
8938,https://openalex.org/W3080904044,https://doi.org/10.1093/eurheartj/suaa112
8939,https://openalex.org/W4408881577,https://doi.org/10.3847/1538-4357/adb8cd
8940,https://openalex.org/W2057026231,https://doi.org/10.1080/0950083031000088104
8941,https://openalex.org/W2414324556,
8942,https://openalex.org/W2419102429,https://doi.org/10.1016/s0022-5347(17)49804-1
8943,https://openalex.org/W1426713279,
8944,https://openalex.org/W2139424874,https://doi.org/10.1002/pmic.200500603
8945,https://openalex.org/W2018075015,https://doi.org/10.1080/07357900600629559
8946,https://openalex.org/W2804448284,https://doi.org/10.1530/endoabs.56.p238
8947,https://openalex.org/W3059676031,https://doi.org/10.1109/tvt.2020.3016352
8948,https://openalex.org/W3198304581,https://doi.org/10.3390/medicina57090896
8949,https://openalex.org/W2170640432,https://doi.org/10.1111/j.1365-246x.2006.03262.x
8950,https://openalex.org/W2142210821,https://doi.org/10.1098/rspb.2008.1294
8951,https://openalex.org/W2020436675,https://doi.org/10.1080/10406029509383835
8952,https://openalex.org/W2750111010,https://doi.org/10.1016/j.egypro.2017.03.1896
8953,https://openalex.org/W4392265234,https://doi.org/10.1016/j.jjimei.2024.100221
8954,https://openalex.org/W2563184431,https://doi.org/10.18203/2349-2902.isj20164847
8955,https://openalex.org/W2137726234,https://doi.org/10.1002/jrs.2289
8956,https://openalex.org/W1862081109,https://doi.org/10.1093/oxfordjournals.afraf.a093288
8957,https://openalex.org/W2738639958,https://doi.org/10.25103/jestr.103.08
8958,https://openalex.org/W2727978990,https://doi.org/10.5301/ijao.5000623
8959,https://openalex.org/W2080897078,https://doi.org/10.1089/jir.1995.15.89
8960,https://openalex.org/W2137228369,https://doi.org/10.1105/tpc.112.240911
8961,https://openalex.org/W2135516870,https://doi.org/10.1081/txr-120004745
8962,https://openalex.org/W2075107239,https://doi.org/10.1046/j.1365-313x.2000.00705.x
8963,https://openalex.org/W2567978278,https://doi.org/10.4172/2155-9538.1000208
8964,https://openalex.org/W4404800066,https://doi.org/10.20944/preprints202411.2224.v1
8965,https://openalex.org/W4388942480,https://doi.org/10.2196/52662
8966,https://openalex.org/W3204603413,https://doi.org/10.1017/jlg.2021.5
8967,https://openalex.org/W2020711469,https://doi.org/10.1109/bec.2012.6376833
8968,https://openalex.org/W2292051392,
8969,https://openalex.org/W3216867216,https://doi.org/10.1161/circresaha.120.317976
8970,https://openalex.org/W150742080,
8971,https://openalex.org/W4297626023,https://doi.org/10.23880/artoa-16000112
8972,https://openalex.org/W2106460275,https://doi.org/10.1161/atvbaha.110.204404
8973,https://openalex.org/W2148790600,https://doi.org/10.1093/jjco/hyt055
8974,https://openalex.org/W2751732895,https://doi.org/10.5059/yukigoseikyokaishi.75.965
8975,https://openalex.org/W2096286203,https://doi.org/10.1108/13598540510624197
8976,https://openalex.org/W2211174434,https://doi.org/10.17093/aj.2015.3.2.5000142149
8977,https://openalex.org/W4210501491,https://doi.org/10.3390/app12031197
8978,https://openalex.org/W2013367827,https://doi.org/10.1088/0031-8949/2013/t158/014007
8979,https://openalex.org/W2144671503,https://doi.org/10.1109/acc.2009.5160179
8980,https://openalex.org/W2093494592,https://doi.org/10.1175/1520-0450(1970)009<0588:wdaitl>2.0.co;2
8981,https://openalex.org/W2023641100,https://doi.org/10.1063/1.1150594
8982,https://openalex.org/W2000051711,https://doi.org/10.1111/j.1464-410x.2008.08161.x
8983,https://openalex.org/W2018108871,https://doi.org/10.1080/10420940009380145
8984,https://openalex.org/W2407826112,
8985,https://openalex.org/W2160628797,https://doi.org/10.1017/s095382080700252x
8986,https://openalex.org/W2567940872,https://doi.org/10.1155/2017/9896849
8987,https://openalex.org/W1965504805,https://doi.org/10.1002/mds.23169
8988,https://openalex.org/W2974582502,https://doi.org/10.1117/1.oe.58.9.097108
8989,https://openalex.org/W2769636548,https://doi.org/10.4208/aamm.oa-2016-0170
8990,https://openalex.org/W29223301,https://doi.org/10.1016/j.anai.2017.10.028
8991,https://openalex.org/W2560886637,https://doi.org/10.1080/00128775.1986.11648358
8992,https://openalex.org/W2772808186,https://doi.org/10.1109/jsen.2017.2781225
8993,https://openalex.org/W2105048796,
8994,https://openalex.org/W4388615739,https://doi.org/10.51817/jtln.v3i1.645
8995,https://openalex.org/W2100959516,https://doi.org/10.1142/s0129183194000039
8996,https://openalex.org/W4389544055,https://doi.org/10.32782/2226-0099.2023.133.33
8997,https://openalex.org/W2043427167,https://doi.org/10.1051/epjap:2008193
8998,https://openalex.org/W4383314431,https://doi.org/10.1021/acs.inorgchem.3c01770
8999,https://openalex.org/W1808273508,https://doi.org/10.3233/bme-130774
9000,https://openalex.org/W4402847275,https://doi.org/10.3389/fsrma.2024.1395724
9001,https://openalex.org/W2772195293,https://doi.org/10.1051/0004-6361/201732445
9002,https://openalex.org/W3091987805,https://doi.org/10.3389/fphy.2020.575824
9003,https://openalex.org/W2171215288,https://doi.org/10.1097/01.cad.0000224455.46824.b5
9004,https://openalex.org/W2029262697,https://doi.org/10.4028/www.scientific.net/amr.631-632.104
9005,https://openalex.org/W2395500176,https://doi.org/10.5455/jbh.20160520124218
9006,https://openalex.org/W2019762378,https://doi.org/10.2134/agronj1960.00021962005200030002x
9007,https://openalex.org/W4318333070,https://doi.org/10.1093/pnasnexus/pgad018
9008,https://openalex.org/W2327384847,https://doi.org/10.1017/s1047951113000048
9009,https://openalex.org/W2030313874,https://doi.org/10.1159/000225199
9010,https://openalex.org/W1997038395,https://doi.org/10.1136/jmg.25.11.789-a
9011,https://openalex.org/W4366685776,https://doi.org/10.1101/2023.04.19.537502
9012,https://openalex.org/W1982993029,https://doi.org/10.1046/j.1523-5378.2002.00053.x
9013,https://openalex.org/W4210273781,https://doi.org/10.1088/1755-1315/972/1/012066
9014,https://openalex.org/W2289457092,
9015,https://openalex.org/W1983858115,https://doi.org/10.1063/1.1698511
9016,https://openalex.org/W3174377758,https://doi.org/10.5871/jba/009.161
9017,https://openalex.org/W3134512668,https://doi.org/10.1007/s10854-021-05489-2
9018,https://openalex.org/W4406781535,https://doi.org/10.1177/02601060241309708
9019,https://openalex.org/W1584089014,
9020,https://openalex.org/W4319595498,https://doi.org/10.3390/math11040856
9021,https://openalex.org/W2501739551,https://doi.org/10.5860/choice.194394
9022,https://openalex.org/W2023892928,https://doi.org/10.1084/jem.162.6.1970
9023,https://openalex.org/W2093036043,https://doi.org/10.1063/1.1900064
9024,https://openalex.org/W2793231057,https://doi.org/10.1093/fampra/cmx137
9025,https://openalex.org/W1247135439,https://doi.org/10.1117/12.2184975
9026,https://openalex.org/W2059824063,https://doi.org/10.1063/1.1735548
9027,https://openalex.org/W2770205371,https://doi.org/10.1021/acs.iecr.7b03837
9028,https://openalex.org/W4244394577,https://doi.org/10.1111/1467-8284.00293
9029,https://openalex.org/W4241344805,https://doi.org/10.1002/ange.201203057
9030,https://openalex.org/W1994097342,https://doi.org/10.3109/08977194.2012.745520
9031,https://openalex.org/W2201983818,https://doi.org/10.1042/bj2580067
9032,https://openalex.org/W4398181770,https://doi.org/10.37256/ccds.5220244470
9033,https://openalex.org/W1982457897,https://doi.org/10.1371/journal.pone.0029744
9034,https://openalex.org/W4292877276,https://doi.org/10.20895/infotel.v14i3.764
9035,https://openalex.org/W2612580175,
9036,https://openalex.org/W2049202299,https://doi.org/10.1210/endo.142.10.8443
9037,https://openalex.org/W2623501918,https://doi.org/10.1021/acs.langmuir.7b01270
9038,https://openalex.org/W2742958163,https://doi.org/10.33137/q.i..v8i2.10858
9039,https://openalex.org/W2902275919,https://doi.org/10.1242/jeb.153163
9040,https://openalex.org/W4250933400,https://doi.org/10.1002/bscb.19640730312
9041,https://openalex.org/W3046703339,https://doi.org/10.18860/elha.v7i3.10053
9042,https://openalex.org/W2314942888,https://doi.org/10.1080/09720529.2003.10697978
9043,https://openalex.org/W2999523651,
9044,https://openalex.org/W2000129520,https://doi.org/10.1088/0953-8984/22/32/324103
9045,https://openalex.org/W2108943188,https://doi.org/10.1103/physrevb.69.014101
9046,https://openalex.org/W1977950696,https://doi.org/10.1108/eb001199
9047,https://openalex.org/W2121030540,https://doi.org/10.1128/iai.00679-06
9048,https://openalex.org/W4364296790,https://doi.org/10.1109/acp55869.2022.10088869
9049,https://openalex.org/W2787912815,
9050,https://openalex.org/W2623144810,
9051,https://openalex.org/W1593578404,https://doi.org/10.1016/s0021-9258(19)76486-2
9052,https://openalex.org/W2001969402,https://doi.org/10.1109/icecs.2009.5410921
9053,https://openalex.org/W3199330072,https://doi.org/10.1111/ejn.15469
9054,https://openalex.org/W2349029027,
9055,https://openalex.org/W2948782679,https://doi.org/10.1002/cjce.23530
9056,https://openalex.org/W4403970479,https://doi.org/10.1016/j.aej.2024.10.096
9057,https://openalex.org/W4389101932,https://doi.org/10.1109/sensors56945.2023.10324875
9058,https://openalex.org/W1553160035,https://doi.org/10.1109/prime.2015.7251334
9059,https://openalex.org/W3028671628,https://doi.org/10.1186/s12957-020-01872-1
9060,https://openalex.org/W2037638354,https://doi.org/10.1117/12.858596
9061,https://openalex.org/W4385690136,https://doi.org/10.1016/j.cpnec.2023.100200
9062,https://openalex.org/W4247602019,https://doi.org/10.1080/01425692.2010.500095
9063,https://openalex.org/W2521209242,https://doi.org/10.1177/2050312116670406
9064,https://openalex.org/W2990034748,https://doi.org/10.4324/9780203847435-12
9065,https://openalex.org/W4220872325,https://doi.org/10.36227/techrxiv.19367825
9066,https://openalex.org/W2411332413,
9067,https://openalex.org/W2414066939,https://doi.org/10.1093/oxfordjournals.aob.a086885
9068,https://openalex.org/W3046108609,https://doi.org/10.37087/jtb.v2i1.8
9069,https://openalex.org/W4210426770,https://doi.org/10.1667/rade-21-00178.1
9070,https://openalex.org/W2589387836,https://doi.org/10.1504/ijise.2017.10003475
9071,https://openalex.org/W2394338724,https://doi.org/10.6052/j.issn.1000-4750.2011.03.0175
9072,https://openalex.org/W3209521037,
9073,https://openalex.org/W2059360172,https://doi.org/10.1088/0022-3727/21/9/013
9074,https://openalex.org/W4402029769,https://doi.org/10.1149/1945-7111/ad75be
9075,https://openalex.org/W2792023854,https://doi.org/10.1109/mhs.2017.8305186
9076,https://openalex.org/W2100168350,https://doi.org/10.1142/s123016121250014x
9077,https://openalex.org/W2061761924,https://doi.org/10.5302/j.icros.2012.18.9.863
9078,https://openalex.org/W1995026590,https://doi.org/10.1186/1741-7007-8-81
9079,https://openalex.org/W3183383293,https://doi.org/10.25115/eea.v39i6.5297
9080,https://openalex.org/W4234282654,https://doi.org/10.1016/s1057-0810(96)90008-6
9081,https://openalex.org/W1822686062,
9082,https://openalex.org/W1518545040,
9083,https://openalex.org/W2796111100,https://doi.org/10.1093/jmammal/gyy015
9084,https://openalex.org/W2938764806,https://doi.org/10.1017/s1049023x19000207
9085,https://openalex.org/W3106969537,https://doi.org/10.1145/3423459.3430760
9086,https://openalex.org/W4410420423,https://doi.org/10.53894/ijirss.v8i3.7053
9087,https://openalex.org/W4236370607,https://doi.org/10.1088/0264-9381/16/12a/101
9088,https://openalex.org/W4285172643,https://doi.org/10.1109/access.2022.3186888
9089,https://openalex.org/W2561041013,
9090,https://openalex.org/W2112480821,https://doi.org/10.15376/biores.11.1.209-222
9091,https://openalex.org/W3216031607,https://doi.org/10.1111/jora.12608
9092,https://openalex.org/W2996735064,https://doi.org/10.1111/evo.13900
9093,https://openalex.org/W1924474537,https://doi.org/10.5178/lebs.2015.35
9094,https://openalex.org/W3026912947,https://doi.org/10.6026/97320630015845
9095,https://openalex.org/W2114971117,https://doi.org/10.1139/v92-202
9096,https://openalex.org/W2153891419,https://doi.org/10.1109/icais.2002.1048151
9097,https://openalex.org/W2980849170,https://doi.org/10.1080/00207454.2019.1681422
9098,https://openalex.org/W2081438702,https://doi.org/10.1029/2003eo430002
9099,https://openalex.org/W2005745077,https://doi.org/10.1016/j.pmrj.2011.02.022
9100,https://openalex.org/W2259275677,https://doi.org/10.3329/bjmed.v26i1.25660
9101,https://openalex.org/W2997971955,https://doi.org/10.1021/acs.inorgchem.9b02798
9102,https://openalex.org/W2777174586,https://doi.org/10.1587/elex.14.20171153
9103,https://openalex.org/W4368360756,https://doi.org/10.1007/s00268-023-07035-z
9104,https://openalex.org/W1489640077,https://doi.org/10.1034/j.1399-0004.2002.620412.x
9105,https://openalex.org/W4395467195,https://doi.org/10.1093/cid/ciae022
9106,https://openalex.org/W1946296659,https://doi.org/10.1109/isemc.2000.875575
9107,https://openalex.org/W4386424054,https://doi.org/10.1080/14498596.2023.2247689
9108,https://openalex.org/W4317506324,https://doi.org/10.1111/2041-210x.14047
9109,https://openalex.org/W2087960000,https://doi.org/10.2298/bah1404661t
9110,https://openalex.org/W2886391969,https://doi.org/10.1016/j.ajme.2018.07.004
9111,https://openalex.org/W1996880782,https://doi.org/10.1097/htr.0b013e3181dc78cd
9112,https://openalex.org/W2293019367,https://doi.org/10.1287/mnsc.2015.2355
9113,https://openalex.org/W3180498673,https://doi.org/10.1111/jcpp.13484
9114,https://openalex.org/W2000924750,https://doi.org/10.1115/detc2005-84595
9115,https://openalex.org/W2349195625,
9116,https://openalex.org/W2884510582,https://doi.org/10.1021/acsomega.8b01280
9117,https://openalex.org/W2744096320,https://doi.org/10.1249/mss.0000000000001402
9118,https://openalex.org/W4387621440,https://doi.org/10.1080/0163660x.2023.2259255
9119,https://openalex.org/W1993958405,https://doi.org/10.1097/opx.0b013e3182279ff8
9120,https://openalex.org/W4254016602,https://doi.org/10.2307/2034845
9121,https://openalex.org/W2559288183,https://doi.org/10.1111/ijpp.12328
9122,https://openalex.org/W2350268937,
9123,https://openalex.org/W2039000396,https://doi.org/10.3892/ijo.2014.2506
9124,https://openalex.org/W2008320899,https://doi.org/10.1074/jbc.m411822200
9125,https://openalex.org/W4384120018,https://doi.org/10.1242/jcs.261001
9126,https://openalex.org/W2023260804,https://doi.org/10.1136/bmj.333.7572.813
9127,https://openalex.org/W1588582145,
9128,https://openalex.org/W1891539143,
9129,https://openalex.org/W1482493301,https://doi.org/10.1111/ijpo.271
9130,https://openalex.org/W1963628872,https://doi.org/10.1055/s-1992-22003
9131,https://openalex.org/W2556262614,https://doi.org/10.1109/stsiva.2016.7743357
9132,https://openalex.org/W2114604813,https://doi.org/10.1007/s00421-009-1236-x
9133,https://openalex.org/W4285118047,https://doi.org/10.1039/d2gc00467d
9134,https://openalex.org/W2099205585,https://doi.org/10.1111/j.1365-2591.2011.01965.x
9135,https://openalex.org/W2003845414,https://doi.org/10.1088/0034-4885/48/9/002
9136,https://openalex.org/W2766571016,https://doi.org/10.1002/sys.21409
9137,https://openalex.org/W2969093658,https://doi.org/10.33226/1231-7853.2019.4.2
9138,https://openalex.org/W6910447061,https://doi.org/10.4230/lipics.isaac.2022.26
9139,https://openalex.org/W1998078526,https://doi.org/10.1093/imamci/dnl024
9140,https://openalex.org/W2047093914,https://doi.org/10.18052/www.scipress.com/ilshs.19.18
9141,https://openalex.org/W2049577156,https://doi.org/10.2307/3461708
9142,https://openalex.org/W2231466112,https://doi.org/10.1080/23761199.2015.1119998
9143,https://openalex.org/W1983081960,https://doi.org/10.4028/www.scientific.net/amm.268-270.2026
9144,https://openalex.org/W4385564106,https://doi.org/10.1002/mc.23615
9145,https://openalex.org/W2161182326,https://doi.org/10.1034/j.1600-0412.2003.820108.x
9146,https://openalex.org/W2460441583,
9147,https://openalex.org/W2071539253,https://doi.org/10.1021/om000962e
9148,https://openalex.org/W2079815974,https://doi.org/10.1210/jcem-24-10-1072
9149,https://openalex.org/W2085790726,https://doi.org/10.1159/000314668
9150,https://openalex.org/W186078886,
9151,https://openalex.org/W3194986073,https://doi.org/10.1134/s0001433821040228
9152,https://openalex.org/W2083406338,https://doi.org/10.1006/iilr.1998.0082
9153,https://openalex.org/W2333506318,https://doi.org/10.2465/ganko1941.80.272
9154,https://openalex.org/W2215673570,
9155,https://openalex.org/W2316507284,https://doi.org/10.1097/01.tgr.0000311404.24426.45
9156,https://openalex.org/W4385984893,https://doi.org/10.5334/joc.310
9157,https://openalex.org/W1994132263,https://doi.org/10.7567/jjap.53.027301
9158,https://openalex.org/W4413316749,https://doi.org/10.1007/s42452-025-07118-7
9159,https://openalex.org/W2593959632,https://doi.org/10.4103/2249-4863.201147
9160,https://openalex.org/W2947350232,https://doi.org/10.1186/s13662-019-2154-9
9161,https://openalex.org/W170370541,
9162,https://openalex.org/W1557531934,https://doi.org/10.1111/ijn.12370
9163,https://openalex.org/W2090333032,https://doi.org/10.1080/03630242.2013.817504
9164,https://openalex.org/W2547725457,https://doi.org/10.1504/ijmef.2016.080082
9165,https://openalex.org/W2014817558,https://doi.org/10.2514/3.23622
9166,https://openalex.org/W2028396304,https://doi.org/10.1080/02841850410004238
9167,https://openalex.org/W1995628728,https://doi.org/10.2307/2274101
9168,https://openalex.org/W2776372337,https://doi.org/10.1186/s40623-017-0754-8
9169,https://openalex.org/W4306160433,https://doi.org/10.3389/fgwh.2022.969310
9170,https://openalex.org/W2561512163,
9171,https://openalex.org/W4391928150,https://doi.org/10.26907/2541-7746.2023.4.344-360
9172,https://openalex.org/W2065677252,https://doi.org/10.1021/bi00316a038
9173,https://openalex.org/W3014209092,https://doi.org/10.1109/map.2020.2969265
9174,https://openalex.org/W2042826746,https://doi.org/10.1021/ja001321d
9175,https://openalex.org/W2113763856,https://doi.org/10.1111/j.2042-7158.1990.tb14559.x
9176,https://openalex.org/W2910350531,https://doi.org/10.14311/tee.2018.4.079
9177,https://openalex.org/W4385840031,https://doi.org/10.1140/epjp/s13360-023-04332-3
9178,https://openalex.org/W2133397308,https://doi.org/10.1200/jco.2009.26.7575
9179,https://openalex.org/W3207504077,https://doi.org/10.21437/interspeech.2022-11144
9180,https://openalex.org/W2619762289,https://doi.org/10.18805/lr.v0i0.7849
9181,https://openalex.org/W4399752220,https://doi.org/10.1080/10168664.2024.2338221
9182,https://openalex.org/W1986949100,https://doi.org/10.1159/000284982
9183,https://openalex.org/W2410545484,
9184,https://openalex.org/W85169053,
9185,https://openalex.org/W1998502717,https://doi.org/10.1108/eb010730
9186,https://openalex.org/W2997291822,https://doi.org/10.18182/tjf.565999
9187,https://openalex.org/W2005513257,https://doi.org/10.1111/j.1440-1746.1998.tb01896.x
9188,https://openalex.org/W2991071200,https://doi.org/10.1017/s0140525x19000268
9189,https://openalex.org/W3048326705,https://doi.org/10.1080/23311908.2020.1803581
9190,https://openalex.org/W3014214166,https://doi.org/10.1071/an19049
9191,https://openalex.org/W3010186483,https://doi.org/10.1109/access.2020.2978314
9192,https://openalex.org/W2240378453,
9193,https://openalex.org/W1995731167,https://doi.org/10.1063/1.1840716
9194,https://openalex.org/W1987948295,https://doi.org/10.1017/s002572730006539x
9195,https://openalex.org/W2188261209,
9196,https://openalex.org/W2069341173,https://doi.org/10.2214/ajr.08.1544
9197,https://openalex.org/W2360123746,
9198,https://openalex.org/W1994621088,
9199,https://openalex.org/W2387527497,
9200,https://openalex.org/W2026355363,https://doi.org/10.1145/1871437.1871527
9201,https://openalex.org/W1987940604,https://doi.org/10.1021/ja00188a012
9202,https://openalex.org/W2182217623,
9203,https://openalex.org/W2101029630,https://doi.org/10.1002/(sici)1521-3765(19990604)5:6<1803::aid-chem1803>3.0.co;2-m
9204,https://openalex.org/W2097687894,https://doi.org/10.1080/19404476.2013.11462104
9205,https://openalex.org/W3049622116,
9206,https://openalex.org/W2999951658,
9207,https://openalex.org/W2322186785,https://doi.org/10.3995/jstroke.12.148
9208,https://openalex.org/W4285018264,https://doi.org/10.1039/d2ay00759b
9209,https://openalex.org/W1590233415,https://doi.org/10.4271/2001-01-3616
9210,https://openalex.org/W4238341707,https://doi.org/10.1103/physrev.146.614
9211,https://openalex.org/W2091265653,https://doi.org/10.1177/026666699000600307
9212,https://openalex.org/W2012280669,https://doi.org/10.1021/np000191j
9213,https://openalex.org/W2410747446,
9214,https://openalex.org/W4285988191,https://doi.org/10.17816/humeco105293
9215,https://openalex.org/W2010551910,https://doi.org/10.3340/jkns.2014.56.2.166
9216,https://openalex.org/W4388759819,https://doi.org/10.3390/plants12223882
9217,https://openalex.org/W2136328188,
9218,https://openalex.org/W4297945897,https://doi.org/10.1145/3503161.3547759
9219,https://openalex.org/W2093066573,https://doi.org/10.1109/psivt.2010.17
9220,https://openalex.org/W2049808986,https://doi.org/10.1136/hrt.56.3.272
9221,https://openalex.org/W1986634053,https://doi.org/10.1254/fpj.122.325
9222,https://openalex.org/W2112142318,https://doi.org/10.1177/135050689900600102
9223,https://openalex.org/W7075616441,
9224,https://openalex.org/W4409909446,https://doi.org/10.1186/s13634-025-01207-w
9225,https://openalex.org/W2463304099,https://doi.org/10.3389/fphar.2016.00161
9226,https://openalex.org/W4367050513,https://doi.org/10.1177/11297298231169468
9227,https://openalex.org/W147631711,
9228,https://openalex.org/W4301117291,https://doi.org/10.1097/00004703-198109000-00011
9229,https://openalex.org/W3083141533,https://doi.org/10.1111/aogs.13990
9230,https://openalex.org/W2624931294,https://doi.org/10.1136/bjophthalmol-2017-310564
9231,https://openalex.org/W4200513464,https://doi.org/10.1080/13651501.2021.2017461
9232,https://openalex.org/W2032612424,https://doi.org/10.1145/2339530.2339672
9233,https://openalex.org/W4398135214,https://doi.org/10.3390/cancers16101941
9234,https://openalex.org/W2989481559,https://doi.org/10.1097/00007890-197207000-00001
9235,https://openalex.org/W4296958659,https://doi.org/10.48550/arxiv.2209.11121
9236,https://openalex.org/W2054062594,https://doi.org/10.3109/08039488.2010.502244
9237,https://openalex.org/W2912494723,https://doi.org/10.15376/biores.14.1.1579-1590
9238,https://openalex.org/W4389394210,https://doi.org/10.61653/joast.v56i4.2004.829
9239,https://openalex.org/W2007172932,https://doi.org/10.1103/physreve.68.066617
9240,https://openalex.org/W3190573170,https://doi.org/10.3390/forensicsci1020009
9241,https://openalex.org/W1600387463,
9242,https://openalex.org/W2101854343,https://doi.org/10.1109/cec.2005.1555009
9243,https://openalex.org/W2404977117,https://doi.org/10.5555/uri:pii:s0022214317901325
9244,https://openalex.org/W747068007,
9245,https://openalex.org/W1966824288,https://doi.org/10.1145/346855.346860
9246,https://openalex.org/W2158528663,https://doi.org/10.1158/1541-7786.mcr-07-2113
9247,https://openalex.org/W2101124409,
9248,https://openalex.org/W4281614973,https://doi.org/10.2320/matertrans.m-m2022805
9249,https://openalex.org/W2786044390,https://doi.org/10.1109/r10-htc.2017.8288933
9250,https://openalex.org/W2897977812,https://doi.org/10.1021/acs.joc.8b02075
9251,https://openalex.org/W4362559500,https://doi.org/10.3390/ma16072861
9252,https://openalex.org/W4381322387,https://doi.org/10.1109/isctech58360.2022.00021
9253,https://openalex.org/W4388422982,https://doi.org/10.3390/ijms242116009
9254,https://openalex.org/W1889355838,https://doi.org/10.1080/00091383.2015.1053777
9255,https://openalex.org/W2022597892,https://doi.org/10.7566/jpsj.82.123711
9256,https://openalex.org/W3001942652,
9257,https://openalex.org/W2430883668,https://doi.org/10.1097/01.ede.0000289000.53643.ef
9258,https://openalex.org/W3046770517,https://doi.org/10.1109/asap49362.2020.00016
9259,https://openalex.org/W2166141020,https://doi.org/10.1091/mbc.e07-07-0730
9260,https://openalex.org/W2946108627,https://doi.org/10.1002/jae.2736
9261,https://openalex.org/W4365456659,https://doi.org/10.48550/arxiv.2304.05842
9262,https://openalex.org/W2140401938,https://doi.org/10.1088/0967-3334/23/1/308
9263,https://openalex.org/W2137889435,https://doi.org/10.1002/bjs.1800820315
9264,https://openalex.org/W2141640228,https://doi.org/10.1109/ultsym.2009.5441542
9265,https://openalex.org/W4406385579,https://doi.org/10.31219/osf.io/nd3c9
9266,https://openalex.org/W2137808716,https://doi.org/10.2217/fca.12.23
9267,https://openalex.org/W2557671959,https://doi.org/10.4043/27391-ms
9268,https://openalex.org/W2733261387,
9269,https://openalex.org/W2033625418,https://doi.org/10.1002/pbc.21371
9270,https://openalex.org/W3044167729,https://doi.org/10.1002/pbc.28605
9271,https://openalex.org/W2794846385,https://doi.org/10.21055/0370-1069-2015-1-26-29
9272,https://openalex.org/W4306787238,https://doi.org/10.1088/1755-1315/1096/1/012002
9273,https://openalex.org/W130694849,https://doi.org/10.1097/00029330-200808010-00008
9274,https://openalex.org/W2008332051,https://doi.org/10.1017/s1431927612011130
9275,https://openalex.org/W1504428396,https://doi.org/10.1126/science.273.5271.32
9276,https://openalex.org/W4309658082,https://doi.org/10.1001/jamanetworkopen.2022.43127
9277,https://openalex.org/W2170215265,https://doi.org/10.1109/csb.2002.1039327
9278,https://openalex.org/W2331041777,https://doi.org/10.1094/mpmi-5-096
9279,https://openalex.org/W2135627377,https://doi.org/10.1177/07399863930153007
9280,https://openalex.org/W2355061424,
9281,https://openalex.org/W2325360286,https://doi.org/10.2307/1564021
9282,https://openalex.org/W2996707798,https://doi.org/10.5151/proceedings-ecaadesigradi2019_183
9283,https://openalex.org/W1751896498,https://doi.org/10.1109/cdc.1997.657632
9284,https://openalex.org/W4390477797,
9285,https://openalex.org/W2121519443,https://doi.org/10.1515/gmj.2003.467
9286,https://openalex.org/W2185482943,
9287,https://openalex.org/W1986724886,https://doi.org/10.1093/oxfordjournals.molbev.a025804
9288,https://openalex.org/W2016898699,https://doi.org/10.1002/(sici)1521-4044(199801)49:1<52::aid-apol52>3.0.co;2-v
9289,https://openalex.org/W2409116620,
9290,https://openalex.org/W4313217175,https://doi.org/10.3347/kjp.2022.60.6.429
9291,https://openalex.org/W4239353111,https://doi.org/10.1016/s0306-3747(11)70021-5
9292,https://openalex.org/W1977794119,https://doi.org/10.1586/14789450.2014.878652
9293,https://openalex.org/W4317214812,https://doi.org/10.21203/rs.3.rs-2228573/v1
9294,https://openalex.org/W2162584941,https://doi.org/10.1111/j.1460-9592.2006.02077.x
9295,https://openalex.org/W2039364230,https://doi.org/10.5338/kjea.2011.30.2.125
9296,https://openalex.org/W2018108309,https://doi.org/10.1063/1.356932
9297,https://openalex.org/W1561997337,https://doi.org/10.3233/jad-2010-101110
9298,https://openalex.org/W2098785236,https://doi.org/10.1080/00397910600616651
9299,https://openalex.org/W2410748543,
9300,https://openalex.org/W2185669456,https://doi.org/10.18051/univmed.2014.v33.75-82
9301,https://openalex.org/W2729176183,
9302,https://openalex.org/W2247106778,https://doi.org/10.12691/tjant-4-1-2
9303,https://openalex.org/W2084459705,https://doi.org/10.1177/107769909407100420
9304,https://openalex.org/W1983315122,https://doi.org/10.1111/j.1471-4159.1982.tb04718.x
9305,https://openalex.org/W4200130796,https://doi.org/10.1111/jfpp.16265
9306,https://openalex.org/W2753875410,https://doi.org/10.22492/ije.5.2.10
9307,https://openalex.org/W2408343175,
9308,https://openalex.org/W1966835451,https://doi.org/10.1016/j.cca.2010.03.026
9309,https://openalex.org/W3215291852,https://doi.org/10.1149/10701.15439ecst
9310,https://openalex.org/W2153702647,
9311,https://openalex.org/W2790167067,https://doi.org/10.1371/journal.pone.0193099
9312,https://openalex.org/W1565662343,https://doi.org/10.1542/peds.91.5.873
9313,https://openalex.org/W1874620038,https://doi.org/10.1111/j.1539-6924.2010.01431.x
9314,https://openalex.org/W1979149633,https://doi.org/10.1142/s0218348x93000939
9315,https://openalex.org/W2112762036,https://doi.org/10.1086/444543
9316,https://openalex.org/W2320179805,https://doi.org/10.2307/2862
9317,https://openalex.org/W2315672371,https://doi.org/10.2208/journalhs1990.15.175
9318,https://openalex.org/W2112497117,https://doi.org/10.1093/tropej/fmi094
9319,https://openalex.org/W2159629049,https://doi.org/10.1080/02640410701579388
9320,https://openalex.org/W13097391,https://doi.org/10.1113/jphysiol.1953.sp004964
9321,https://openalex.org/W261393741,https://doi.org/10.5322/jes.2005.14.2.185
9322,https://openalex.org/W2030563101,https://doi.org/10.1103/physreve.76.041104
9323,https://openalex.org/W4221120177,https://doi.org/10.3390/ijgi11030174
9324,https://openalex.org/W2971911642,https://doi.org/10.1186/s12991-019-0242-6
9325,https://openalex.org/W2319754603,https://doi.org/10.5281/zenodo.5342361
9326,https://openalex.org/W2030973910,https://doi.org/10.1109/ihmsc.2013.259
9327,https://openalex.org/W60248926,https://doi.org/10.1080/00256307.1978.12022132
9328,https://openalex.org/W2083262346,https://doi.org/10.1097/01.brs.0000225974.92243.af
9329,https://openalex.org/W1972174686,https://doi.org/10.2118/127809-ms
9330,https://openalex.org/W431297667,
9331,https://openalex.org/W2333956592,https://doi.org/10.1021/ja00976a005
9332,https://openalex.org/W4376106615,https://doi.org/10.1088/1674-1056/acd3e2
9333,https://openalex.org/W2350706434,
9334,https://openalex.org/W2069687193,https://doi.org/10.1002/smi.2460080410
9335,https://openalex.org/W2334521367,https://doi.org/10.2307/1588920
9336,https://openalex.org/W3121988176,https://doi.org/10.1177/2378023120982435
9337,https://openalex.org/W2963045009,https://doi.org/10.3746/jkfn.2019.48.2.245
9338,https://openalex.org/W2996919841,https://doi.org/10.5194/bg-17-3797-2020
9339,https://openalex.org/W2768184838,https://doi.org/10.1109/tcsi.2017.2763457
9340,https://openalex.org/W2391073437,
9341,https://openalex.org/W2033787185,https://doi.org/10.1088/0026-1394/51/2/s5
9342,https://openalex.org/W2460715713,https://doi.org/10.1364/ome.5.002443
9343,https://openalex.org/W2154230750,https://doi.org/10.1002/prep.19870120105
9344,https://openalex.org/W1972879529,https://doi.org/10.1088/0022-3727/20/9/014
9345,https://openalex.org/W3123463442,https://doi.org/10.3102/01623737211006409
9346,https://openalex.org/W2017722252,https://doi.org/10.1007/s40320-013-0037-0
9347,https://openalex.org/W2470742397,
9348,https://openalex.org/W2606828011,https://doi.org/10.4294/zisin1948.33.3_369
9349,https://openalex.org/W3203401243,https://doi.org/10.1103/physrevb.104.l100305
9350,https://openalex.org/W2949160736,https://doi.org/10.5012/bkcs.2007.28.10.1831
9351,https://openalex.org/W4383723542,https://doi.org/10.21125/edulearn.2023.2156
9352,https://openalex.org/W1606971417,
9353,https://openalex.org/W4315574564,https://doi.org/10.3390/math11020366
9354,https://openalex.org/W4308427548,https://doi.org/10.1055/s-0042-1756466
9355,https://openalex.org/W4239786702,https://doi.org/10.1046/j.1360-0443.1997.9278478.x
9356,https://openalex.org/W2151206891,https://doi.org/10.1002/mrm.1910360516
9357,https://openalex.org/W2353667836,
9358,https://openalex.org/W2318474847,https://doi.org/10.1097/01720610-200909000-00006
9359,https://openalex.org/W2158203221,https://doi.org/10.1086/106248
9360,https://openalex.org/W4400218163,https://doi.org/10.1097/pas.0000000000002254
9361,https://openalex.org/W3008397134,https://doi.org/10.18461/ijfsd.v11i1.37
9362,https://openalex.org/W2622714540,
9363,https://openalex.org/W2901751423,https://doi.org/10.1186/s13036-018-0118-3
9364,https://openalex.org/W2791479625,https://doi.org/10.1002/nau.23539
9365,https://openalex.org/W1967865933,https://doi.org/10.1016/j.sbspro.2014.01.417
9366,https://openalex.org/W2332306631,https://doi.org/10.2466/pms.1999.88.2.701
9367,https://openalex.org/W2005621835,https://doi.org/10.1089/end.2011.0545
9368,https://openalex.org/W2335049544,https://doi.org/10.19045/bspab.2016.50041
9369,https://openalex.org/W4239264634,https://doi.org/10.1093/biomet/72.3.653
9370,https://openalex.org/W1595278320,https://doi.org/10.1108/whatt-03-2015-0007
9371,https://openalex.org/W2388028976,
9372,https://openalex.org/W2351915000,
9373,https://openalex.org/W3129056017,https://doi.org/10.1088/1757-899x/1064/1/012059
9374,https://openalex.org/W1467849246,
9375,https://openalex.org/W2994679102,https://doi.org/10.1109/iecon.2019.8927462
9376,https://openalex.org/W2418062782,https://doi.org/10.1145/2928275.2933272
9377,https://openalex.org/W1801973517,https://doi.org/10.1111/eci.12505
9378,https://openalex.org/W2381814085,
9379,https://openalex.org/W2378015913,https://doi.org/10.1016/j.ekir.2016.04.005
9380,https://openalex.org/W2413573746,https://doi.org/10.1093/ajh/6.9.750
9381,https://openalex.org/W2139576214,https://doi.org/10.46867/ijcp.2006.19.03.04
9382,https://openalex.org/W2100162786,https://doi.org/10.1111/j.1444-2906.2004.00872.x
9383,https://openalex.org/W4312389652,https://doi.org/10.1109/icicict54557.2022.9917816
9384,https://openalex.org/W4368342539,https://doi.org/10.1021/jasms.3c00077
9385,https://openalex.org/W4323812745,https://doi.org/10.1080/15287394.2023.2188896
9386,https://openalex.org/W4309533400,https://doi.org/10.1590/fst.100222
9387,https://openalex.org/W4213367027,https://doi.org/10.1021/acs.energyfuels.1c03349
9388,https://openalex.org/W1975813920,https://doi.org/10.1089/10915360152745858
9389,https://openalex.org/W4307885299,https://doi.org/10.1210/jendso/bvac167
9390,https://openalex.org/W1554467705,https://doi.org/10.1159/000430764
9391,https://openalex.org/W1547123155,
9392,https://openalex.org/W1925272190,https://doi.org/10.1111/jpc.12150
9393,https://openalex.org/W2117029337,https://doi.org/10.1177/009385487500200403
9394,https://openalex.org/W2182229355,https://doi.org/10.1080/09751270.2013.11885221
9395,https://openalex.org/W4310711266,https://doi.org/10.2196/40905
9396,https://openalex.org/W3113663030,https://doi.org/10.20998/2413-4295.2020.04.14
9397,https://openalex.org/W2950823266,https://doi.org/10.3987/com-91-5963
9398,https://openalex.org/W2348641048,
9399,https://openalex.org/W2072548824,https://doi.org/10.1109/icept.2013.6756608
9400,https://openalex.org/W3119407785,https://doi.org/10.1002/jha2.150
9401,https://openalex.org/W2005706413,https://doi.org/10.1175/1520-0450(1982)021<1907:rbpatt>2.0.co;2
9402,https://openalex.org/W2151311679,https://doi.org/10.1364/cleo.2009.cmbb6
9403,https://openalex.org/W2077805491,https://doi.org/10.1021/ja00247a023
9404,https://openalex.org/W3195731966,https://doi.org/10.1002/ueg2.12133
9405,https://openalex.org/W2087035480,https://doi.org/10.1134/1.1927618
9406,https://openalex.org/W2563140284,https://doi.org/10.18926/amo/54595
9407,https://openalex.org/W2036696261,https://doi.org/10.1158/0008-5472.can-07-0531
9408,https://openalex.org/W4230168807,https://doi.org/10.1128/aem.29.1.106-108.1975
9409,https://openalex.org/W1506850380,https://doi.org/10.1111/j.1432-1033.1982.tb06950.x
9410,https://openalex.org/W2183096358,https://doi.org/10.1242/dev.122.9.2761
9411,https://openalex.org/W1525679762,https://doi.org/10.11646/zootaxa.3175.1.4
9412,https://openalex.org/W1497358804,https://doi.org/10.1063/1.1527753
9413,https://openalex.org/W2807504294,https://doi.org/10.1038/npre.2010.5397
9414,https://openalex.org/W1972112405,https://doi.org/10.1103/physrevb.42.3981
9415,https://openalex.org/W2142437605,https://doi.org/10.1080/00268976400100431
9416,https://openalex.org/W2082409249,https://doi.org/10.1001/archopht.116.8.993
9417,https://openalex.org/W2792209449,https://doi.org/10.18203/2349-2902.isj20181132
9418,https://openalex.org/W2744643044,https://doi.org/10.1109/icsict.2016.7998649
9419,https://openalex.org/W3125116704,
9420,https://openalex.org/W2503736601,https://doi.org/10.1080/00202967.1996.11871118
9421,https://openalex.org/W2014098038,https://doi.org/10.1080/02568540209594996
9422,https://openalex.org/W3162128832,https://doi.org/10.2113/2021/6679756
9423,https://openalex.org/W2040626409,https://doi.org/10.1002/(sici)1097-4636(1999)48:3<315::aid-jbm16>3.0.co;2-x
9424,https://openalex.org/W2030117848,https://doi.org/10.1002/1521-3951(200005)219:1<181::aid-pssb181>3.0.co;2-x
9425,https://openalex.org/W2099009731,https://doi.org/10.1093/nar/gkt361
9426,https://openalex.org/W1997496600,https://doi.org/10.1289/ehp.7928281
9427,https://openalex.org/W2184488745,
9428,https://openalex.org/W4398220528,https://doi.org/10.1016/j.mtcata.2024.100052
9429,https://openalex.org/W3190450884,https://doi.org/10.3390/foods10081855
9430,https://openalex.org/W4386038396,https://doi.org/10.1109/lsens.2023.3307097
9431,https://openalex.org/W2131924543,https://doi.org/10.1109/te.2002.808240
9432,https://openalex.org/W4408526632,https://doi.org/10.46427/gold2024.23063
9433,https://openalex.org/W3192162647,https://doi.org/10.1109/iws52775.2021.9499555
9434,https://openalex.org/W1579523124,https://doi.org/10.6092/unibo/amsacta/1173
9435,https://openalex.org/W1965032099,https://doi.org/10.1093/cvr/26.4.347
9436,https://openalex.org/W2129986991,https://doi.org/10.1109/acssc.1993.342466
9437,https://openalex.org/W2118724479,https://doi.org/10.1007/s12564-010-9082-4
9438,https://openalex.org/W4241990695,https://doi.org/10.21271/zjpas.32.5.14
9439,https://openalex.org/W2040298637,https://doi.org/10.1109/tuffc.948
9440,https://openalex.org/W3041079915,https://doi.org/10.46534/jliv.2015.02.04.009
9441,https://openalex.org/W4401729312,https://doi.org/10.1097/mot.0000000000001162
9442,https://openalex.org/W1984936076,https://doi.org/10.1111/j.1365-2958.2008.06256.x
9443,https://openalex.org/W3128903262,https://doi.org/10.1021/acs.iecr.0c04368
9444,https://openalex.org/W2462286318,https://doi.org/10.1001/archsurg.1974.01350280011003
9445,https://openalex.org/W3142960106,
9446,https://openalex.org/W3179290839,https://doi.org/10.14367/kjhep.2021.38.2.85
9447,https://openalex.org/W4411949588,https://doi.org/10.1523/eneuro.0009-25.2025
9448,https://openalex.org/W4401933510,https://doi.org/10.26623/jprt.v17i2.4367
9449,https://openalex.org/W2102968159,https://doi.org/10.15252/embr.201540437
9450,https://openalex.org/W2913753057,
9451,https://openalex.org/W2184967093,https://doi.org/10.1093/oxfordjournals.aje.a116550
9452,https://openalex.org/W4400048118,https://doi.org/10.1088/1742-6596/2788/1/012037
9453,https://openalex.org/W4293105646,https://doi.org/10.1093/ntr/ntac206
9454,https://openalex.org/W3111180383,https://doi.org/10.1016/j.eswa.2020.114463
9455,https://openalex.org/W4200246989,https://doi.org/10.3390/ijerph182312760
9456,https://openalex.org/W3084177363,https://doi.org/10.1037/rel0000392
9457,https://openalex.org/W2982273976,https://doi.org/10.13345/j.cjb.160290
9458,https://openalex.org/W2528626440,https://doi.org/10.33012/2016.13165
9459,https://openalex.org/W2005487862,https://doi.org/10.1143/jjap.39.4088
9460,https://openalex.org/W4232096869,https://doi.org/10.1145/263580.263597
9461,https://openalex.org/W2414597090,
9462,https://openalex.org/W3183515536,https://doi.org/10.3390/s21155126
9463,https://openalex.org/W2063012462,https://doi.org/10.4304/jcp.8.3.818-825
9464,https://openalex.org/W3026090444,https://doi.org/10.1128/aem.00702-20
9465,https://openalex.org/W2092449048,https://doi.org/10.1002/(sici)1521-3889(199911)8:7/9<655::aid-andp655>3.0.co;2-j
9466,https://openalex.org/W3083428536,https://doi.org/10.1111/apt.15973
9467,https://openalex.org/W3085202928,https://doi.org/10.1080/13662716.2020.1818555
9468,https://openalex.org/W2090883286,https://doi.org/10.4000/jtei.788
9469,https://openalex.org/W2098356192,https://doi.org/10.1128/aem.02919-08
9470,https://openalex.org/W2408284286,https://doi.org/10.1109/mcse.2016.47
9471,https://openalex.org/W2154963795,https://doi.org/10.1086/421279
9472,https://openalex.org/W2061434151,https://doi.org/10.6109/jkiice.2013.17.10.2265
9473,https://openalex.org/W2757021900,https://doi.org/10.1177/0091415017730812
9474,https://openalex.org/W2900333821,https://doi.org/10.1111/jfpp.13771
9475,https://openalex.org/W2017502225,https://doi.org/10.1504/ijvd.1998.001834
9476,https://openalex.org/W2973205295,https://doi.org/10.5005/jp-journals-10063-0031
9477,https://openalex.org/W1954794642,https://doi.org/10.4028/www.scientific.net/amm.761.391
9478,https://openalex.org/W2161917415,https://doi.org/10.1017/s0068245400017640
9479,https://openalex.org/W2081214524,https://doi.org/10.1159/000328838
9480,https://openalex.org/W2031872972,https://doi.org/10.1073/pnas.93.21.11939
9481,https://openalex.org/W2116574778,https://doi.org/10.1093/bioinformatics/btp048
9482,https://openalex.org/W2179798187,https://doi.org/10.1175/1520-0434(2002)017<0354:ditmoc>2.0.co;2
9483,https://openalex.org/W2612044876,https://doi.org/10.1111/caje.12325
9484,https://openalex.org/W2442136527,https://doi.org/10.1055/s-0038-1636034
9485,https://openalex.org/W2119268695,https://doi.org/10.1113/jphysiol.2003.053637
9486,https://openalex.org/W2120138065,https://doi.org/10.4319/lo.1992.37.5.0966
9487,https://openalex.org/W2065806174,https://doi.org/10.1063/1.1425388
9488,https://openalex.org/W2395580916,
9489,https://openalex.org/W2007532369,https://doi.org/10.1029/1999gl010941
9490,https://openalex.org/W3211687710,https://doi.org/10.1115/imece2001/mems-23875
9491,https://openalex.org/W3152700053,https://doi.org/10.3390/ijms22083990
9492,https://openalex.org/W4409829878,https://doi.org/10.1002/ijfe.3170
9493,https://openalex.org/W6912811485,https://doi.org/10.5281/zenodo.5352691
9494,https://openalex.org/W2106373283,https://doi.org/10.1080/07060660809507552
9495,https://openalex.org/W2057280753,https://doi.org/10.1080/02646838.2011.635297
9496,https://openalex.org/W2144228609,https://doi.org/10.1109/ijcnn.2000.859466
9497,https://openalex.org/W2036894255,https://doi.org/10.3892/mmr.2011.548
9498,https://openalex.org/W4223414527,https://doi.org/10.3390/molecules27072362
9499,https://openalex.org/W2109325722,https://doi.org/10.1109/ests.2011.5770881
9500,https://openalex.org/W2401902952,
9501,https://openalex.org/W2069353545,https://doi.org/10.1080/01621459.1974.10480196
9502,https://openalex.org/W2058547747,https://doi.org/10.1093/pcp/pcp181
9503,https://openalex.org/W2412781213,
9504,https://openalex.org/W2175147680,https://doi.org/10.2983/0730-8000(2008)27[43:dbollr]2.0.co;2
9505,https://openalex.org/W33331005,https://doi.org/10.1177/000313481408001128
9506,https://openalex.org/W2332706427,https://doi.org/10.1021/cg500116f
9507,https://openalex.org/W4405204789,https://doi.org/10.1039/d4tb02265c
9508,https://openalex.org/W68102187,
9509,https://openalex.org/W23314814,https://doi.org/10.1093/jxb/ers370
9510,https://openalex.org/W2003787851,https://doi.org/10.1080/00359198509519487
9511,https://openalex.org/W2386627542,
9512,https://openalex.org/W4313042043,https://doi.org/10.56431/p-m654ru
9513,https://openalex.org/W2391113189,
9514,https://openalex.org/W2770629853,https://doi.org/10.1109/isef.2017.8090772
9515,https://openalex.org/W894343039,
9516,https://openalex.org/W2344364216,https://doi.org/10.1073/pnas.1604905113
9517,https://openalex.org/W4200538133,https://doi.org/10.1080/10916466.2021.2008968
9518,https://openalex.org/W3135964538,https://doi.org/10.1109/bigdata50022.2020.9378058
9519,https://openalex.org/W2168448215,https://doi.org/10.1002/nau.20035
9520,https://openalex.org/W2224960161,
9521,https://openalex.org/W3119078091,https://doi.org/10.1186/s12877-020-01952-7
9522,https://openalex.org/W4213164333,https://doi.org/10.3390/ani12040445
9523,https://openalex.org/W2036579512,https://doi.org/10.1063/1.345956
9524,https://openalex.org/W1986119944,https://doi.org/10.1068/a38403
9525,https://openalex.org/W2361555292,
9526,https://openalex.org/W2073873788,https://doi.org/10.1111/j.1365-2494.1959.tb01030.x
9527,https://openalex.org/W4386097690,https://doi.org/10.26434/chemrxiv-2023-9lvr2
9528,https://openalex.org/W4386639750,https://doi.org/10.1002/cepa.2377
9529,https://openalex.org/W1977854955,https://doi.org/10.1593/neo.03247
9530,https://openalex.org/W2137440917,https://doi.org/10.1177/0149206310396376
9531,https://openalex.org/W4281783376,https://doi.org/10.1108/itp-06-2020-0384
9532,https://openalex.org/W2246013021,https://doi.org/10.15835/buasvmcn-agr:6599
9533,https://openalex.org/W1861588598,https://doi.org/10.7863/jum.2010.29.2.325
9534,https://openalex.org/W2090577561,https://doi.org/10.1021/jm9002654
9535,https://openalex.org/W3012045691,https://doi.org/10.1021/acssuschemeng.9b06145
9536,https://openalex.org/W2771502574,https://doi.org/10.24028/gzh.0203-3100.v39i6.2017.116366
9537,https://openalex.org/W4245636743,https://doi.org/10.35940/ijrte.b2249.078219
9538,https://openalex.org/W2161906796,https://doi.org/10.1128/jvi.01710-06
9539,https://openalex.org/W2126293985,https://doi.org/10.1111/j.1095-8339.1969.tb01958.x
9540,https://openalex.org/W4403597547,https://doi.org/10.1007/s11356-024-35330-2
9541,https://openalex.org/W2409487892,https://doi.org/10.1080/00034983.1995.11812951
9542,https://openalex.org/W2005116048,https://doi.org/10.1017/s0266467400010142
9543,https://openalex.org/W2070688947,https://doi.org/10.1080/10511970.2014.897280
9544,https://openalex.org/W2732485226,https://doi.org/10.1144/sp456.10
9545,https://openalex.org/W2955459581,https://doi.org/10.3390/e21070644
9546,https://openalex.org/W2955985648,https://doi.org/10.1080/02726351.2018.1520764
9547,https://openalex.org/W2072962347,https://doi.org/10.1063/1.4710327
9548,https://openalex.org/W2376936190,
9549,https://openalex.org/W2039991096,https://doi.org/10.1007/s11999-010-1416-3
9550,https://openalex.org/W2114855039,https://doi.org/10.7556/jaoa.2015.048
9551,https://openalex.org/W2770139601,https://doi.org/10.1109/ultsym.2017.8091938
9552,https://openalex.org/W2804867951,https://doi.org/10.1088/1361-648x/aac7f5
9553,https://openalex.org/W182165715,
9554,https://openalex.org/W2508842507,https://doi.org/10.1111/jfpp.13049
9555,https://openalex.org/W2151494822,https://doi.org/10.1002/ijch.199300006
9556,https://openalex.org/W2063979038,https://doi.org/10.1002/chem.19960020711
9557,https://openalex.org/W2115407546,https://doi.org/10.1177/002234338802500108
9558,https://openalex.org/W4283709663,https://doi.org/10.21203/rs.3.rs-1728022/v1
9559,https://openalex.org/W2165201476,https://doi.org/10.1186/1029-242x-2014-16
9560,https://openalex.org/W1969011887,https://doi.org/10.1037/0278-7393.30.1.65
9561,https://openalex.org/W2067327031,https://doi.org/10.1039/c0em00267d
9562,https://openalex.org/W3204895260,https://doi.org/10.1109/nusod52207.2021.9541464
9563,https://openalex.org/W3162415595,https://doi.org/10.3389/fimmu.2021.677859
9564,https://openalex.org/W1491294316,
9565,https://openalex.org/W1997929270,https://doi.org/10.1021/nl801656w
9566,https://openalex.org/W1974492267,https://doi.org/10.1001/jama.1959.03010240001001
9567,https://openalex.org/W115559480,
9568,https://openalex.org/W4389248108,https://doi.org/10.1155/2023/8906971
9569,https://openalex.org/W3034445267,https://doi.org/10.1029/2019je006304
9570,https://openalex.org/W4302375241,https://doi.org/10.1093/jaoac/65.6.1517
9571,https://openalex.org/W2041820164,https://doi.org/10.1021/ma300993x
9572,https://openalex.org/W4406211532,https://doi.org/10.1016/j.carpta.2025.100661
9573,https://openalex.org/W4309007558,https://doi.org/10.3390/su142214982
9574,https://openalex.org/W2316532036,https://doi.org/10.1136/bcr-2014-204095
9575,https://openalex.org/W2621311249,https://doi.org/10.18260/1-2--21671
9576,https://openalex.org/W236037420,
9577,https://openalex.org/W4353089067,https://doi.org/10.1021/acs.iecr.2c04405
9578,https://openalex.org/W2977718002,https://doi.org/10.3171/2013.9.jns131337
9579,https://openalex.org/W2771253745,https://doi.org/10.3391/mbi.2018.9.1.07
9580,https://openalex.org/W2182779173,
9581,https://openalex.org/W4403966520,https://doi.org/10.1093/jbcr/irae199
9582,https://openalex.org/W1981362987,https://doi.org/10.2466/pr0.1972.30.3.949
9583,https://openalex.org/W2022432073,https://doi.org/10.1088/1742-6596/247/1/012044
9584,https://openalex.org/W4285104934,https://doi.org/10.1109/tpds.2022.3177291
9585,https://openalex.org/W3199586784,https://doi.org/10.1016/j.clineuro.2021.106947
9586,https://openalex.org/W1971680764,https://doi.org/10.1080/10587259908023737
9587,https://openalex.org/W2132644779,https://doi.org/10.1109/icmlc.2011.6016778
9588,https://openalex.org/W1998209631,https://doi.org/10.1111/j.1442-200x.1987.tb00340.x
9589,https://openalex.org/W2087882017,https://doi.org/10.1134/1.1356149
9590,https://openalex.org/W2153725721,
9591,https://openalex.org/W2596765938,https://doi.org/10.1109/tnsre.2017.2682298
9592,https://openalex.org/W2363245574,
9593,https://openalex.org/W2367819865,
9594,https://openalex.org/W871063290,
9595,https://openalex.org/W2217539372,
9596,https://openalex.org/W1983297552,https://doi.org/10.1177/0021943610369789
9597,https://openalex.org/W1990392066,https://doi.org/10.1071/ch9770487
9598,https://openalex.org/W4406398586,https://doi.org/10.3390/diagnostics15020189
9599,https://openalex.org/W2384010511,
9600,https://openalex.org/W2135577220,https://doi.org/10.1177/0192513x13497348
9601,https://openalex.org/W147101903,https://doi.org/10.1088/0022-3727/6/17/317
9602,https://openalex.org/W2623135331,https://doi.org/10.1177/2054270417698631
9603,https://openalex.org/W2886908892,https://doi.org/10.1115/1.4041048
9604,https://openalex.org/W2938515526,https://doi.org/10.1051/epjconf/201920502024
9605,https://openalex.org/W2896797451,https://doi.org/10.17509/ijal.v8i2.13279
9606,https://openalex.org/W2790016872,https://doi.org/10.3390/ijms19020424
9607,https://openalex.org/W2170635603,
9608,https://openalex.org/W2022943952,https://doi.org/10.1021/ic00090a031
9609,https://openalex.org/W2150499264,https://doi.org/10.1093/clinchem/42.5.744
9610,https://openalex.org/W2041621258,https://doi.org/10.1021/ja0733179
9611,https://openalex.org/W1508611147,
9612,https://openalex.org/W2167104189,https://doi.org/10.1242/dev.129.12.2947
9613,https://openalex.org/W266661785,
9614,https://openalex.org/W2093824999,https://doi.org/10.1075/nowele.67.1.01vaa
9615,https://openalex.org/W87565543,
9616,https://openalex.org/W1996901202,https://doi.org/10.1108/02610150810844956
9617,https://openalex.org/W2994355936,
9618,https://openalex.org/W2128600558,https://doi.org/10.1037/1040-3590.13.4.472
9619,https://openalex.org/W3209374444,
9620,https://openalex.org/W2267636083,
9621,https://openalex.org/W2034647785,https://doi.org/10.2340/16501977-1069
9622,https://openalex.org/W9578364,https://doi.org/10.1046/j.1365-201x.1998.0295e.x
9623,https://openalex.org/W2372920590,
9624,https://openalex.org/W1971889307,https://doi.org/10.1088/0264-9381/24/14/008
9625,https://openalex.org/W6911571455,https://doi.org/10.5281/zenodo.13413342
9626,https://openalex.org/W2372316747,
9627,https://openalex.org/W2031941842,https://doi.org/10.1109/pedg.2010.5545742
9628,https://openalex.org/W2091102082,https://doi.org/10.1117/12.669585
9629,https://openalex.org/W4362605870,https://doi.org/10.1109/icears56392.2023.10085056
9630,https://openalex.org/W2971016842,https://doi.org/10.1093/cid/ciz844
9631,https://openalex.org/W2118485232,https://doi.org/10.1109/apccas.2006.342312
9632,https://openalex.org/W4248678600,https://doi.org/10.3233/cbm-190736
9633,https://openalex.org/W2292258665,https://doi.org/10.1152/jn.2000.83.1.260
9634,https://openalex.org/W2941031840,https://doi.org/10.3390/cancers11070923
9635,https://openalex.org/W4200180728,https://doi.org/10.1109/icds53782.2021.9626761
9636,https://openalex.org/W1986946562,https://doi.org/10.1177/0009445513491526
9637,https://openalex.org/W4316926538,https://doi.org/10.1088/1361-6587/acb3f9
9638,https://openalex.org/W4311619486,https://doi.org/10.3389/fmed.2022.1067082
9639,https://openalex.org/W298932674,
9640,https://openalex.org/W4230131375,https://doi.org/10.18413/2313-8971-2017-3-4-29-36
9641,https://openalex.org/W2793507327,https://doi.org/10.1080/19386362.2018.1425179
9642,https://openalex.org/W2021253100,https://doi.org/10.1002/pssa.2211540103
9643,https://openalex.org/W4388904546,https://doi.org/10.1556/314.2023.00027
9644,https://openalex.org/W2084432492,https://doi.org/10.1111/j.1540-8175.2000.tb01167.x
9645,https://openalex.org/W2060511079,https://doi.org/10.1090/s0002-9947-1948-0023910-x
9646,https://openalex.org/W2098771533,https://doi.org/10.4271/972968
9647,https://openalex.org/W2974149857,
9648,https://openalex.org/W2297890264,https://doi.org/10.1177/1369433215625150
9649,https://openalex.org/W2163191782,https://doi.org/10.1070/sm2004v195n10abeh000854
9650,https://openalex.org/W6921877378,https://doi.org/10.1021/acsestwater.2c00661.s001
9651,https://openalex.org/W2605317719,https://doi.org/10.3389/fnhum.2017.00166
9652,https://openalex.org/W4242747262,https://doi.org/10.3168/jds.s0022-0302(63)89110-9
9653,https://openalex.org/W2901303337,https://doi.org/10.1088/1755-1315/194/2/022002
9654,https://openalex.org/W2357566911,
9655,https://openalex.org/W2996464901,https://doi.org/10.3390/en12244784
9656,https://openalex.org/W4244940535,https://doi.org/10.5194/amt-2020-502
9657,https://openalex.org/W4236262387,https://doi.org/10.1017/s0031182000041160
9658,https://openalex.org/W4231410172,https://doi.org/10.1179/030801897789765093
9659,https://openalex.org/W3122185265,https://doi.org/10.1093/omcr/omaa121
9660,https://openalex.org/W4285177522,https://doi.org/10.3144/expresspolymlett.2022.64
9661,https://openalex.org/W2379331953,
9662,https://openalex.org/W4404591900,https://doi.org/10.33774/coe-2024-s4fjz
9663,https://openalex.org/W3185562395,https://doi.org/10.3390/cancers13153710
9664,https://openalex.org/W159033617,
9665,https://openalex.org/W2125963316,
9666,https://openalex.org/W1994569301,https://doi.org/10.1371/journal.pone.0029056
9667,https://openalex.org/W2099854386,https://doi.org/10.1109/tmag.2009.2020560
9668,https://openalex.org/W2040505558,https://doi.org/10.1021/bi7013757
9669,https://openalex.org/W2899309979,https://doi.org/10.21276/ajmrr.2018.6.1.5
9670,https://openalex.org/W2039315492,https://doi.org/10.1180/minmag.1997.061.405.06
9671,https://openalex.org/W2037473618,https://doi.org/10.5021/ad.2015.27.2.194
9672,https://openalex.org/W2514335488,https://doi.org/10.1364/acoft.2016.jm6a.17
9673,https://openalex.org/W7033772035,
9674,https://openalex.org/W2329245292,https://doi.org/10.1042/bst0250031
9675,https://openalex.org/W3126439670,https://doi.org/10.1371/journal.pone.0245494
9676,https://openalex.org/W1999698959,https://doi.org/10.12968/ajmw.2011.5.3.135
9677,https://openalex.org/W3097575789,https://doi.org/10.2106/jbjs.oa.20.00034
9678,https://openalex.org/W4224943998,https://doi.org/10.1134/s0036029522020173
9679,https://openalex.org/W2807317590,https://doi.org/10.21926/obm.transplant.1802010
9680,https://openalex.org/W2020090391,https://doi.org/10.1364/ao.15.002394
9681,https://openalex.org/W2416326222,https://doi.org/10.4268/cjcmm20151629
9682,https://openalex.org/W3200940273,https://doi.org/10.1051/e3sconf/202130708001
9683,https://openalex.org/W1670258340,https://doi.org/10.4049/jimmunol.141.3.792
9684,https://openalex.org/W2085473722,https://doi.org/10.1080/15588742.2014.956968
9685,https://openalex.org/W4396239053,https://doi.org/10.3389/fcimb.2024.1385599
9686,https://openalex.org/W2040895371,https://doi.org/10.1002/art.21695
9687,https://openalex.org/W94342995,
9688,https://openalex.org/W4200286847,https://doi.org/10.1080/0907676x.2021.2014913
9689,https://openalex.org/W2020359278,https://doi.org/10.1002/j.2334-5837.1996.tb02000.x
9690,https://openalex.org/W203391937,
9691,https://openalex.org/W1912444978,https://doi.org/10.1638/1042-7260(2003)34[0053:acbpap]2.0.co;2
9692,https://openalex.org/W4310680780,https://doi.org/10.1142/s0219877023500153
9693,https://openalex.org/W3209489969,https://doi.org/10.4103/2452-2325.329065
9694,https://openalex.org/W2126392270,https://doi.org/10.1002/jmv.1890350411
9695,https://openalex.org/W4387460639,https://doi.org/10.1080/15376494.2023.2266437
9696,https://openalex.org/W2001971072,https://doi.org/10.1021/ie51392a038
9697,https://openalex.org/W4385482561,https://doi.org/10.1109/aim46323.2023.10196132
9698,https://openalex.org/W4387747422,https://doi.org/10.1016/j.htct.2023.09.098
9699,https://openalex.org/W2741566815,https://doi.org/10.1002/micr.30193
9700,https://openalex.org/W3040700516,https://doi.org/10.1071/sr19325
9701,https://openalex.org/W2074543410,https://doi.org/10.1159/000049411
9702,https://openalex.org/W2314227013,https://doi.org/10.1080/00107530.2011.10746442
9703,https://openalex.org/W4235948472,https://doi.org/10.30707/lib2.1lofaro
9704,https://openalex.org/W4210715654,https://doi.org/10.3390/app12031623
9705,https://openalex.org/W1965717716,https://doi.org/10.1002/chin.199622116
9706,https://openalex.org/W2036806075,https://doi.org/10.1093/nar/gkt569
9707,https://openalex.org/W2097788089,https://doi.org/10.2307/2274396
9708,https://openalex.org/W2981744554,https://doi.org/10.20310/1810-0201-2019-24-181-26-33
9709,https://openalex.org/W2089098100,https://doi.org/10.1145/508171.508184
9710,https://openalex.org/W1980804851,https://doi.org/10.2174/18715273113126660132
9711,https://openalex.org/W2030708207,https://doi.org/10.1175/2009jas3109.1
9712,https://openalex.org/W2013553437,https://doi.org/10.1021/jp307791z
9713,https://openalex.org/W2911522387,https://doi.org/10.1111/are.13987
9714,https://openalex.org/W1982295650,https://doi.org/10.3382/ps.0641388
9715,https://openalex.org/W2057678490,https://doi.org/10.1111/j.1582-4934.2011.01510.x
9716,https://openalex.org/W4214810744,https://doi.org/10.1117/12.2604796
9717,https://openalex.org/W2075717258,https://doi.org/10.1111/j.1432-1033.1993.tb18316.x
9718,https://openalex.org/W1967564459,https://doi.org/10.1097/eja.0b013e32831ac4a7
9719,https://openalex.org/W1867455305,https://doi.org/10.1177/009102609602500308
9720,https://openalex.org/W2006964744,https://doi.org/10.1080/03043790701520610
9721,https://openalex.org/W2341976572,
9722,https://openalex.org/W1997461229,https://doi.org/10.1117/12.671492
9723,https://openalex.org/W4404464122,https://doi.org/10.1027/1015-5759/a000859
9724,https://openalex.org/W2093832971,https://doi.org/10.1136/injuryprev-2012-040580b.1
9725,https://openalex.org/W2134223055,https://doi.org/10.1074/jbc.271.47.29583
9726,https://openalex.org/W2655100644,https://doi.org/10.1080/24748668.2015.11868835
9727,https://openalex.org/W2048552967,https://doi.org/10.5424/srf/200413s1-00867
9728,https://openalex.org/W3034582615,https://doi.org/10.17660/actahortic.2020.1281.79
9729,https://openalex.org/W2042095659,https://doi.org/10.1515/jgth-2014-0040
9730,https://openalex.org/W1991966354,https://doi.org/10.1002/(sici)1097-0347(200005)22:3<234::aid-hed5>3.0.co;2-3
9731,https://openalex.org/W2187096169,https://doi.org/10.33321/cdi.1999.23.36
9732,https://openalex.org/W1987080194,https://doi.org/10.1109/iccci.2012.6158913
9733,https://openalex.org/W2292795545,https://doi.org/10.1093/genetics/76.1.51
9734,https://openalex.org/W2183144263,https://doi.org/10.11646/phytotaxa.25.1.1
9735,https://openalex.org/W3193816517,https://doi.org/10.14341/osteo12698
9736,https://openalex.org/W2070246564,https://doi.org/10.1111/j.1467-9590.2008.00401.x
9737,https://openalex.org/W2084793562,https://doi.org/10.1002/1097-0142(19820401)49:7<1328::aid-cncr2820490703>3.0.co;2-4
9738,https://openalex.org/W2470518734,
9739,https://openalex.org/W2071893752,https://doi.org/10.1371/journal.pone.0086505
9740,https://openalex.org/W3001456162,https://doi.org/10.1017/bhj.2019.29
9741,https://openalex.org/W1586266395,
9742,https://openalex.org/W2997660519,https://doi.org/10.1539/eohp.2019-0012-oa
9743,https://openalex.org/W4404927218,https://doi.org/10.3389/fpls.2024.1505679
9744,https://openalex.org/W2185702328,https://doi.org/10.1149/2.f08041if
9745,https://openalex.org/W2013422437,https://doi.org/10.1117/12.204818
9746,https://openalex.org/W3019243288,https://doi.org/10.1042/bsr20192933
9747,https://openalex.org/W4307122243,https://doi.org/10.3390/app122010658
9748,https://openalex.org/W2905450617,https://doi.org/10.1088/1538-3873/aaecbe
9749,https://openalex.org/W2595689626,https://doi.org/10.26623/themessenger.v6i1.168
9750,https://openalex.org/W1974862501,https://doi.org/10.4103/0971-4065.98755
9751,https://openalex.org/W4387870971,https://doi.org/10.1109/icc45041.2023.10279619
9752,https://openalex.org/W3211005423,https://doi.org/10.1111/chso.12513
9753,https://openalex.org/W2003475962,https://doi.org/10.1111/j.1365-3148.1995.tb00231.x
9754,https://openalex.org/W2150497119,https://doi.org/10.5555/1218112.1218408
9755,https://openalex.org/W1838164920,https://doi.org/10.1128/mcb.4.5.862-866.1984
9756,https://openalex.org/W3034385956,https://doi.org/10.1037/vio0000303
9757,https://openalex.org/W2554182869,https://doi.org/10.1063/1.4967734
9758,https://openalex.org/W4367369264,https://doi.org/10.18203/2394-6040.ijcmph20231287
9759,https://openalex.org/W2924476382,https://doi.org/10.1186/s13662-019-2010-y
9760,https://openalex.org/W1594199849,
9761,https://openalex.org/W4379207024,https://doi.org/10.1038/s41467-023-38873-z
9762,https://openalex.org/W2952661409,https://doi.org/10.1021/om00039a014
9763,https://openalex.org/W2320480951,https://doi.org/10.1103/physrevb.86.180404
9764,https://openalex.org/W3113685821,https://doi.org/10.1007/s00418-020-01954-x
9765,https://openalex.org/W4200534574,https://doi.org/10.1101/2021.12.05.21267330
9766,https://openalex.org/W4395960772,https://doi.org/10.3390/biomimetics9050268
9767,https://openalex.org/W2155956180,https://doi.org/10.1210/me.2009-0132
9768,https://openalex.org/W2284874291,
9769,https://openalex.org/W1981411747,https://doi.org/10.1519/jsc.0b013e3182956432
9770,https://openalex.org/W3215394543,https://doi.org/10.1055/a-1710-7256
9771,https://openalex.org/W1995616744,https://doi.org/10.3109/10520298309066757
9772,https://openalex.org/W2162783365,https://doi.org/10.1017/s0034670500040079
9773,https://openalex.org/W2126153574,https://doi.org/10.5194/nhess-12-2821-2012
9774,https://openalex.org/W4391956402,https://doi.org/10.3390/rs16040711
9775,https://openalex.org/W2063646387,https://doi.org/10.1080/13527258.2011.541072
9776,https://openalex.org/W3108104786,https://doi.org/10.7554/elife.63737
9777,https://openalex.org/W3185032079,https://doi.org/10.7840/kics.2021.46.7.1199
9778,https://openalex.org/W1964514713,https://doi.org/10.1021/jf60190a047
9779,https://openalex.org/W2061876976,https://doi.org/10.1021/ic50016a001
9780,https://openalex.org/W2048422545,https://doi.org/10.1002/recl.19861051209
9781,https://openalex.org/W2055299637,https://doi.org/10.2320/matertrans1989.41.499
9782,https://openalex.org/W2620622719,
9783,https://openalex.org/W2320318607,https://doi.org/10.3949/ccjm.52.1.95
9784,https://openalex.org/W2074643257,https://doi.org/10.1063/1.3319511
9785,https://openalex.org/W2054791429,https://doi.org/10.1115/1.2047597
9786,https://openalex.org/W4205388580,https://doi.org/10.1109/access.2022.3144679
9787,https://openalex.org/W3135960158,https://doi.org/10.1088/1742-6596/1825/1/012102
9788,https://openalex.org/W2947737871,https://doi.org/10.1051/e3sconf/20199704004
9789,https://openalex.org/W2072230267,https://doi.org/10.1108/17506161111114644
9790,https://openalex.org/W4297799259,https://doi.org/10.1080/03088839.2022.2057609
9791,https://openalex.org/W2898402467,https://doi.org/10.1109/icastech.2018.8506774
9792,https://openalex.org/W55575608,https://doi.org/10.3354/esep005033
9793,https://openalex.org/W2958083567,https://doi.org/10.3390/molecules24142615
9794,https://openalex.org/W2321430686,https://doi.org/10.1097/ss.0b013e3182a4dac4
9795,https://openalex.org/W4402765373,https://doi.org/10.36602/ijeit.v5i2.306
9796,https://openalex.org/W2108713248,https://doi.org/10.1109/15.748136
9797,https://openalex.org/W2137255891,https://doi.org/10.1128/jvi.06366-11
9798,https://openalex.org/W4285376009,https://doi.org/10.33552/ctcse.2021.07.000673
9799,https://openalex.org/W4250172314,https://doi.org/10.21203/rs.2.23832/v1
9800,https://openalex.org/W2014119710,https://doi.org/10.1103/physreve.49.3940
9801,https://openalex.org/W2904534403,https://doi.org/10.5296/ijld.v8i4.13794
9802,https://openalex.org/W2130387795,https://doi.org/10.1109/inista.2011.5946130
9803,https://openalex.org/W3118320826,https://doi.org/10.14288/1.0395462
9804,https://openalex.org/W4283268603,https://doi.org/10.3390/bs12070200
9805,https://openalex.org/W1897715936,https://doi.org/10.1002/biot.201400749
9806,https://openalex.org/W2078133345,https://doi.org/10.1063/1.2813348
9807,https://openalex.org/W4408227720,https://doi.org/10.1063/5.0257296
9808,https://openalex.org/W1803096936,https://doi.org/10.3986/ac.v38i1.137
9809,https://openalex.org/W2886380008,https://doi.org/10.20944/preprints201808.0061.v1
9810,https://openalex.org/W4240074268,https://doi.org/10.1145/957052.957058
9811,https://openalex.org/W1979041922,https://doi.org/10.1055/s-0029-1215277
9812,https://openalex.org/W4240505640,https://doi.org/10.5089/9781498300438.002
9813,https://openalex.org/W2157935525,https://doi.org/10.1108/02644409610128391
9814,https://openalex.org/W993806645,https://doi.org/10.1364/ao.54.004863
9815,https://openalex.org/W2462616930,
9816,https://openalex.org/W2294144178,https://doi.org/10.1017/s0041977x15000981
9817,https://openalex.org/W2884515956,https://doi.org/10.1149/2.0151808jss
9818,https://openalex.org/W2923211670,https://doi.org/10.3389/fmats.2019.00044
9819,https://openalex.org/W2422358725,https://doi.org/10.1134/s0020441216020159
9820,https://openalex.org/W2253850203,https://doi.org/10.1103/physrevd.93.026010
9821,https://openalex.org/W2086767709,https://doi.org/10.1103/physreve.82.036324
9822,https://openalex.org/W4388852487,https://doi.org/10.1002/bsl.2638
9823,https://openalex.org/W1543447370,https://doi.org/10.1002/pon.3561
9824,https://openalex.org/W2610664596,https://doi.org/10.1017/s1743921317004549
9825,https://openalex.org/W2529415020,
9826,https://openalex.org/W2953094021,https://doi.org/10.1093/nar/gkz527
9827,https://openalex.org/W2394662505,
9828,https://openalex.org/W1980558584,https://doi.org/10.3109/09540261.2011.645025
9829,https://openalex.org/W4281647358,https://doi.org/10.3390/ijms23116333
9830,https://openalex.org/W4362576555,https://doi.org/10.1101/2023.04.02.534760
9831,https://openalex.org/W4303981328,https://doi.org/10.3390/molecules27196748
9832,https://openalex.org/W2731666722,https://doi.org/10.17645/si.v5i2.881
9833,https://openalex.org/W2009395589,https://doi.org/10.1001/jama.1984.03340480017012
9834,https://openalex.org/W2794389343,https://doi.org/10.1021/acsomega.7b01935
9835,https://openalex.org/W2072315270,https://doi.org/10.3167/gps.2010.280205
9836,https://openalex.org/W2781528138,https://doi.org/10.1177/1461444817750396
9837,https://openalex.org/W2058843590,https://doi.org/10.1074/jbc.m302140200
9838,https://openalex.org/W2159663654,https://doi.org/10.1111/j.1439-0264.1985.tb00832.x
9839,https://openalex.org/W1988438457,https://doi.org/10.1080/15257779508012549
9840,https://openalex.org/W2556457088,https://doi.org/10.3171/2016.8.spine16616
9841,https://openalex.org/W2078022821,https://doi.org/10.2320/matertrans.46.2637
9842,https://openalex.org/W4389321578,https://doi.org/10.1504/ejim.2024.135216
9843,https://openalex.org/W84022901,https://doi.org/10.54648/leie2007020
9844,https://openalex.org/W1789308639,
9845,https://openalex.org/W1757333166,https://doi.org/10.3389/fpubh.2015.00201
9846,https://openalex.org/W2118187431,https://doi.org/10.1111/j.1468-5973.2005.00470.x
9847,https://openalex.org/W4365452627,https://doi.org/10.1175/jas-d-22-0241.1
9848,https://openalex.org/W2901713694,https://doi.org/10.1080/19317611.2018.1523266
9849,https://openalex.org/W4226049334,https://doi.org/10.1021/acssuschemeng.1c07093
9850,https://openalex.org/W625096819,
9851,https://openalex.org/W4382363016,https://doi.org/10.1093/ijtj/ijad014
9852,https://openalex.org/W4200632893,https://doi.org/10.61186/psj.19.4.59
9853,https://openalex.org/W2791690834,https://doi.org/10.23919/panpacific.2018.8318989
9854,https://openalex.org/W2103235619,https://doi.org/10.1074/jbc.m512000200
9855,https://openalex.org/W2904864919,https://doi.org/10.21467/proceedings.4.39
9856,https://openalex.org/W2110245383,https://doi.org/10.1109/tmag.2011.2151271
9857,https://openalex.org/W2088522164,https://doi.org/10.1063/1.863776
9858,https://openalex.org/W3007408554,https://doi.org/10.1109/ssci44817.2019.9002708
9859,https://openalex.org/W2380433491,
9860,https://openalex.org/W2601883262,https://doi.org/10.1108/nfs-08-2016-0123
9861,https://openalex.org/W3095035575,https://doi.org/10.3727/105221620x16039045978676
9862,https://openalex.org/W2155238158,https://doi.org/10.1158/1078-0432.ccr-13-0260
9863,https://openalex.org/W4392806939,https://doi.org/10.1038/s41598-024-54445-7
9864,https://openalex.org/W1971603058,https://doi.org/10.9708/jksci.2011.16.2.141
9865,https://openalex.org/W2391451978,
9866,https://openalex.org/W2069078563,https://doi.org/10.1115/detc2011-48125
9867,https://openalex.org/W2221946280,https://doi.org/10.15587/1729-4061.2015.47732
9868,https://openalex.org/W4400201233,https://doi.org/10.1002/smll.202402104
9869,https://openalex.org/W2902892533,https://doi.org/10.7567/1347-4065/aaeb3d
9870,https://openalex.org/W4229545266,https://doi.org/10.14201/adcaij2016536371
9871,https://openalex.org/W4361002976,https://doi.org/10.3847/1538-4357/acbd3e
9872,https://openalex.org/W3167032925,
9873,https://openalex.org/W2117799331,https://doi.org/10.1177/0261927x04273036
9874,https://openalex.org/W2076393427,https://doi.org/10.1108/13552550510590563
9875,https://openalex.org/W2599962511,https://doi.org/10.1179/msi.2006.1.2.233
9876,https://openalex.org/W623109701,
9877,https://openalex.org/W2981535441,https://doi.org/10.1016/j.ijso.2019.10.003
9878,https://openalex.org/W3157259093,https://doi.org/10.1002/jrs.6125
9879,https://openalex.org/W2331587993,https://doi.org/10.2174/1573413711309020016
9880,https://openalex.org/W2037443617,https://doi.org/10.1126/science.346.6216.1441
9881,https://openalex.org/W2119424362,https://doi.org/10.2528/pierm08110501
9882,https://openalex.org/W1999124524,https://doi.org/10.1021/ja01630a068
9883,https://openalex.org/W1977035246,https://doi.org/10.1111/1475-4983.00068
9884,https://openalex.org/W1998019741,https://doi.org/10.1288/00005537-197906000-00008
9885,https://openalex.org/W4231177142,https://doi.org/10.1017/s0021900200033143
9886,https://openalex.org/W4236794525,https://doi.org/10.2307/2578902
9887,https://openalex.org/W2014141185,https://doi.org/10.1080/01495739008927040
9888,https://openalex.org/W4200441092,https://doi.org/10.1088/1742-6596/2090/1/012144
9889,https://openalex.org/W1973941593,https://doi.org/10.1103/physrevb.79.189901
9890,https://openalex.org/W2141763311,https://doi.org/10.1017/s146479310600710x
9891,https://openalex.org/W2029596390,https://doi.org/10.1111/j.1365-2966.2005.08802.x
9892,https://openalex.org/W2801263096,https://doi.org/10.4103/tcmj.tcmj_193_17
9893,https://openalex.org/W2026406545,https://doi.org/10.1142/9789814447140_0029
9894,https://openalex.org/W4291000399,https://doi.org/10.3390/jmse10081099
9895,https://openalex.org/W2522203858,https://doi.org/10.1145/2970930.2970945
9896,https://openalex.org/W3067737324,https://doi.org/10.1088/1755-1315/533/1/012041
9897,https://openalex.org/W3181529606,https://doi.org/10.1016/j.identj.2021.04.006
9898,https://openalex.org/W2014402640,https://doi.org/10.1364/oe.14.009502
9899,https://openalex.org/W2136031976,https://doi.org/10.1371/journal.pone.0007586
9900,https://openalex.org/W1990039927,https://doi.org/10.1109/ismvl.1994.302221
9901,https://openalex.org/W1986054530,https://doi.org/10.1117/1.jbo.19.3.036010
9902,https://openalex.org/W2966246658,https://doi.org/10.1109/icorr.2019.8779420
9903,https://openalex.org/W4220903678,https://doi.org/10.3389/frym.2022.684422
9904,https://openalex.org/W3000436561,https://doi.org/10.32718/ujvas2-2.04
9905,https://openalex.org/W2036817816,https://doi.org/10.1016/j.sbspro.2011.12.076
9906,https://openalex.org/W1945845110,https://doi.org/10.1071/ar01101
9907,https://openalex.org/W3200447825,https://doi.org/10.4314/gjass.v20i1.7
9908,https://openalex.org/W2943019498,https://doi.org/10.33012/2019.16776
9909,https://openalex.org/W2005161286,https://doi.org/10.3390/ijerph110909660
9910,https://openalex.org/W2141569492,https://doi.org/10.1109/cleo.2005.202065
9911,https://openalex.org/W2893047935,https://doi.org/10.2478/arsa-2018-0008
9912,https://openalex.org/W2800534760,https://doi.org/10.1177/0146621618762748
9913,https://openalex.org/W2060187765,https://doi.org/10.1145/1055626.1055631
9914,https://openalex.org/W137511364,
9915,https://openalex.org/W1989058760,https://doi.org/10.1364/josaa.9.000932
9916,https://openalex.org/W4238913094,https://doi.org/10.4314/afrrev.v11i1.5
9917,https://openalex.org/W1980536399,https://doi.org/10.1177/095632029901000302
9918,https://openalex.org/W2116023619,https://doi.org/10.1371/journal.pone.0035089
9919,https://openalex.org/W209651861,
9920,https://openalex.org/W2013763580,https://doi.org/10.1093/em/xxx.4.502
9921,https://openalex.org/W4403747562,https://doi.org/10.1111/opo.13410
9922,https://openalex.org/W2893622443,https://doi.org/10.5194/acp-2018-926
9923,https://openalex.org/W2795112482,https://doi.org/10.1117/12.2295726
9924,https://openalex.org/W2765650181,https://doi.org/10.1080/01612840.2017.1377327
9925,https://openalex.org/W2045842703,https://doi.org/10.1109/tasc.2011.2176304
9926,https://openalex.org/W2401877844,
9927,https://openalex.org/W2976214263,https://doi.org/10.1364/josaa.36.001801
9928,https://openalex.org/W2601051791,https://doi.org/10.21834/e-bpj.v2i5.709
9929,https://openalex.org/W2883354714,https://doi.org/10.1097/md.0000000000011112
9930,https://openalex.org/W1897203824,https://doi.org/10.1177/00220345940730111101
9931,https://openalex.org/W2348685538,
9932,https://openalex.org/W4388080525,https://doi.org/10.3390/brainsci13111538
9933,https://openalex.org/W4246052113,https://doi.org/10.1002/ange.201806332
9934,https://openalex.org/W4399086632,https://doi.org/10.3390/jox14020039
9935,https://openalex.org/W2086179615,https://doi.org/10.1021/ac00263a009
9936,https://openalex.org/W2947135486,https://doi.org/10.3390/ijgi8060257
9937,https://openalex.org/W2116616137,https://doi.org/10.1348/026151099165221
9938,https://openalex.org/W3153758539,https://doi.org/10.1021/acs.langmuir.1c00656
9939,https://openalex.org/W4391898459,https://doi.org/10.51594/ijmer.v6i2.796
9940,https://openalex.org/W2125073574,https://doi.org/10.4162/nrp.2012.6.3.213
9941,https://openalex.org/W2921228231,https://doi.org/10.14257/ijhit.2015.8.12.35
9942,https://openalex.org/W2140545282,https://doi.org/10.3103/s1062873809060136
9943,https://openalex.org/W4391310688,https://doi.org/10.1016/j.heliyon.2024.e25230
9944,https://openalex.org/W4200107011,https://doi.org/10.3390/su14010196
9945,https://openalex.org/W2791627603,https://doi.org/10.1080/17544750.2018.1452764
9946,https://openalex.org/W2015238842,https://doi.org/10.1136/bjo.79.2.182
9947,https://openalex.org/W4389905810,https://doi.org/10.17072/2073-6681-2023-1-103-112
9948,https://openalex.org/W2028834138,https://doi.org/10.1021/jo970113+
9949,https://openalex.org/W2097558149,https://doi.org/10.1111/j.0965-075x.2005.00296.x
9950,https://openalex.org/W2386257363,
9951,https://openalex.org/W2039037341,https://doi.org/10.1111/j.1476-5381.1972.tb09570.x
9952,https://openalex.org/W1976876729,https://doi.org/10.1088/0256-307x/19/10/330
9953,https://openalex.org/W2561500745,https://doi.org/10.15640/rcbr.v5n1a8
9954,https://openalex.org/W4225605589,https://doi.org/10.2991/assehr.k.220303.044
9955,https://openalex.org/W1578369303,
9956,https://openalex.org/W2892187012,https://doi.org/10.3103/s0967091218060062
9957,https://openalex.org/W1969623194,https://doi.org/10.1063/1.357433
9958,https://openalex.org/W2195439393,https://doi.org/10.14770/jgsk.2015.51.4.415
9959,https://openalex.org/W1577188396,https://doi.org/10.21776/ub.jitek.2013.008.01.4
9960,https://openalex.org/W2288265664,https://doi.org/10.1002/aic.15200
9961,https://openalex.org/W4237914343,https://doi.org/10.1080/mmy.41.2.115.124
9962,https://openalex.org/W2025021938,https://doi.org/10.1097/01.sla.0000124294.38610.95
9963,https://openalex.org/W4403828587,https://doi.org/10.3390/jcm13216466
9964,https://openalex.org/W2075009263,https://doi.org/10.1177/0091270002042012005
9965,https://openalex.org/W2893943260,https://doi.org/10.7897/2230-8407.098177
9966,https://openalex.org/W1968950287,https://doi.org/10.1002/jbmr.5650110505
9967,https://openalex.org/W2790179257,https://doi.org/10.1021/acs.est.7b06537
9968,https://openalex.org/W2592398190,https://doi.org/10.3233/ao-170175
9969,https://openalex.org/W2171782138,https://doi.org/10.1109/cloud.2012.13
9970,https://openalex.org/W4232746598,https://doi.org/10.1080/00401706.1989.10488596
9971,https://openalex.org/W2946799696,
9972,https://openalex.org/W4251477484,https://doi.org/10.1029/90eo00296
9973,https://openalex.org/W4214513473,https://doi.org/10.1109/cisai54367.2021.00210
9974,https://openalex.org/W4205497709,https://doi.org/10.14411/eje.2022.004
9975,https://openalex.org/W3201552334,https://doi.org/10.1051/e3sconf/202130401008
9976,https://openalex.org/W1972662196,https://doi.org/10.1080/15614263.2011.627746
9977,https://openalex.org/W2116327136,https://doi.org/10.1002/mds.22347
9978,https://openalex.org/W2761275455,https://doi.org/10.1097/bor.0000000000000459
9979,https://openalex.org/W2381174011,
9980,https://openalex.org/W2144091988,https://doi.org/10.1017/s0952836902000663
9981,https://openalex.org/W295791662,https://doi.org/10.5281/zenodo.15965974
9982,https://openalex.org/W1517954347,https://doi.org/10.1086/342007
9983,https://openalex.org/W2139203361,https://doi.org/10.1109/icuwb.2013.6663844
9984,https://openalex.org/W2129739173,https://doi.org/10.1184/r1/6584183.v1
9985,https://openalex.org/W2078388738,https://doi.org/10.1002/dc.2840060308
9986,https://openalex.org/W2032590469,https://doi.org/10.1016/s0015-1882(09)70156-9
9987,https://openalex.org/W1998288874,https://doi.org/10.1103/physrev.133.b1155
9988,https://openalex.org/W2361561338,
9989,https://openalex.org/W2184861241,
9990,https://openalex.org/W190853692,https://doi.org/10.5144/0256-4947.1997.307
9991,https://openalex.org/W4323314060,https://doi.org/10.3390/horticulturae9030333
9992,https://openalex.org/W4248834605,https://doi.org/10.1182/blood.v93.9.2849.409a12_2849_2858
9993,https://openalex.org/W2006429486,https://doi.org/10.2514/6.2004-5843
9994,https://openalex.org/W2328061255,https://doi.org/10.1021/ja01173a007
9995,https://openalex.org/W2052892721,https://doi.org/10.1253/jcj.51.642
9996,https://openalex.org/W1973032129,https://doi.org/10.1109/tmag.1979.1060457
9997,https://openalex.org/W2049388680,https://doi.org/10.1063/1.1139877
9998,https://openalex.org/W2020941263,https://doi.org/10.1109/icece.2014.7027005
9999,https://openalex.org/W2141986484,https://doi.org/10.1109/icdma.2010.34
